Workbook

Sheet 발주서정리
C4: 규격 가로 | D4: 규격 세로 | E4: 수량 | F4: 구조명
C5: 900 | D5: 800 | E5: 1 | F5: VT-01
C6: 900 | D6: 800 | E6: 1 | F6: VT-01
C7: 900 | D7: 800 | E7: 1 | F7: VT-01
C8: 900 | D8: 800 | E8: 1 | F8: VT-01
C9: 900 | D9: 800 | E9: 1 | F9: VT-01
C10: 900 | D10: 800 | E10: 1 | F10: VT-01
C11: 900 | D11: 800 | E11: 1 | F11: VT-01
C12: 900 | D12: 800 | E12: 1 | F12: VT-01
C13: 950 | D13: 750 | E13: 1 | F13: VT-01
C14: 950 | D14: 750 | E14: 1 | F14: VT-01
C15: 950 | D15: 750 | E15: 1 | F15: VT-01
C16: 950 | D16: 750 | E16: 1 | F16: VT-01
... C114: 1000 | D114: 550 | E114: 1 | F114: VA-064

Sheet 1. 소켓인수검사
A1: 구조체작업지시서 | D1: =R2 -> 26.04.24 그린산업_ 일우엠이씨_GS건설_아산탕정자이퍼스트시티 | R1: 현장명
R2: 26.04.24 그린산업_ 일우엠이씨_GS건설_아산탕정자이퍼스트시티
A6: No | B6: 구조 | C6: 규격 | E6: 분할구조 | F6: 재고여부 | G6: 설치위치 | I6: *VM 200(1000*1000)기준
C7: 가로 | D7: 세로
A9: 01 | B9: VA-064 | C9: 850 | D9: 550 | Q9: CA001
A10: 02 | B10: VA-064 | C10: 850 | D10: 550 | Q10: CA002
A11: 03 | B11: VA-064 | C11: 850 | D11: 550 | Q11: CA003
A12: 04 | B12: VA-064 | C12: 850 | D12: 550 | Q12: CA004
A13: 05 | B13: VA-064 | C13: 900 | D13: 550 | Q13: CA005
A14: 06 | B14: VA-064 | C14: 900 | D14: 550 | Q14: CA006
A15: 07 | B15: VA-064 | C15: 900 | D15: 550 | Q15: CA007
A16: 08 | B16: VA-064 | C16: 900 | D16: 550 | Q16: CA008
A17: 09 | B17: VA-064 | C17: 900 | D17: 550 | Q17: CA009
A18: 10 | B18: VA-064 | C18: 900 | D18: 550 | Q18: CA010
A19: 11 | B19: VA-064 | C19: 900 | D19: 550 | Q19: CA011
A20: 12 | B20: VA-064 | C20: 900 | D20: 550 | Q20: CA012
... A118: 110 | B118: VT-01 | C118: 1250 | D118: 800 | Q118: CA110

Sheet 2.재단(VM)작업
E1: 재단작업지시서(VM) | H1: ='1. 소켓인수검사'!R2 -> 26.04.24 그린산업_ 일우엠이씨_GS건설_아산탕정자이퍼스트시티
A5: No. | B5: 구조 | C5: 규격 | E5: 소켓 Lot | F5: 수량 | G5: 소켓내부용 | K5: 소켓외부용 | O5: 비고
C6: 가로 | D6: 세로 | G6: 가로 | I6: 세로 | K6: 상하 | M6: 좌우
G7: 규격 | H7: 수량(EA) | I7: 규격 | J7: 수량(EA) | K7: 규격 | L7: 수량 | M7: 규격 | N7: 수량
A8: ='1. 소켓인수검사'!A9 -> 01 | B8: VA-064 | C8: ='1. 소켓인수검사'!C9 -> 850 | D8: ='1. 소켓인수검사'!D9 -> 550 | F8: 1 | G8: =C8-5 -> 845 | H8: =F8*4 -> 4 | I8: =D8-30 -> 520 | J8: =F8*4 -> 4 | K8: =C8+60 -> 910 | L8: 2 | M8: =D8 -> 550 | N8: 2
A9: ='1. 소켓인수검사'!A10 -> 02 | B9: VA-064 | C9: ='1. 소켓인수검사'!C10 -> 850 | D9: ='1. 소켓인수검사'!D10 -> 550 | F9: 1 | G9: =C9-5 -> 845 | H9: =F9*4 -> 4 | I9: =D9-30 -> 520 | J9: =F9*4 -> 4 | K9: =C9+60 -> 910 | L9: 2 | M9: =D9 -> 550 | N9: 2
A10: ='1. 소켓인수검사'!A11 -> 03 | B10: VA-064 | C10: ='1. 소켓인수검사'!C11 -> 850 | D10: ='1. 소켓인수검사'!D11 -> 550 | F10: 1 | G10: =C10-5 -> 845 | H10: =F10*4 -> 4 | I10: =D10-30 -> 520 | J10: =F10*4 -> 4 | K10: =C10+60 -> 910 | L10: 2 | M10: =D10 -> 550 | N10: 2
A11: ='1. 소켓인수검사'!A12 -> 04 | B11: VA-064 | C11: ='1. 소켓인수검사'!C12 -> 850 | D11: ='1. 소켓인수검사'!D12 -> 550 | F11: 1 | G11: =C11-5 -> 845 | H11: =F11*4 -> 4 | I11: =D11-30 -> 520 | J11: =F11*4 -> 4 | K11: =C11+60 -> 910 | L11: 2 | M11: =D11 -> 550 | N11: 2
A12: ='1. 소켓인수검사'!A13 -> 05 | B12: VA-064 | C12: ='1. 소켓인수검사'!C13 -> 900 | D12: ='1. 소켓인수검사'!D13 -> 550 | F12: 1 | G12: =C12-5 -> 895 | H12: =F12*4 -> 4 | I12: =D12-30 -> 520 | J12: =F12*4 -> 4 | K12: =C12+60 -> 960 | L12: 2 | M12: =D12 -> 550 | N12: 2
A13: ='1. 소켓인수검사'!A14 -> 06 | B13: VA-064 | C13: ='1. 소켓인수검사'!C14 -> 900 | D13: ='1. 소켓인수검사'!D14 -> 550 | F13: 1 | G13: =C13-5 -> 895 | H13: =F13*4 -> 4 | I13: =D13-30 -> 520 | J13: =F13*4 -> 4 | K13: =C13+60 -> 960 | L13: 2 | M13: =D13 -> 550 | N13: 2
A14: ='1. 소켓인수검사'!A15 -> 07 | B14: VA-064 | C14: ='1. 소켓인수검사'!C15 -> 900 | D14: ='1. 소켓인수검사'!D15 -> 550 | F14: 1 | G14: =C14-5 -> 895 | H14: =F14*4 -> 4 | I14: =D14-30 -> 520 | J14: =F14*4 -> 4 | K14: =C14+60 -> 960 | L14: 2 | M14: =D14 -> 550 | N14: 2
A15: ='1. 소켓인수검사'!A16 -> 08 | B15: VA-064 | C15: ='1. 소켓인수검사'!C16 -> 900 | D15: ='1. 소켓인수검사'!D16 -> 550 | F15: 1 | G15: =C15-5 -> 895 | H15: =F15*4 -> 4 | I15: =D15-30 -> 520 | J15: =F15*4 -> 4 | K15: =C15+60 -> 960 | L15: 2 | M15: =D15 -> 550 | N15: 2
A16: ='1. 소켓인수검사'!A17 -> 09 | B16: VA-064 | C16: ='1. 소켓인수검사'!C17 -> 900 | D16: ='1. 소켓인수검사'!D17 -> 550 | F16: 1 | G16: =C16-5 -> 895 | H16: =F16*4 -> 4 | I16: =D16-30 -> 520 | J16: =F16*4 -> 4 | K16: =C16+60 -> 960 | L16: 2 | M16: =D16 -> 550 | N16: 2
A17: ='1. 소켓인수검사'!A18 -> 10 | B17: VA-064 | C17: ='1. 소켓인수검사'!C18 -> 900 | D17: ='1. 소켓인수검사'!D18 -> 550 | F17: 1 | G17: =C17-5 -> 895 | H17: =F17*4 -> 4 | I17: =D17-30 -> 520 | J17: =F17*4 -> 4 | K17: =C17+60 -> 960 | L17: 2 | M17: =D17 -> 550 | N17: 2
A18: ='1. 소켓인수검사'!A19 -> 11 | B18: VA-064 | C18: ='1. 소켓인수검사'!C19 -> 900 | D18: ='1. 소켓인수검사'!D19 -> 550 | F18: 1 | G18: =C18-5 -> 895 | H18: =F18*4 -> 4 | I18: =D18-30 -> 520 | J18: =F18*4 -> 4 | K18: =C18+60 -> 960 | L18: 2 | M18: =D18 -> 550 | N18: 2
A19: ='1. 소켓인수검사'!A20 -> 12 | B19: VA-064 | C19: ='1. 소켓인수검사'!C20 -> 900 | D19: ='1. 소켓인수검사'!D20 -> 550 | F19: 1 | G19: =C19-5 -> 895 | H19: =F19*4 -> 4 | I19: =D19-30 -> 520 | J19: =F19*4 -> 4 | K19: =C19+60 -> 960 | L19: 2 | M19: =D19 -> 550 | N19: 2
... A51: ='1. 소켓인수검사'!A52 -> 44 | B51: VA-064 | C51: ='1. 소켓인수검사'!C52 -> 1000 | D51: ='1. 소켓인수검사'!D52 -> 550 | F51: 1 | G51: =C51-5 -> 995 | H51: =F51*4 -> 4 | I51: =D51-30 -> 520 | J51: =F51*4 -> 4 | K51: =C51+60 -> 1060 | L51: 2 | M51: =D51 -> 550 | N51: 2
A53: 특이사항 및 조치사항

Sheet 2.1 재단작업(VT)
E1: 재단작업지시서 (VT) | H1: ='1. 소켓인수검사'!R2 -> 26.04.24 그린산업_ 일우엠이씨_GS건설_아산탕정자이퍼스트시티
A5: No. | B5: 구조 | C5: 규격 | E5: 소켓 Lot | F5: 수량 | G5: 소켓내부용 | K5: 소켓외부용 | O5: 비고
C6: 가로 | D6: 세로 | G6: 가로 | I6: 세로 | K6: 상하 | M6: 좌우
G7: 규격 | H7: 수량(EA) | I7: 규격 | J7: 수량(EA) | K7: 규격 | L7: 수량 | M7: 규격 | N7: 수량
A8: ='1. 소켓인수검사'!A53 -> 45 | B8: VT-01 | C8: ='1. 소켓인수검사'!C53 -> 900 | D8: ='1. 소켓인수검사'!D53 -> 800 | F8: 1 | G8: =(C8-30)/2-5 -> 430 | H8: =F8*8*2 -> 16 | I8: =(D8-20)/2-10 -> 380 | J8: =F8*16 -> 16 | K8: =C8+60 -> 960 | L8: 4 | M8: =D8 -> 800 | N8: 4
A9: ='1. 소켓인수검사'!A54 -> 46 | B9: VT-01 | C9: ='1. 소켓인수검사'!C54 -> 900 | D9: ='1. 소켓인수검사'!D54 -> 800 | F9: 1 | G9: =(C9-30)/2-5 -> 430 | H9: =F9*8*2 -> 16 | I9: =(D9-20)/2-10 -> 380 | J9: =F9*16 -> 16 | K9: =C9+60 -> 960 | L9: 4 | M9: =D9 -> 800 | N9: 4
A10: ='1. 소켓인수검사'!A55 -> 47 | B10: VT-01 | C10: ='1. 소켓인수검사'!C55 -> 900 | D10: ='1. 소켓인수검사'!D55 -> 800 | F10: 1 | G10: =(C10-30)/2-5 -> 430 | H10: =F10*8*2 -> 16 | I10: =(D10-20)/2-10 -> 380 | J10: =F10*16 -> 16 | K10: =C10+60 -> 960 | L10: 4 | M10: =D10 -> 800 | N10: 4
A11: ='1. 소켓인수검사'!A56 -> 48 | B11: VT-01 | C11: ='1. 소켓인수검사'!C56 -> 900 | D11: ='1. 소켓인수검사'!D56 -> 800 | F11: 1 | G11: =(C11-30)/2-5 -> 430 | H11: =F11*8*2 -> 16 | I11: =(D11-20)/2-10 -> 380 | J11: =F11*16 -> 16 | K11: =C11+60 -> 960 | L11: 4 | M11: =D11 -> 800 | N11: 4
A12: ='1. 소켓인수검사'!A57 -> 49 | B12: VT-01 | C12: ='1. 소켓인수검사'!C57 -> 900 | D12: ='1. 소켓인수검사'!D57 -> 800 | F12: 1 | G12: =(C12-30)/2-5 -> 430 | H12: =F12*8*2 -> 16 | I12: =(D12-20)/2-10 -> 380 | J12: =F12*16 -> 16 | K12: =C12+60 -> 960 | L12: 4 | M12: =D12 -> 800 | N12: 4
A13: ='1. 소켓인수검사'!A58 -> 50 | B13: VT-01 | C13: ='1. 소켓인수검사'!C58 -> 900 | D13: ='1. 소켓인수검사'!D58 -> 800 | F13: 1 | G13: =(C13-30)/2-5 -> 430 | H13: =F13*8*2 -> 16 | I13: =(D13-20)/2-10 -> 380 | J13: =F13*16 -> 16 | K13: =C13+60 -> 960 | L13: 4 | M13: =D13 -> 800 | N13: 4
A14: ='1. 소켓인수검사'!A59 -> 51 | B14: VT-01 | C14: ='1. 소켓인수검사'!C59 -> 900 | D14: ='1. 소켓인수검사'!D59 -> 800 | F14: 1 | G14: =(C14-30)/2-5 -> 430 | H14: =F14*8*2 -> 16 | I14: =(D14-20)/2-10 -> 380 | J14: =F14*16 -> 16 | K14: =C14+60 -> 960 | L14: 4 | M14: =D14 -> 800 | N14: 4
A15: ='1. 소켓인수검사'!A60 -> 52 | B15: VT-01 | C15: ='1. 소켓인수검사'!C60 -> 900 | D15: ='1. 소켓인수검사'!D60 -> 800 | F15: 1 | G15: =(C15-30)/2-5 -> 430 | H15: =F15*8*2 -> 16 | I15: =(D15-20)/2-10 -> 380 | J15: =F15*16 -> 16 | K15: =C15+60 -> 960 | L15: 4 | M15: =D15 -> 800 | N15: 4
A16: ='1. 소켓인수검사'!A61 -> 53 | B16: VT-01 | C16: ='1. 소켓인수검사'!C61 -> 950 | D16: ='1. 소켓인수검사'!D61 -> 750 | F16: 1 | G16: =(C16-30)/2-5 -> 455 | H16: =F16*8*2 -> 16 | I16: =(D16-20)/2-10 -> 355 | J16: =F16*16 -> 16 | K16: =C16+60 -> 1010 | L16: 4 | M16: =D16 -> 750 | N16: 4
A17: ='1. 소켓인수검사'!A62 -> 54 | B17: VT-01 | C17: ='1. 소켓인수검사'!C62 -> 950 | D17: ='1. 소켓인수검사'!D62 -> 750 | F17: 1 | G17: =(C17-30)/2-5 -> 455 | H17: =F17*8*2 -> 16 | I17: =(D17-20)/2-10 -> 355 | J17: =F17*16 -> 16 | K17: =C17+60 -> 1010 | L17: 4 | M17: =D17 -> 750 | N17: 4
A18: ='1. 소켓인수검사'!A63 -> 55 | B18: VT-01 | C18: ='1. 소켓인수검사'!C63 -> 950 | D18: ='1. 소켓인수검사'!D63 -> 750 | F18: 1 | G18: =(C18-30)/2-5 -> 455 | H18: =F18*8*2 -> 16 | I18: =(D18-20)/2-10 -> 355 | J18: =F18*16 -> 16 | K18: =C18+60 -> 1010 | L18: 4 | M18: =D18 -> 750 | N18: 4
A19: ='1. 소켓인수검사'!A64 -> 56 | B19: VT-01 | C19: ='1. 소켓인수검사'!C64 -> 950 | D19: ='1. 소켓인수검사'!D64 -> 750 | F19: 1 | G19: =(C19-30)/2-5 -> 455 | H19: =F19*8*2 -> 16 | I19: =(D19-20)/2-10 -> 355 | J19: =F19*16 -> 16 | K19: =C19+60 -> 1010 | L19: 4 | M19: =D19 -> 750 | N19: 4
... A73: ='1. 소켓인수검사'!A118 -> 110 | B73: VT-01 | C73: ='1. 소켓인수검사'!C118 -> 1250 | D73: ='1. 소켓인수검사'!D118 -> 800 | F73: 1 | G73: =(C73-30)/2-5 -> 605 | H73: =F73*8*2 -> 16 | I73: =(D73-20)/2-10 -> 380 | J73: =F73*16 -> 16 | K73: =C73+60 -> 1310 | L73: 4 | M73: =D73 -> 800 | N73: 4
H74: =SUM(H8:H73) -> 1056 | J74: =SUM(J8:J73) -> 1056 | L74: =SUM(L8:L73) -> 264 | N74: =SUM(N8:N73) -> 264
A76: 특이사항 및 조치사항

Sheet 차열재 재단(VM,VT)
E1: 재단작업지시서(VM) | G1: ='1. 소켓인수검사'!R2 -> 26.04.24 그린산업_ 일우엠이씨_GS건설_아산탕정자이퍼스트시티
A5: No. | B5: 구조 | C5: 규격 | E5: 소켓 Lot | F5: 수량 | G5: 소켓외부용 | K5: 비고
C6: 가로 | D6: 세로 | G6: 상하 | I6: 좌우
G7: 규격 | H7: 수량 | I7: 규격 | J7: 수량
A8: ='1. 소켓인수검사'!A9 -> 01 | B8: VA-064 | C8: ='1. 소켓인수검사'!C9 -> 850 | D8: ='1. 소켓인수검사'!D9 -> 550 | F8: 1 | G8: =C8+60 -> 910 | H8: 2 | I8: =D8 -> 550 | J8: 2
A9: ='1. 소켓인수검사'!A10 -> 02 | B9: VA-064 | C9: ='1. 소켓인수검사'!C10 -> 850 | D9: ='1. 소켓인수검사'!D10 -> 550 | F9: 1 | G9: =C9+60 -> 910 | H9: 2 | I9: =D9 -> 550 | J9: 2
A10: ='1. 소켓인수검사'!A11 -> 03 | B10: VA-064 | C10: ='1. 소켓인수검사'!C11 -> 850 | D10: ='1. 소켓인수검사'!D11 -> 550 | F10: 1 | G10: =C10+60 -> 910 | H10: 2 | I10: =D10 -> 550 | J10: 2
A11: ='1. 소켓인수검사'!A12 -> 04 | B11: VA-064 | C11: ='1. 소켓인수검사'!C12 -> 850 | D11: ='1. 소켓인수검사'!D12 -> 550 | F11: 1 | G11: =C11+60 -> 910 | H11: 2 | I11: =D11 -> 550 | J11: 2
A12: ='1. 소켓인수검사'!A13 -> 05 | B12: VA-064 | C12: ='1. 소켓인수검사'!C13 -> 900 | D12: ='1. 소켓인수검사'!D13 -> 550 | F12: 1 | G12: =C12+60 -> 960 | H12: 2 | I12: =D12 -> 550 | J12: 2
A13: ='1. 소켓인수검사'!A14 -> 06 | B13: VA-064 | C13: ='1. 소켓인수검사'!C14 -> 900 | D13: ='1. 소켓인수검사'!D14 -> 550 | F13: 1 | G13: =C13+60 -> 960 | H13: 2 | I13: =D13 -> 550 | J13: 2
A14: ='1. 소켓인수검사'!A15 -> 07 | B14: VA-064 | C14: ='1. 소켓인수검사'!C15 -> 900 | D14: ='1. 소켓인수검사'!D15 -> 550 | F14: 1 | G14: =C14+60 -> 960 | H14: 2 | I14: =D14 -> 550 | J14: 2
A15: ='1. 소켓인수검사'!A16 -> 08 | B15: VA-064 | C15: ='1. 소켓인수검사'!C16 -> 900 | D15: ='1. 소켓인수검사'!D16 -> 550 | F15: 1 | G15: =C15+60 -> 960 | H15: 2 | I15: =D15 -> 550 | J15: 2
A16: ='1. 소켓인수검사'!A17 -> 09 | B16: VA-064 | C16: ='1. 소켓인수검사'!C17 -> 900 | D16: ='1. 소켓인수검사'!D17 -> 550 | F16: 1 | G16: =C16+60 -> 960 | H16: 2 | I16: =D16 -> 550 | J16: 2
A17: ='1. 소켓인수검사'!A18 -> 10 | B17: VA-064 | C17: ='1. 소켓인수검사'!C18 -> 900 | D17: ='1. 소켓인수검사'!D18 -> 550 | F17: 1 | G17: =C17+60 -> 960 | H17: 2 | I17: =D17 -> 550 | J17: 2
A18: ='1. 소켓인수검사'!A19 -> 11 | B18: VA-064 | C18: ='1. 소켓인수검사'!C19 -> 900 | D18: ='1. 소켓인수검사'!D19 -> 550 | F18: 1 | G18: =C18+60 -> 960 | H18: 2 | I18: =D18 -> 550 | J18: 2
A19: ='1. 소켓인수검사'!A20 -> 12 | B19: VA-064 | C19: ='1. 소켓인수검사'!C20 -> 900 | D19: ='1. 소켓인수검사'!D20 -> 550 | F19: 1 | G19: =C19+60 -> 960 | H19: 2 | I19: =D19 -> 550 | J19: 2
... A117: ='1. 소켓인수검사'!A118 -> 110 | B117: VT-01 | C117: ='1. 소켓인수검사'!C118 -> 1250 | D117: ='1. 소켓인수검사'!D118 -> 800 | F117: 1 | G117: =C117+60 -> 1310 | H117: 2 | I117: =D117 -> 800 | J117: 2
A118: 특이사항 및 조치사항

Sheet 3. 1절곡(VM)
E1: 절 곡 생 산 일 지(VM)
A4: 설비번호
A5: 생산일자 | E5: 생산 시작 | H5: 작업자 | K5: 품명 | N5: ='1. 소켓인수검사'!R2 -> 26.04.24 그린산업_ 일우엠이씨_GS건설_아산탕정자이퍼스트시티
E6: 생산 종료
A8: No. | B8: 규격 | D8: 수량 (EA) | E8: 소켓 Lot | F8: 두께 | G8: 평철(mm) | P8: 비고
B9: 가로 | C9: 세로 | G9: 폭 | H9: 가로 | J9: 수량 확인 | K9: 세로 | O9: 수량 확인
H10: 규격 | I10: 수량(EA) | K10: 규격 | N10: 수량(EA)
A11: ='1. 소켓인수검사'!A9 -> 01 | B11: ='1. 소켓인수검사'!C9 -> 850 | C11: ='1. 소켓인수검사'!D9 -> 550 | D11: 1 | F11: 1.6 | H11: =B11-1 -> 849 | I11: =D11*4 -> 4 | K11: =C11-30 -> 520 | N11: =D11*4 -> 4
A12: ='1. 소켓인수검사'!A10 -> 02 | B12: ='1. 소켓인수검사'!C10 -> 850 | C12: ='1. 소켓인수검사'!D10 -> 550 | D12: 1 | F12: 1.6 | H12: =B12-1 -> 849 | I12: =D12*4 -> 4 | K12: =C12-30 -> 520 | N12: =D12*4 -> 4
A13: ='1. 소켓인수검사'!A11 -> 03 | B13: ='1. 소켓인수검사'!C11 -> 850 | C13: ='1. 소켓인수검사'!D11 -> 550 | D13: 1 | F13: 1.6 | H13: =B13-1 -> 849 | I13: =D13*4 -> 4 | K13: =C13-30 -> 520 | N13: =D13*4 -> 4
A14: ='1. 소켓인수검사'!A12 -> 04 | B14: ='1. 소켓인수검사'!C12 -> 850 | C14: ='1. 소켓인수검사'!D12 -> 550 | D14: 1 | F14: 1.6 | H14: =B14-1 -> 849 | I14: =D14*4 -> 4 | K14: =C14-30 -> 520 | N14: =D14*4 -> 4
A15: ='1. 소켓인수검사'!A13 -> 05 | B15: ='1. 소켓인수검사'!C13 -> 900 | C15: ='1. 소켓인수검사'!D13 -> 550 | D15: 1 | F15: 1.6 | H15: =B15-1 -> 899 | I15: =D15*4 -> 4 | K15: =C15-30 -> 520 | N15: =D15*4 -> 4
A16: ='1. 소켓인수검사'!A14 -> 06 | B16: ='1. 소켓인수검사'!C14 -> 900 | C16: ='1. 소켓인수검사'!D14 -> 550 | D16: 1 | F16: 1.6 | H16: =B16-1 -> 899 | I16: =D16*4 -> 4 | K16: =C16-30 -> 520 | N16: =D16*4 -> 4
A17: ='1. 소켓인수검사'!A15 -> 07 | B17: ='1. 소켓인수검사'!C15 -> 900 | C17: ='1. 소켓인수검사'!D15 -> 550 | D17: 1 | F17: 1.6 | H17: =B17-1 -> 899 | I17: =D17*4 -> 4 | K17: =C17-30 -> 520 | N17: =D17*4 -> 4
A18: ='1. 소켓인수검사'!A16 -> 08 | B18: ='1. 소켓인수검사'!C16 -> 900 | C18: ='1. 소켓인수검사'!D16 -> 550 | D18: 1 | F18: 1.6 | H18: =B18-1 -> 899 | I18: =D18*4 -> 4 | K18: =C18-30 -> 520 | N18: =D18*4 -> 4
A19: ='1. 소켓인수검사'!A17 -> 09 | B19: ='1. 소켓인수검사'!C17 -> 900 | C19: ='1. 소켓인수검사'!D17 -> 550 | D19: 1 | F19: 1.6 | H19: =B19-1 -> 899 | I19: =D19*4 -> 4 | K19: =C19-30 -> 520 | N19: =D19*4 -> 4
A20: ='1. 소켓인수검사'!A18 -> 10 | B20: ='1. 소켓인수검사'!C18 -> 900 | C20: ='1. 소켓인수검사'!D18 -> 550 | D20: 1 | F20: 1.6 | H20: =B20-1 -> 899 | I20: =D20*4 -> 4 | K20: =C20-30 -> 520 | N20: =D20*4 -> 4
A21: ='1. 소켓인수검사'!A19 -> 11 | B21: ='1. 소켓인수검사'!C19 -> 900 | C21: ='1. 소켓인수검사'!D19 -> 550 | D21: 1 | F21: 1.6 | H21: =B21-1 -> 899 | I21: =D21*4 -> 4 | K21: =C21-30 -> 520 | N21: =D21*4 -> 4
A22: ='1. 소켓인수검사'!A20 -> 12 | B22: ='1. 소켓인수검사'!C20 -> 900 | C22: ='1. 소켓인수검사'!D20 -> 550 | D22: 1 | F22: 1.6 | H22: =B22-1 -> 899 | I22: =D22*4 -> 4 | K22: =C22-30 -> 520 | N22: =D22*4 -> 4
... A54: ='1. 소켓인수검사'!A52 -> 44 | B54: ='1. 소켓인수검사'!C52 -> 1000 | C54: ='1. 소켓인수검사'!D52 -> 550 | D54: 1 | F54: 1.6 | H54: =B54-1 -> 999 | I54: =D54*4 -> 4 | K54: =C54-30 -> 520 | N54: =D54*4 -> 4
A56: 특이사항 및 조치사항

Sheet 3.2 절곡(VT)
E1: 절 곡 생 산 일 지(VT_브라켓)
A4: 설비번호
A5: 생산일자 | E5: 생산 시작 | H5: 작업자 | K5: 품명 | N5: ='1. 소켓인수검사'!R2 -> 26.04.24 그린산업_ 일우엠이씨_GS건설_아산탕정자이퍼스트시티
E6: 생산 종료
A8: No. | B8: 규격 | D8: 수량 (EA) | E8: 소켓 Lot | F8: 두께 | G8: 평철(mm) | P8: 비고
B9: 가로 | C9: 세로 | G9: 폭 | H9: 가로 | J9: 수량 확인 | K9: 세로 | O9: 수량 확인
H10: 규격 | I10: 수량(EA) | K10: 규격 | N10: 수량(EA)
A11: ='1. 소켓인수검사'!A53 -> 45 | B11: ='1. 소켓인수검사'!C53 -> 900 | C11: ='1. 소켓인수검사'!D53 -> 800 | D11: 1 | F11: 1.6 이상 | G11: 60mm | H11: =(B11-30)/2-1 -> 434 | I11: =D11*8*2 -> 16 | K11: =(C11-20)/2-10-1 -> 379 | N11: =D11*16*2 -> 32
A12: ='1. 소켓인수검사'!A54 -> 46 | B12: ='1. 소켓인수검사'!C54 -> 900 | C12: ='1. 소켓인수검사'!D54 -> 800 | D12: 1 | H12: =(B12-30)/2-1 -> 434 | I12: =D12*8*2 -> 16 | K12: =(C12-20)/2-10-1 -> 379 | N12: =D12*16*2 -> 32
A13: ='1. 소켓인수검사'!A55 -> 47 | B13: ='1. 소켓인수검사'!C55 -> 900 | C13: ='1. 소켓인수검사'!D55 -> 800 | D13: 1 | H13: =(B13-30)/2-1 -> 434 | I13: =D13*8*2 -> 16 | K13: =(C13-20)/2-10-1 -> 379 | N13: =D13*16*2 -> 32
A14: ='1. 소켓인수검사'!A56 -> 48 | B14: ='1. 소켓인수검사'!C56 -> 900 | C14: ='1. 소켓인수검사'!D56 -> 800 | D14: 1 | H14: =(B14-30)/2-1 -> 434 | I14: =D14*8*2 -> 16 | K14: =(C14-20)/2-10-1 -> 379 | N14: =D14*16*2 -> 32
A15: ='1. 소켓인수검사'!A57 -> 49 | B15: ='1. 소켓인수검사'!C57 -> 900 | C15: ='1. 소켓인수검사'!D57 -> 800 | D15: 1 | H15: =(B15-30)/2-1 -> 434 | I15: =D15*8*2 -> 16 | K15: =(C15-20)/2-10-1 -> 379 | N15: =D15*16*2 -> 32
A16: ='1. 소켓인수검사'!A58 -> 50 | B16: ='1. 소켓인수검사'!C58 -> 900 | C16: ='1. 소켓인수검사'!D58 -> 800 | D16: 1 | H16: =(B16-30)/2-1 -> 434 | I16: =D16*8*2 -> 16 | K16: =(C16-20)/2-10-1 -> 379 | N16: =D16*16*2 -> 32
A17: ='1. 소켓인수검사'!A59 -> 51 | B17: ='1. 소켓인수검사'!C59 -> 900 | C17: ='1. 소켓인수검사'!D59 -> 800 | D17: 1 | H17: =(B17-30)/2-1 -> 434 | I17: =D17*8*2 -> 16 | K17: =(C17-20)/2-10-1 -> 379 | N17: =D17*16*2 -> 32
A18: ='1. 소켓인수검사'!A60 -> 52 | B18: ='1. 소켓인수검사'!C60 -> 900 | C18: ='1. 소켓인수검사'!D60 -> 800 | D18: 1 | H18: =(B18-30)/2-1 -> 434 | I18: =D18*8*2 -> 16 | K18: =(C18-20)/2-10-1 -> 379 | N18: =D18*16*2 -> 32
A19: ='1. 소켓인수검사'!A61 -> 53 | B19: ='1. 소켓인수검사'!C61 -> 950 | C19: ='1. 소켓인수검사'!D61 -> 750 | D19: 1 | H19: =(B19-30)/2-1 -> 459 | I19: =D19*8*2 -> 16 | K19: =(C19-20)/2-10-1 -> 354 | N19: =D19*16*2 -> 32
A20: ='1. 소켓인수검사'!A62 -> 54 | B20: ='1. 소켓인수검사'!C62 -> 950 | C20: ='1. 소켓인수검사'!D62 -> 750 | D20: 1 | H20: =(B20-30)/2-1 -> 459 | I20: =D20*8*2 -> 16 | K20: =(C20-20)/2-10-1 -> 354 | N20: =D20*16*2 -> 32
A21: ='1. 소켓인수검사'!A63 -> 55 | B21: ='1. 소켓인수검사'!C63 -> 950 | C21: ='1. 소켓인수검사'!D63 -> 750 | D21: 1 | H21: =(B21-30)/2-1 -> 459 | I21: =D21*8*2 -> 16 | K21: =(C21-20)/2-10-1 -> 354 | N21: =D21*16*2 -> 32
A22: ='1. 소켓인수검사'!A64 -> 56 | B22: ='1. 소켓인수검사'!C64 -> 950 | C22: ='1. 소켓인수검사'!D64 -> 750 | D22: 1 | H22: =(B22-30)/2-1 -> 459 | I22: =D22*8*2 -> 16 | K22: =(C22-20)/2-10-1 -> 354 | N22: =D22*16*2 -> 32
A23: ='1. 소켓인수검사'!A65 -> 57 | B23: ='1. 소켓인수검사'!C65 -> 950 | C23: ='1. 소켓인수검사'!D65 -> 750 | D23: 1 | H23: =(B23-30)/2-1 -> 459 | I23: =D23*8*2 -> 16 | K23: =(C23-20)/2-10-1 -> 354 | N23: =D23*16*2 -> 32
... A76: ='1. 소켓인수검사'!A118 -> 110 | B76: ='1. 소켓인수검사'!C118 -> 1250 | C76: ='1. 소켓인수검사'!D118 -> 800 | D76: 1 | H76: =(B76-30)/2-1 -> 609 | I76: =D76*8*2 -> 16 | K76: =(C76-20)/2-10-1 -> 379 | N76: =D76*16*2 -> 32
A78: 특이사항 및 조치사항

Sheet 3.3 절곡(VT-보강대)
E1: 절 곡 생 산 일 지(VT_보강대)
A4: 설비번호
A5: 생산일자 | E5: 생산 시작 | H5: 작업자 | K5: 품명 | O5: ='1. 소켓인수검사'!R2 -> 26.04.24 그린산업_ 일우엠이씨_GS건설_아산탕정자이퍼스트시티
E6: 생산 종료
A8: No. | B8: 규격 | D8: 수량 (EA) | E8: 소켓 Lot | F8: 두께 | G8: 평철(mm) | Q8: 비고
B9: 가로 | C9: 세로 | G9: 폭 | H9: 가로(받침대) | J9: 수량 확인 | K9: 폭 | L9: 세로(보강대) | P9: 수량 확인
H10: 규격 | I10: 수량(EA) | L10: 규격 | O10: 수량(EA)
A11: ='1. 소켓인수검사'!A53 -> 45 | B11: ='1. 소켓인수검사'!C53 -> 900 | C11: ='1. 소켓인수검사'!D53 -> 800 | D11: 1 | F11: 1.6 이상 | G11: =228-3 -> 225 | H11: =((B11-30)/2)-1 -> 434 | I11: =D11*4*2 -> 8 | K11: =240-3 -> 237 | L11: =C11 -> 800 | O11: =D11*2*2 -> 4
A12: ='1. 소켓인수검사'!A54 -> 46 | B12: ='1. 소켓인수검사'!C54 -> 900 | C12: ='1. 소켓인수검사'!D54 -> 800 | D12: 1 | G12: =228-3 -> 225 | H12: =((B12-30)/2)-1 -> 434 | I12: =D12*4*2 -> 8 | K12: =240-3 -> 237 | L12: =C12 -> 800 | O12: =D12*2*2 -> 4
A13: ='1. 소켓인수검사'!A55 -> 47 | B13: ='1. 소켓인수검사'!C55 -> 900 | C13: ='1. 소켓인수검사'!D55 -> 800 | D13: 1 | G13: =228-3 -> 225 | H13: =((B13-30)/2)-1 -> 434 | I13: =D13*4*2 -> 8 | K13: =240-3 -> 237 | L13: =C13 -> 800 | O13: =D13*2*2 -> 4
A14: ='1. 소켓인수검사'!A56 -> 48 | B14: ='1. 소켓인수검사'!C56 -> 900 | C14: ='1. 소켓인수검사'!D56 -> 800 | D14: 1 | G14: =228-3 -> 225 | H14: =((B14-30)/2)-1 -> 434 | I14: =D14*4*2 -> 8 | K14: =240-3 -> 237 | L14: =C14 -> 800 | O14: =D14*2*2 -> 4
A15: ='1. 소켓인수검사'!A57 -> 49 | B15: ='1. 소켓인수검사'!C57 -> 900 | C15: ='1. 소켓인수검사'!D57 -> 800 | D15: 1 | G15: =228-3 -> 225 | H15: =((B15-30)/2)-1 -> 434 | I15: =D15*4*2 -> 8 | K15: =240-3 -> 237 | L15: =C15 -> 800 | O15: =D15*2*2 -> 4
A16: ='1. 소켓인수검사'!A58 -> 50 | B16: ='1. 소켓인수검사'!C58 -> 900 | C16: ='1. 소켓인수검사'!D58 -> 800 | D16: 1 | G16: =228-3 -> 225 | H16: =((B16-30)/2)-1 -> 434 | I16: =D16*4*2 -> 8 | K16: =240-3 -> 237 | L16: =C16 -> 800 | O16: =D16*2*2 -> 4
A17: ='1. 소켓인수검사'!A59 -> 51 | B17: ='1. 소켓인수검사'!C59 -> 900 | C17: ='1. 소켓인수검사'!D59 -> 800 | D17: 1 | G17: =228-3 -> 225 | H17: =((B17-30)/2)-1 -> 434 | I17: =D17*4*2 -> 8 | K17: =240-3 -> 237 | L17: =C17 -> 800 | O17: =D17*2*2 -> 4
A18: ='1. 소켓인수검사'!A60 -> 52 | B18: ='1. 소켓인수검사'!C60 -> 900 | C18: ='1. 소켓인수검사'!D60 -> 800 | D18: 1 | G18: =228-3 -> 225 | H18: =((B18-30)/2)-1 -> 434 | I18: =D18*4*2 -> 8 | K18: =240-3 -> 237 | L18: =C18 -> 800 | O18: =D18*2*2 -> 4
A19: ='1. 소켓인수검사'!A61 -> 53 | B19: ='1. 소켓인수검사'!C61 -> 950 | C19: ='1. 소켓인수검사'!D61 -> 750 | D19: 1 | G19: =228-3 -> 225 | H19: =((B19-30)/2)-1 -> 459 | I19: =D19*4*2 -> 8 | K19: =240-3 -> 237 | L19: =C19 -> 750 | O19: =D19*2*2 -> 4
A20: ='1. 소켓인수검사'!A62 -> 54 | B20: ='1. 소켓인수검사'!C62 -> 950 | C20: ='1. 소켓인수검사'!D62 -> 750 | D20: 1 | G20: =228-3 -> 225 | H20: =((B20-30)/2)-1 -> 459 | I20: =D20*4*2 -> 8 | K20: =240-3 -> 237 | L20: =C20 -> 750 | O20: =D20*2*2 -> 4
A21: ='1. 소켓인수검사'!A63 -> 55 | B21: ='1. 소켓인수검사'!C63 -> 950 | C21: ='1. 소켓인수검사'!D63 -> 750 | D21: 1 | G21: =228-3 -> 225 | H21: =((B21-30)/2)-1 -> 459 | I21: =D21*4*2 -> 8 | K21: =240-3 -> 237 | L21: =C21 -> 750 | O21: =D21*2*2 -> 4
A22: ='1. 소켓인수검사'!A64 -> 56 | B22: ='1. 소켓인수검사'!C64 -> 950 | C22: ='1. 소켓인수검사'!D64 -> 750 | D22: 1 | G22: =228-3 -> 225 | H22: =((B22-30)/2)-1 -> 459 | I22: =D22*4*2 -> 8 | K22: =240-3 -> 237 | L22: =C22 -> 750 | O22: =D22*2*2 -> 4
A23: ='1. 소켓인수검사'!A65 -> 57 | B23: ='1. 소켓인수검사'!C65 -> 950 | C23: ='1. 소켓인수검사'!D65 -> 750 | D23: 1 | G23: =228-3 -> 225 | H23: =((B23-30)/2)-1 -> 459 | I23: =D23*4*2 -> 8 | K23: =240-3 -> 237 | L23: =C23 -> 750 | O23: =D23*2*2 -> 4
... A76: ='1. 소켓인수검사'!A118 -> 110 | B76: ='1. 소켓인수검사'!C118 -> 1250 | C76: ='1. 소켓인수검사'!D118 -> 800 | D76: 1 | G76: =228-3 -> 225 | H76: =((B76-30)/2)-1 -> 609 | I76: =D76*4*2 -> 8 | K76: =240-3 -> 237 | L76: =C76 -> 800 | O76: =D76*2*2 -> 4
A78: 특이사항 및 조치사항

Sheet 5. 차열재 출하용(VM,VT,VAG)
D1: 차열재생산일지(출하용)
A4: 설비번호
A5: 생산일자 | D5: 생산 시작 | G5: 작업자 | L5: 업 체 | O5: 업 체 | P5: ='1. 소켓인수검사'!R2 -> 26.04.24 그린산업_ 일우엠이씨_GS건설_아산탕정자이퍼스트시티
D6: 생산 종료
A8: No. | B8: 가로 | C8: 세로 | D8: 구조 | E8: 면적 | F8: 둘레 | G8: 글라스울 | J8: 차열재 | M8: 차열재 | P8: 차열재
G9: 25*1400 | H9: 수량 | I9: 소요량 | J9: 50*400 | K9: 수량 | L9: 소요량 | M9: 25*200 | N9: 수량 | O9: 소요량 | P9: 50*600 | Q9: 수량 | R9: 소요량
A10: ='1. 소켓인수검사'!A9 -> 01 | B10: ='1. 소켓인수검사'!C9 -> 850 | C10: ='1. 소켓인수검사'!D9 -> 550 | D10: VA-064 | E10: =B10*C10/1000000 -> 0.4675 | F10: =(B10+C10)*2/1000 -> 2.8 | M10: =F10+0.5 -> 3.3 | N10: 4 | O10: =+N10*M10 -> 13.2
A11: ='1. 소켓인수검사'!A10 -> 02 | B11: ='1. 소켓인수검사'!C10 -> 850 | C11: ='1. 소켓인수검사'!D10 -> 550 | D11: VA-064 | E11: =B11*C11/1000000 -> 0.4675 | F11: =(B11+C11)*2/1000 -> 2.8 | M11: =F11+0.5 -> 3.3 | N11: 4 | O11: =+N11*M11 -> 13.2
A12: ='1. 소켓인수검사'!A11 -> 03 | B12: ='1. 소켓인수검사'!C11 -> 850 | C12: ='1. 소켓인수검사'!D11 -> 550 | D12: VA-064 | E12: =B12*C12/1000000 -> 0.4675 | F12: =(B12+C12)*2/1000 -> 2.8 | M12: =F12+0.5 -> 3.3 | N12: 4 | O12: =+N12*M12 -> 13.2
A13: ='1. 소켓인수검사'!A12 -> 04 | B13: ='1. 소켓인수검사'!C12 -> 850 | C13: ='1. 소켓인수검사'!D12 -> 550 | D13: VA-064 | E13: =B13*C13/1000000 -> 0.4675 | F13: =(B13+C13)*2/1000 -> 2.8 | M13: =F13+0.5 -> 3.3 | N13: 4 | O13: =+N13*M13 -> 13.2
A14: ='1. 소켓인수검사'!A13 -> 05 | B14: ='1. 소켓인수검사'!C13 -> 900 | C14: ='1. 소켓인수검사'!D13 -> 550 | D14: VA-064 | E14: =B14*C14/1000000 -> 0.495 | F14: =(B14+C14)*2/1000 -> 2.9 | M14: =F14+0.5 -> 3.4 | N14: 4 | O14: =+N14*M14 -> 13.6
A15: ='1. 소켓인수검사'!A14 -> 06 | B15: ='1. 소켓인수검사'!C14 -> 900 | C15: ='1. 소켓인수검사'!D14 -> 550 | D15: VA-064 | E15: =B15*C15/1000000 -> 0.495 | F15: =(B15+C15)*2/1000 -> 2.9 | M15: =F15+0.5 -> 3.4 | N15: 4 | O15: =+N15*M15 -> 13.6
A16: ='1. 소켓인수검사'!A15 -> 07 | B16: ='1. 소켓인수검사'!C15 -> 900 | C16: ='1. 소켓인수검사'!D15 -> 550 | D16: VA-064 | E16: =B16*C16/1000000 -> 0.495 | F16: =(B16+C16)*2/1000 -> 2.9 | M16: =F16+0.5 -> 3.4 | N16: 4 | O16: =+N16*M16 -> 13.6
A17: ='1. 소켓인수검사'!A16 -> 08 | B17: ='1. 소켓인수검사'!C16 -> 900 | C17: ='1. 소켓인수검사'!D16 -> 550 | D17: VA-064 | E17: =B17*C17/1000000 -> 0.495 | F17: =(B17+C17)*2/1000 -> 2.9 | M17: =F17+0.5 -> 3.4 | N17: 4 | O17: =+N17*M17 -> 13.6
A18: ='1. 소켓인수검사'!A17 -> 09 | B18: ='1. 소켓인수검사'!C17 -> 900 | C18: ='1. 소켓인수검사'!D17 -> 550 | D18: VA-064 | E18: =B18*C18/1000000 -> 0.495 | F18: =(B18+C18)*2/1000 -> 2.9 | M18: =F18+0.5 -> 3.4 | N18: 4 | O18: =+N18*M18 -> 13.6
A19: ='1. 소켓인수검사'!A18 -> 10 | B19: ='1. 소켓인수검사'!C18 -> 900 | C19: ='1. 소켓인수검사'!D18 -> 550 | D19: VA-064 | E19: =B19*C19/1000000 -> 0.495 | F19: =(B19+C19)*2/1000 -> 2.9 | M19: =F19+0.5 -> 3.4 | N19: 4 | O19: =+N19*M19 -> 13.6
A20: ='1. 소켓인수검사'!A19 -> 11 | B20: ='1. 소켓인수검사'!C19 -> 900 | C20: ='1. 소켓인수검사'!D19 -> 550 | D20: VA-064 | E20: =B20*C20/1000000 -> 0.495 | F20: =(B20+C20)*2/1000 -> 2.9 | M20: =F20+0.5 -> 3.4 | N20: 4 | O20: =+N20*M20 -> 13.6
A21: ='1. 소켓인수검사'!A20 -> 12 | B21: ='1. 소켓인수검사'!C20 -> 900 | C21: ='1. 소켓인수검사'!D20 -> 550 | D21: VA-064 | E21: =B21*C21/1000000 -> 0.495 | F21: =(B21+C21)*2/1000 -> 2.9 | M21: =F21+0.5 -> 3.4 | N21: 4 | O21: =+N21*M21 -> 13.6
... A53: ='1. 소켓인수검사'!A52 -> 44 | B53: ='1. 소켓인수검사'!C52 -> 1000 | C53: ='1. 소켓인수검사'!D52 -> 550 | D53: VA-064 | E53: =B53*C53/1000000 -> 0.55 | F53: =(B53+C53)*2/1000 -> 3.1 | M53: =F53+0.5 -> 3.6 | N53: 4 | O53: =+N53*M53 -> 14.4
A54: ='1. 소켓인수검사'!A53 -> 45 | B54: ='1. 소켓인수검사'!C53 -> 900 | C54: ='1. 소켓인수검사'!D53 -> 800 | D54: VT-01 | E54: =B54*C54/1000000 -> 0.72 | F54: =(B54+C54)*2/1000 -> 3.4 | G54: =(F54+0.4) -> 3.8 | H54: 2 | I54: =G54*H54 -> 7.6 | P54: =F54+0.5 -> 3.9 | Q54: 2 | R54: =P54*Q54 -> 7.8
A55: ='1. 소켓인수검사'!A54 -> 46 | B55: ='1. 소켓인수검사'!C54 -> 900 | C55: ='1. 소켓인수검사'!D54 -> 800 | D55: VT-01 | E55: =B55*C55/1000000 -> 0.72 | F55: =(B55+C55)*2/1000 -> 3.4 | G55: =(F55+0.4) -> 3.8 | H55: 2 | I55: =G55*H55 -> 7.6 | P55: =F55+0.5 -> 3.9 | Q55: 2 | R55: =P55*Q55 -> 7.8
A56: ='1. 소켓인수검사'!A55 -> 47 | B56: ='1. 소켓인수검사'!C55 -> 900 | C56: ='1. 소켓인수검사'!D55 -> 800 | D56: VT-01 | E56: =B56*C56/1000000 -> 0.72 | F56: =(B56+C56)*2/1000 -> 3.4 | G56: =(F56+0.4) -> 3.8 | H56: 2 | I56: =G56*H56 -> 7.6 | P56: =F56+0.5 -> 3.9 | Q56: 2 | R56: =P56*Q56 -> 7.8
A57: ='1. 소켓인수검사'!A56 -> 48 | B57: ='1. 소켓인수검사'!C56 -> 900 | C57: ='1. 소켓인수검사'!D56 -> 800 | D57: VT-01 | E57: =B57*C57/1000000 -> 0.72 | F57: =(B57+C57)*2/1000 -> 3.4 | G57: =(F57+0.4) -> 3.8 | H57: 2 | I57: =G57*H57 -> 7.6 | P57: =F57+0.5 -> 3.9 | Q57: 2 | R57: =P57*Q57 -> 7.8
A58: ='1. 소켓인수검사'!A57 -> 49 | B58: ='1. 소켓인수검사'!C57 -> 900 | C58: ='1. 소켓인수검사'!D57 -> 800 | D58: VT-01 | E58: =B58*C58/1000000 -> 0.72 | F58: =(B58+C58)*2/1000 -> 3.4 | G58: =(F58+0.4) -> 3.8 | H58: 2 | I58: =G58*H58 -> 7.6 | P58: =F58+0.5 -> 3.9 | Q58: 2 | R58: =P58*Q58 -> 7.8
A59: ='1. 소켓인수검사'!A58 -> 50 | B59: ='1. 소켓인수검사'!C58 -> 900 | C59: ='1. 소켓인수검사'!D58 -> 800 | D59: VT-01 | E59: =B59*C59/1000000 -> 0.72 | F59: =(B59+C59)*2/1000 -> 3.4 | G59: =(F59+0.4) -> 3.8 | H59: 2 | I59: =G59*H59 -> 7.6 | P59: =F59+0.5 -> 3.9 | Q59: 2 | R59: =P59*Q59 -> 7.8
A60: ='1. 소켓인수검사'!A59 -> 51 | B60: ='1. 소켓인수검사'!C59 -> 900 | C60: ='1. 소켓인수검사'!D59 -> 800 | D60: VT-01 | E60: =B60*C60/1000000 -> 0.72 | F60: =(B60+C60)*2/1000 -> 3.4 | G60: =(F60+0.4) -> 3.8 | H60: 2 | I60: =G60*H60 -> 7.6 | P60: =F60+0.5 -> 3.9 | Q60: 2 | R60: =P60*Q60 -> 7.8
A61: ='1. 소켓인수검사'!A60 -> 52 | B61: ='1. 소켓인수검사'!C60 -> 900 | C61: ='1. 소켓인수검사'!D60 -> 800 | D61: VT-01 | E61: =B61*C61/1000000 -> 0.72 | F61: =(B61+C61)*2/1000 -> 3.4 | G61: =(F61+0.4) -> 3.8 | H61: 2 | I61: =G61*H61 -> 7.6 | P61: =F61+0.5 -> 3.9 | Q61: 2 | R61: =P61*Q61 -> 7.8
A62: ='1. 소켓인수검사'!A61 -> 53 | B62: ='1. 소켓인수검사'!C61 -> 950 | C62: ='1. 소켓인수검사'!D61 -> 750 | D62: VT-01 | E62: =B62*C62/1000000 -> 0.7125 | F62: =(B62+C62)*2/1000 -> 3.4 | G62: =(F62+0.4) -> 3.8 | H62: 2 | I62: =G62*H62 -> 7.6 | P62: =F62+0.5 -> 3.9 | Q62: 2 | R62: =P62*Q62 -> 7.8
A63: ='1. 소켓인수검사'!A62 -> 54 | B63: ='1. 소켓인수검사'!C62 -> 950 | C63: ='1. 소켓인수검사'!D62 -> 750 | D63: VT-01 | E63: =B63*C63/1000000 -> 0.7125 | F63: =(B63+C63)*2/1000 -> 3.4 | G63: =(F63+0.4) -> 3.8 | H63: 2 | I63: =G63*H63 -> 7.6 | P63: =F63+0.5 -> 3.9 | Q63: 2 | R63: =P63*Q63 -> 7.8
A64: ='1. 소켓인수검사'!A63 -> 55 | B64: ='1. 소켓인수검사'!C63 -> 950 | C64: ='1. 소켓인수검사'!D63 -> 750 | D64: VT-01 | E64: =B64*C64/1000000 -> 0.7125 | F64: =(B64+C64)*2/1000 -> 3.4 | G64: =(F64+0.4) -> 3.8 | H64: 2 | I64: =G64*H64 -> 7.6 | P64: =F64+0.5 -> 3.9 | Q64: 2 | R64: =P64*Q64 -> 7.8
A65: ='1. 소켓인수검사'!A64 -> 56 | B65: ='1. 소켓인수검사'!C64 -> 950 | C65: ='1. 소켓인수검사'!D64 -> 750 | D65: VT-01 | E65: =B65*C65/1000000 -> 0.7125 | F65: =(B65+C65)*2/1000 -> 3.4 | G65: =(F65+0.4) -> 3.8 | H65: 2 | I65: =G65*H65 -> 7.6 | P65: =F65+0.5 -> 3.9 | Q65: 2 | R65: =P65*Q65 -> 7.8
... A119: ='1. 소켓인수검사'!A118 -> 110 | B119: ='1. 소켓인수검사'!C118 -> 1250 | C119: ='1. 소켓인수검사'!D118 -> 800 | D119: VT-01 | E119: =B119*C119/1000000 -> 1 | F119: =(B119+C119)*2/1000 -> 4.1 | G119: =(F119+0.4) -> 4.5 | H119: 2 | I119: =G119*H119 -> 9 | P119: =F119+0.5 -> 4.6 | Q119: 2 | R119: =P119*Q119 -> 9.2
A120: 합계 | I120: =SUM(I10:I119) -> 526.2 | L120: =SUM(L10:L119) -> 0 | O120: =SUM(O10:O119) -> 610.4 | R120: =SUM(R10:S119) -> 539.4
A121: 글라스울 25T*1400*20M | G121: =I120/20 -> 26.31
A122: 차열재 50T*400*3.6M | G122: =L120/3.6 -> 0
A123: 차열재 25T*200*7.4M | G123: =O120/7.4 -> 82.486486
A124: 차열재 50T*600*3.6M | G124: =R120/3.6 -> 149.83333
A126: 특이사항 및 조치사항

Sheet 6. 라벨소요량
E1: 라벨소요량(행복산업_KEC 구미공장_251128) | F1: 라벨소요량 | K1: ='1. 소켓인수검사'!R2 -> 26.04.24 그린산업_ 일우엠이씨_GS건설_아산탕정자이퍼스트시티
A5: No. | B5: 제품 번호 | C5: 가로 | D5: 세로 | E5: 소켓 Lot | F5: 면적 | G5: 둘레 | H5: 방화 소켓 | I5: 글라스울 | K5: 차열재 | M5: 차열재 | O5: 차열재 | Q5: 플래싱 | S5: 인정번호 | T5: 품명 | U5: 설치위치
I6: 25* 1400 | J6: 수량 | K6: 25* 200 | L6: 수량 | M6: 50* 400 | N6: 수량 | O6: 50* 600 | P6: 수량 | Q6: 산출량 | R6: 총량
A7: ='1. 소켓인수검사'!A9 -> 01 | B7: E257 | C7: ='1. 소켓인수검사'!C9 -> 850 | D7: ='1. 소켓인수검사'!D9 -> 550 | F7: =C7*D7/1000000 -> 0.4675 | G7: =(C7+D7)*2/1000 -> 2.8 | H7: 2 | K7: =G7+0.5 -> 3.3 | L7: 4 | Q7: =(((C7+60)+250+(D7+60))*2/1000)*2 -> 7.08 | R7: =Q7 -> 7.08 | S7: FS-MP25-0310-4 | T7: EZ F.B POSMAC Duct-VA-064 | U7: ='1. 소켓인수검사'!G9 -> 0
A8: ='1. 소켓인수검사'!A10 -> 02 | B8: E257 | C8: ='1. 소켓인수검사'!C10 -> 850 | D8: ='1. 소켓인수검사'!D10 -> 550 | F8: =C8*D8/1000000 -> 0.4675 | G8: =(C8+D8)*2/1000 -> 2.8 | H8: 2 | K8: =G8+0.5 -> 3.3 | L8: 4 | Q8: =(((C8+60)+250+(D8+60))*2/1000)*2 -> 7.08 | R8: =Q8 -> 7.08 | S8: FS-MP25-0310-4 | T8: EZ F.B POSMAC Duct-VA-064 | U8: ='1. 소켓인수검사'!G10 -> 0
A9: ='1. 소켓인수검사'!A11 -> 03 | B9: E257 | C9: ='1. 소켓인수검사'!C11 -> 850 | D9: ='1. 소켓인수검사'!D11 -> 550 | F9: =C9*D9/1000000 -> 0.4675 | G9: =(C9+D9)*2/1000 -> 2.8 | H9: 2 | K9: =G9+0.5 -> 3.3 | L9: 4 | Q9: =(((C9+60)+250+(D9+60))*2/1000)*2 -> 7.08 | R9: =Q9 -> 7.08 | S9: FS-MP25-0310-4 | T9: EZ F.B POSMAC Duct-VA-064 | U9: ='1. 소켓인수검사'!G11 -> 0
A10: ='1. 소켓인수검사'!A12 -> 04 | B10: E257 | C10: ='1. 소켓인수검사'!C12 -> 850 | D10: ='1. 소켓인수검사'!D12 -> 550 | F10: =C10*D10/1000000 -> 0.4675 | G10: =(C10+D10)*2/1000 -> 2.8 | H10: 2 | K10: =G10+0.5 -> 3.3 | L10: 4 | Q10: =(((C10+60)+250+(D10+60))*2/1000)*2 -> 7.08 | R10: =Q10 -> 7.08 | S10: FS-MP25-0310-4 | T10: EZ F.B POSMAC Duct-VA-064 | U10: ='1. 소켓인수검사'!G12 -> 0
A11: ='1. 소켓인수검사'!A13 -> 05 | B11: E257 | C11: ='1. 소켓인수검사'!C13 -> 900 | D11: ='1. 소켓인수검사'!D13 -> 550 | F11: =C11*D11/1000000 -> 0.495 | G11: =(C11+D11)*2/1000 -> 2.9 | H11: 2 | K11: =G11+0.5 -> 3.4 | L11: 4 | Q11: =(((C11+60)+250+(D11+60))*2/1000)*2 -> 7.28 | R11: =Q11 -> 7.28 | S11: FS-MP25-0310-4 | T11: EZ F.B POSMAC Duct-VA-064 | U11: ='1. 소켓인수검사'!G13 -> 0
A12: ='1. 소켓인수검사'!A14 -> 06 | B12: E257 | C12: ='1. 소켓인수검사'!C14 -> 900 | D12: ='1. 소켓인수검사'!D14 -> 550 | F12: =C12*D12/1000000 -> 0.495 | G12: =(C12+D12)*2/1000 -> 2.9 | H12: 2 | K12: =G12+0.5 -> 3.4 | L12: 4 | Q12: =(((C12+60)+250+(D12+60))*2/1000)*2 -> 7.28 | R12: =Q12 -> 7.28 | S12: FS-MP25-0310-4 | T12: EZ F.B POSMAC Duct-VA-064 | U12: ='1. 소켓인수검사'!G14 -> 0
A13: ='1. 소켓인수검사'!A15 -> 07 | B13: E257 | C13: ='1. 소켓인수검사'!C15 -> 900 | D13: ='1. 소켓인수검사'!D15 -> 550 | F13: =C13*D13/1000000 -> 0.495 | G13: =(C13+D13)*2/1000 -> 2.9 | H13: 2 | K13: =G13+0.5 -> 3.4 | L13: 4 | Q13: =(((C13+60)+250+(D13+60))*2/1000)*2 -> 7.28 | R13: =Q13 -> 7.28 | S13: FS-MP25-0310-4 | T13: EZ F.B POSMAC Duct-VA-064 | U13: ='1. 소켓인수검사'!G15 -> 0
A14: ='1. 소켓인수검사'!A16 -> 08 | B14: E257 | C14: ='1. 소켓인수검사'!C16 -> 900 | D14: ='1. 소켓인수검사'!D16 -> 550 | F14: =C14*D14/1000000 -> 0.495 | G14: =(C14+D14)*2/1000 -> 2.9 | H14: 2 | K14: =G14+0.5 -> 3.4 | L14: 4 | Q14: =(((C14+60)+250+(D14+60))*2/1000)*2 -> 7.28 | R14: =Q14 -> 7.28 | S14: FS-MP25-0310-4 | T14: EZ F.B POSMAC Duct-VA-064 | U14: ='1. 소켓인수검사'!G16 -> 0
A15: ='1. 소켓인수검사'!A17 -> 09 | B15: E257 | C15: ='1. 소켓인수검사'!C17 -> 900 | D15: ='1. 소켓인수검사'!D17 -> 550 | F15: =C15*D15/1000000 -> 0.495 | G15: =(C15+D15)*2/1000 -> 2.9 | H15: 2 | K15: =G15+0.5 -> 3.4 | L15: 4 | Q15: =(((C15+60)+250+(D15+60))*2/1000)*2 -> 7.28 | R15: =Q15 -> 7.28 | S15: FS-MP25-0310-4 | T15: EZ F.B POSMAC Duct-VA-064 | U15: ='1. 소켓인수검사'!G17 -> 0
A16: ='1. 소켓인수검사'!A18 -> 10 | B16: E257 | C16: ='1. 소켓인수검사'!C18 -> 900 | D16: ='1. 소켓인수검사'!D18 -> 550 | F16: =C16*D16/1000000 -> 0.495 | G16: =(C16+D16)*2/1000 -> 2.9 | H16: 2 | K16: =G16+0.5 -> 3.4 | L16: 4 | Q16: =(((C16+60)+250+(D16+60))*2/1000)*2 -> 7.28 | R16: =Q16 -> 7.28 | S16: FS-MP25-0310-4 | T16: EZ F.B POSMAC Duct-VA-064 | U16: ='1. 소켓인수검사'!G18 -> 0
A17: ='1. 소켓인수검사'!A19 -> 11 | B17: E257 | C17: ='1. 소켓인수검사'!C19 -> 900 | D17: ='1. 소켓인수검사'!D19 -> 550 | F17: =C17*D17/1000000 -> 0.495 | G17: =(C17+D17)*2/1000 -> 2.9 | H17: 2 | K17: =G17+0.5 -> 3.4 | L17: 4 | Q17: =(((C17+60)+250+(D17+60))*2/1000)*2 -> 7.28 | R17: =Q17 -> 7.28 | S17: FS-MP25-0310-4 | T17: EZ F.B POSMAC Duct-VA-064 | U17: ='1. 소켓인수검사'!G19 -> 0
A18: ='1. 소켓인수검사'!A20 -> 12 | B18: E257 | C18: ='1. 소켓인수검사'!C20 -> 900 | D18: ='1. 소켓인수검사'!D20 -> 550 | F18: =C18*D18/1000000 -> 0.495 | G18: =(C18+D18)*2/1000 -> 2.9 | H18: 2 | K18: =G18+0.5 -> 3.4 | L18: 4 | Q18: =(((C18+60)+250+(D18+60))*2/1000)*2 -> 7.28 | R18: =Q18 -> 7.28 | S18: FS-MP25-0310-4 | T18: EZ F.B POSMAC Duct-VA-064 | U18: ='1. 소켓인수검사'!G20 -> 0
... A50: ='1. 소켓인수검사'!A52 -> 44 | B50: E257 | C50: ='1. 소켓인수검사'!C52 -> 1000 | D50: ='1. 소켓인수검사'!D52 -> 550 | F50: =C50*D50/1000000 -> 0.55 | G50: =(C50+D50)*2/1000 -> 3.1 | H50: 2 | K50: =G50+0.5 -> 3.6 | L50: 4 | Q50: =(((C50+60)+250+(D50+60))*2/1000)*2 -> 7.68 | R50: =Q50 -> 7.68 | S50: FS-MP25-0310-4 | T50: EZ F.B POSMAC Duct-VA-064 | U50: ='1. 소켓인수검사'!G52 -> 0
A51: ='1. 소켓인수검사'!A53 -> 45 | B51: E257 | C51: ='1. 소켓인수검사'!C53 -> 900 | D51: ='1. 소켓인수검사'!D53 -> 800 | F51: =C51*D51/1000000 -> 0.72 | G51: =(C51+D51)*2/1000 -> 3.4 | H51: 4 | I51: =(G51+0.4) -> 3.8 | J51: 2 | O51: =(G51+0.5) -> 3.9 | P51: 2 | Q51: =(((C51+60)+250+(D51+60))*2/1000)*2 -> 8.28 | R51: =Q51 -> 8.28 | S51: FS-MP25-0310-1 | T51: EZ F.B POSMAC Duct-VT-01 | U51: ='1. 소켓인수검사'!G53 -> 0
A52: ='1. 소켓인수검사'!A54 -> 46 | B52: E257 | C52: ='1. 소켓인수검사'!C54 -> 900 | D52: ='1. 소켓인수검사'!D54 -> 800 | F52: =C52*D52/1000000 -> 0.72 | G52: =(C52+D52)*2/1000 -> 3.4 | H52: 4 | I52: =(G52+0.4) -> 3.8 | J52: 2 | O52: =(G52+0.5) -> 3.9 | P52: 2 | Q52: =(((C52+60)+250+(D52+60))*2/1000)*2 -> 8.28 | R52: =Q52 -> 8.28 | S52: FS-MP25-0310-1 | T52: EZ F.B POSMAC Duct-VT-01 | U52: ='1. 소켓인수검사'!G54 -> 0
A53: ='1. 소켓인수검사'!A55 -> 47 | B53: E257 | C53: ='1. 소켓인수검사'!C55 -> 900 | D53: ='1. 소켓인수검사'!D55 -> 800 | F53: =C53*D53/1000000 -> 0.72 | G53: =(C53+D53)*2/1000 -> 3.4 | H53: 4 | I53: =(G53+0.4) -> 3.8 | J53: 2 | O53: =(G53+0.5) -> 3.9 | P53: 2 | Q53: =(((C53+60)+250+(D53+60))*2/1000)*2 -> 8.28 | R53: =Q53 -> 8.28 | S53: FS-MP25-0310-1 | T53: EZ F.B POSMAC Duct-VT-01 | U53: ='1. 소켓인수검사'!G55 -> 0
A54: ='1. 소켓인수검사'!A56 -> 48 | B54: E257 | C54: ='1. 소켓인수검사'!C56 -> 900 | D54: ='1. 소켓인수검사'!D56 -> 800 | F54: =C54*D54/1000000 -> 0.72 | G54: =(C54+D54)*2/1000 -> 3.4 | H54: 4 | I54: =(G54+0.4) -> 3.8 | J54: 2 | O54: =(G54+0.5) -> 3.9 | P54: 2 | Q54: =(((C54+60)+250+(D54+60))*2/1000)*2 -> 8.28 | R54: =Q54 -> 8.28 | S54: FS-MP25-0310-1 | T54: EZ F.B POSMAC Duct-VT-01 | U54: ='1. 소켓인수검사'!G56 -> 0
A55: ='1. 소켓인수검사'!A57 -> 49 | B55: E257 | C55: ='1. 소켓인수검사'!C57 -> 900 | D55: ='1. 소켓인수검사'!D57 -> 800 | F55: =C55*D55/1000000 -> 0.72 | G55: =(C55+D55)*2/1000 -> 3.4 | H55: 4 | I55: =(G55+0.4) -> 3.8 | J55: 2 | O55: =(G55+0.5) -> 3.9 | P55: 2 | Q55: =(((C55+60)+250+(D55+60))*2/1000)*2 -> 8.28 | R55: =Q55 -> 8.28 | S55: FS-MP25-0310-1 | T55: EZ F.B POSMAC Duct-VT-01 | U55: ='1. 소켓인수검사'!G57 -> 0
A56: ='1. 소켓인수검사'!A58 -> 50 | B56: E257 | C56: ='1. 소켓인수검사'!C58 -> 900 | D56: ='1. 소켓인수검사'!D58 -> 800 | F56: =C56*D56/1000000 -> 0.72 | G56: =(C56+D56)*2/1000 -> 3.4 | H56: 4 | I56: =(G56+0.4) -> 3.8 | J56: 2 | O56: =(G56+0.5) -> 3.9 | P56: 2 | Q56: =(((C56+60)+250+(D56+60))*2/1000)*2 -> 8.28 | R56: =Q56 -> 8.28 | S56: FS-MP25-0310-1 | T56: EZ F.B POSMAC Duct-VT-01 | U56: ='1. 소켓인수검사'!G58 -> 0
A57: ='1. 소켓인수검사'!A59 -> 51 | B57: E257 | C57: ='1. 소켓인수검사'!C59 -> 900 | D57: ='1. 소켓인수검사'!D59 -> 800 | F57: =C57*D57/1000000 -> 0.72 | G57: =(C57+D57)*2/1000 -> 3.4 | H57: 4 | I57: =(G57+0.4) -> 3.8 | J57: 2 | O57: =(G57+0.5) -> 3.9 | P57: 2 | Q57: =(((C57+60)+250+(D57+60))*2/1000)*2 -> 8.28 | R57: =Q57 -> 8.28 | S57: FS-MP25-0310-1 | T57: EZ F.B POSMAC Duct-VT-01 | U57: ='1. 소켓인수검사'!G59 -> 0
A58: ='1. 소켓인수검사'!A60 -> 52 | B58: E257 | C58: ='1. 소켓인수검사'!C60 -> 900 | D58: ='1. 소켓인수검사'!D60 -> 800 | F58: =C58*D58/1000000 -> 0.72 | G58: =(C58+D58)*2/1000 -> 3.4 | H58: 4 | I58: =(G58+0.4) -> 3.8 | J58: 2 | O58: =(G58+0.5) -> 3.9 | P58: 2 | Q58: =(((C58+60)+250+(D58+60))*2/1000)*2 -> 8.28 | R58: =Q58 -> 8.28 | S58: FS-MP25-0310-1 | T58: EZ F.B POSMAC Duct-VT-01 | U58: ='1. 소켓인수검사'!G60 -> 0
A59: ='1. 소켓인수검사'!A61 -> 53 | B59: E257 | C59: ='1. 소켓인수검사'!C61 -> 950 | D59: ='1. 소켓인수검사'!D61 -> 750 | F59: =C59*D59/1000000 -> 0.7125 | G59: =(C59+D59)*2/1000 -> 3.4 | H59: 4 | I59: =(G59+0.4) -> 3.8 | J59: 2 | O59: =(G59+0.5) -> 3.9 | P59: 2 | Q59: =(((C59+60)+250+(D59+60))*2/1000)*2 -> 8.28 | R59: =Q59 -> 8.28 | S59: FS-MP25-0310-1 | T59: EZ F.B POSMAC Duct-VT-01 | U59: ='1. 소켓인수검사'!G61 -> 0
A60: ='1. 소켓인수검사'!A62 -> 54 | B60: E257 | C60: ='1. 소켓인수검사'!C62 -> 950 | D60: ='1. 소켓인수검사'!D62 -> 750 | F60: =C60*D60/1000000 -> 0.7125 | G60: =(C60+D60)*2/1000 -> 3.4 | H60: 4 | I60: =(G60+0.4) -> 3.8 | J60: 2 | O60: =(G60+0.5) -> 3.9 | P60: 2 | Q60: =(((C60+60)+250+(D60+60))*2/1000)*2 -> 8.28 | R60: =Q60 -> 8.28 | S60: FS-MP25-0310-1 | T60: EZ F.B POSMAC Duct-VT-01 | U60: ='1. 소켓인수검사'!G62 -> 0
A61: ='1. 소켓인수검사'!A63 -> 55 | B61: E257 | C61: ='1. 소켓인수검사'!C63 -> 950 | D61: ='1. 소켓인수검사'!D63 -> 750 | F61: =C61*D61/1000000 -> 0.7125 | G61: =(C61+D61)*2/1000 -> 3.4 | H61: 4 | I61: =(G61+0.4) -> 3.8 | J61: 2 | O61: =(G61+0.5) -> 3.9 | P61: 2 | Q61: =(((C61+60)+250+(D61+60))*2/1000)*2 -> 8.28 | R61: =Q61 -> 8.28 | S61: FS-MP25-0310-1 | T61: EZ F.B POSMAC Duct-VT-01 | U61: ='1. 소켓인수검사'!G63 -> 0
A62: ='1. 소켓인수검사'!A64 -> 56 | B62: E257 | C62: ='1. 소켓인수검사'!C64 -> 950 | D62: ='1. 소켓인수검사'!D64 -> 750 | F62: =C62*D62/1000000 -> 0.7125 | G62: =(C62+D62)*2/1000 -> 3.4 | H62: 4 | I62: =(G62+0.4) -> 3.8 | J62: 2 | O62: =(G62+0.5) -> 3.9 | P62: 2 | Q62: =(((C62+60)+250+(D62+60))*2/1000)*2 -> 8.28 | R62: =Q62 -> 8.28 | S62: FS-MP25-0310-1 | T62: EZ F.B POSMAC Duct-VT-01 | U62: ='1. 소켓인수검사'!G64 -> 0
... A116: ='1. 소켓인수검사'!A118 -> 110 | B116: E268 | C116: ='1. 소켓인수검사'!C118 -> 1250 | D116: ='1. 소켓인수검사'!D118 -> 800 | F116: =C116*D116/1000000 -> 1 | G116: =(C116+D116)*2/1000 -> 4.1 | H116: 4 | I116: =(G116+0.4) -> 4.5 | J116: 2 | O116: =(G116+0.5) -> 4.6 | P116: 2 | Q116: =(((C116+60)+250+(D116+60))*2/1000)*2 -> 9.68 | R116: =Q116 -> 9.68 | S116: FS-MP25-0310-1 | T116: EZ F.B POSMAC Duct-VT-01 | U116: ='1. 소켓인수검사'!G118 -> 0
A117: TTL | H117: =SUM(H7:H116) -> 352 | J117: =SUM(J7:J116) -> 132 | L117: =SUM(L7:L116) -> 176 | N117: =SUM(N7:N116) -> 0 | P117: =SUM(P7:P116) -> 132 | Q117: =SUM(Q7:Q116) -> 897.4 | R117: =SUM(R7:R116) -> 897.4
A119: 특이사항 및 조치사항
