Workbook

Sheet 현장품질관리서 - 세부내역
C1: 품질현장관리 - 세부내역 | F1: 출하일자 | G1: 26. 05. 22
F2: 현 장 명 | G2: 수원10비행단
F3: 납품업체 | G3: ㈜엘티엔지니어링
A5: No. | B5: 규격 | C5: 품명 | D5: 인정번호 | E5: 방화 소켓명 | F5: 덕트내화채움구조 Lot | H5: 설치 위치 | I5: 비고
F6: Lot | G6: 제품번호
A7: 1 | B7: 150X150 | C7: EZ F.B POSMAC Duct-VT-049 | D7: FS-MP25-0310-3 | E7: VM200 | F7: 260512-VT-049-001 | G7: CD001
A8: 2 | B8: 200X200 | C8: EZ F.B POSMAC Duct-VT-049 | D8: FS-MP25-0310-3 | E8: VM200 | F8: 260512-VT-049-002 | G8: CD002
A9: 3 | B9: 250X200 | C9: EZ F.B POSMAC Duct-VT-049 | D9: FS-MP25-0310-3 | E9: VM200 | F9: 260512-VT-049-003 | G9: CD003
A10: 4 | B10: 250X250 | C10: EZ F.B POSMAC Duct-VT-049 | D10: FS-MP25-0310-3 | E10: VM200 | F10: 260512-VT-049-004 | G10: CD004
A11: 5 | B11: 450X300 | C11: EZ F.B POSMAC Duct-VT-049 | D11: FS-MP25-0310-3 | E11: VM200 | F11: 260512-VT-049-005 | G11: CD005
A12: 6 | B12: 600X350 | C12: EZ F.B POSMAC Duct-VT-049 | D12: FS-MP25-0310-3 | E12: VM200 | F12: 260512-VT-049-006 | G12: CD006
A13: 7 | B13: 300X250 | C13: EZ-F.B-POSMAC Duct-HTG-064 | D13: FS-MP25-0910-05 | E13: HMG300C | F13: 260512-HTG-064-007 | G13: CD007
A14: 8 | B14: 350X200 | C14: EZ-F.B-POSMAC Duct-HTG-064 | D14: FS-MP25-0910-05 | E14: HMG300C | F14: 260512-HTG-064-008 | G14: CD008
A16: 특이사항 및 조치사항

Sheet 품질관리서 - 세부내역
A1: EZONE | C1: 품질관리서 - 세부내역 | AE1: 문서번호 | AF1: 작성 | AI1: 승인
AE2: EZC-C-304-3 Rev.2
A5: 출하일자 | B5: ='현장품질관리서 - 세부내역'!G1 -> 26. 05. 22 | C5: 납품업체 | D5: ='현장품질관리서 - 세부내역'!G3 -> ㈜엘티엔지니어링 | E5: 현장명 | F5: ='현장품질관리서 - 세부내역'!G2 -> 수원10비행단 | G5: 구조명/혼합 | H5: EZ F.B POSMAC Duct-VT-049, EZ-F.B-POSMAC Duct-HTG-064
A7: No | B7: 제품 번호 | C7: 설치 위치 | D7: 규격 | E7: 품명 | F7: 인정번호 | G7: 소켓명 | H7: 구조 LOT | I7: 그라스울 (25T×1400) | L7: 그라스울 (25T×1000) | O7: 세라믹블랭킷 (25T×200) | R7: 세라믹블랭킷 (38T×600) | U7: 세라믹블랭킷 (50T×400) | X7: 세라믹블랭킷 (50T×600) | AA7: 틈새 복합시트 | AC7: 플래싱 (Z형) | AE7: 플래싱 (I형)5T | AG7: 플래싱 (I형)4T | AI7: 비고
I8: LOT | J8: 크기(m) | K8: 수량 | L8: LOT | M8: 크기(m) | N8: 수량 | O8: LOT | P8: 크기(m) | Q8: 수량 | R8: LOT | S8: 크기(m) | T8: 수량 | U8: LOT | V8: 크기(m) | W8: 수량 | X8: LOT | Y8: 크기(m) | Z8: 수량 | AA8: LOT | AB8: 수량 | AC8: LOT | AD8: 수량 | AE8: LOT | AF8: 수량 | AG8: LOT | AH8: 수량
A9: ='현장품질관리서 - 세부내역'!A7 -> 1 | B9: ='현장품질관리서 - 세부내역'!G7 -> CD001 | C9: =IF('현장품질관리서 - 세부내역'!H7="","",'현장품질관리서 - 세부내역'!H7) | D9: ='현장품질관리서 - 세부내역'!B7 -> 150X150 | E9: ='현장품질관리서 - 세부내역'!C7 -> EZ F.B POSMAC Duct-VT-049 | F9: ='현장품질관리서 - 세부내역'!D7 -> FS-MP25-0310-3 | G9: ='현장품질관리서 - 세부내역'!E7 -> VM200 | H9: ='현장품질관리서 - 세부내역'!F7 -> 260512-VT-049-001 | I9: 260416GW001 | J9: 1 | K9: 4 | L9: =IF(M9="N/A","N/A"," ") -> N/A | M9: N/A | N9: N/A | O9: =IF(P9="N/A","N/A"," ") -> N/A | P9: N/A | Q9: N/A | R9: =IF(S9="N/A","N/A"," ") -> N/A | S9: N/A | T9: N/A | U9: =IF(V9="N/A","N/A"," ") -> N/A | V9: N/A | W9: N/A | X9: =IF(Y9="N/A","N/A"," ") -> N/A | Y9: N/A | Z9: N/A | AA9: =IF(AB9="N/A","N/A"," ") -> N/A | AB9: N/A | AC9: =IF(AD9="N/A","N/A"," ") -> N/A | AD9: N/A | AE9: J260514F03 | AF9: 2.68 | AG9: =IF(AH9="N/A","N/A"," ") -> N/A | AH9: N/A
A10: ='현장품질관리서 - 세부내역'!A8 -> 2 | B10: ='현장품질관리서 - 세부내역'!G8 -> CD002 | C10: =IF('현장품질관리서 - 세부내역'!H8="","",'현장품질관리서 - 세부내역'!H8) | D10: ='현장품질관리서 - 세부내역'!B8 -> 200X200 | E10: ='현장품질관리서 - 세부내역'!C8 -> EZ F.B POSMAC Duct-VT-049 | F10: ='현장품질관리서 - 세부내역'!D8 -> FS-MP25-0310-3 | G10: ='현장품질관리서 - 세부내역'!E8 -> VM200 | H10: ='현장품질관리서 - 세부내역'!F8 -> 260512-VT-049-002 | I10: 260416GW001 | J10: 1.2 | K10: 4 | L10: =IF(M10="N/A","N/A"," ") -> N/A | M10: N/A | N10: N/A | O10: =IF(P10="N/A","N/A"," ") -> N/A | P10: N/A | Q10: N/A | R10: =IF(S10="N/A","N/A"," ") -> N/A | S10: N/A | T10: N/A | U10: =IF(V10="N/A","N/A"," ") -> N/A | V10: N/A | W10: N/A | X10: =IF(Y10="N/A","N/A"," ") -> N/A | Y10: N/A | Z10: N/A | AA10: =IF(AB10="N/A","N/A"," ") -> N/A | AB10: N/A | AC10: =IF(AD10="N/A","N/A"," ") -> N/A | AD10: N/A | AE10: J260514F03 | AF10: 3.08 | AG10: =IF(AH10="N/A","N/A"," ") -> N/A | AH10: N/A
A11: ='현장품질관리서 - 세부내역'!A9 -> 3 | B11: ='현장품질관리서 - 세부내역'!G9 -> CD003 | C11: =IF('현장품질관리서 - 세부내역'!H9="","",'현장품질관리서 - 세부내역'!H9) | D11: ='현장품질관리서 - 세부내역'!B9 -> 250X200 | E11: ='현장품질관리서 - 세부내역'!C9 -> EZ F.B POSMAC Duct-VT-049 | F11: ='현장품질관리서 - 세부내역'!D9 -> FS-MP25-0310-3 | G11: ='현장품질관리서 - 세부내역'!E9 -> VM200 | H11: ='현장품질관리서 - 세부내역'!F9 -> 260512-VT-049-003 | I11: 260416GW001 | J11: 1.3 | K11: 4 | L11: =IF(M11="N/A","N/A"," ") -> N/A | M11: N/A | N11: N/A | O11: =IF(P11="N/A","N/A"," ") -> N/A | P11: N/A | Q11: N/A | R11: =IF(S11="N/A","N/A"," ") -> N/A | S11: N/A | T11: N/A | U11: =IF(V11="N/A","N/A"," ") -> N/A | V11: N/A | W11: N/A | X11: =IF(Y11="N/A","N/A"," ") -> N/A | Y11: N/A | Z11: N/A | AA11: =IF(AB11="N/A","N/A"," ") -> N/A | AB11: N/A | AC11: =IF(AD11="N/A","N/A"," ") -> N/A | AD11: N/A | AE11: J260514F03 | AF11: 3.28 | AG11: =IF(AH11="N/A","N/A"," ") -> N/A | AH11: N/A
A12: ='현장품질관리서 - 세부내역'!A10 -> 4 | B12: ='현장품질관리서 - 세부내역'!G10 -> CD004 | C12: =IF('현장품질관리서 - 세부내역'!H10="","",'현장품질관리서 - 세부내역'!H10) | D12: ='현장품질관리서 - 세부내역'!B10 -> 250X250 | E12: ='현장품질관리서 - 세부내역'!C10 -> EZ F.B POSMAC Duct-VT-049 | F12: ='현장품질관리서 - 세부내역'!D10 -> FS-MP25-0310-3 | G12: ='현장품질관리서 - 세부내역'!E10 -> VM200 | H12: ='현장품질관리서 - 세부내역'!F10 -> 260512-VT-049-004 | I12: 260416GW001 | J12: 1.4 | K12: 4 | L12: =IF(M12="N/A","N/A"," ") -> N/A | M12: N/A | N12: N/A | O12: =IF(P12="N/A","N/A"," ") -> N/A | P12: N/A | Q12: N/A | R12: =IF(S12="N/A","N/A"," ") -> N/A | S12: N/A | T12: N/A | U12: =IF(V12="N/A","N/A"," ") -> N/A | V12: N/A | W12: N/A | X12: =IF(Y12="N/A","N/A"," ") -> N/A | Y12: N/A | Z12: N/A | AA12: =IF(AB12="N/A","N/A"," ") -> N/A | AB12: N/A | AC12: =IF(AD12="N/A","N/A"," ") -> N/A | AD12: N/A | AE12: J260514F03 | AF12: 3.48 | AG12: =IF(AH12="N/A","N/A"," ") -> N/A | AH12: N/A
A13: ='현장품질관리서 - 세부내역'!A11 -> 5 | B13: ='현장품질관리서 - 세부내역'!G11 -> CD005 | C13: =IF('현장품질관리서 - 세부내역'!H11="","",'현장품질관리서 - 세부내역'!H11) | D13: ='현장품질관리서 - 세부내역'!B11 -> 450X300 | E13: ='현장품질관리서 - 세부내역'!C11 -> EZ F.B POSMAC Duct-VT-049 | F13: ='현장품질관리서 - 세부내역'!D11 -> FS-MP25-0310-3 | G13: ='현장품질관리서 - 세부내역'!E11 -> VM200 | H13: ='현장품질관리서 - 세부내역'!F11 -> 260512-VT-049-005 | I13: 260416GW001 | J13: 1.9 | K13: 4 | L13: =IF(M13="N/A","N/A"," ") -> N/A | M13: N/A | N13: N/A | O13: =IF(P13="N/A","N/A"," ") -> N/A | P13: N/A | Q13: N/A | R13: =IF(S13="N/A","N/A"," ") -> N/A | S13: N/A | T13: N/A | U13: =IF(V13="N/A","N/A"," ") -> N/A | V13: N/A | W13: N/A | X13: =IF(Y13="N/A","N/A"," ") -> N/A | Y13: N/A | Z13: N/A | AA13: =IF(AB13="N/A","N/A"," ") -> N/A | AB13: N/A | AC13: =IF(AD13="N/A","N/A"," ") -> N/A | AD13: N/A | AE13: J260514F03 | AF13: 4.48 | AG13: =IF(AH13="N/A","N/A"," ") -> N/A | AH13: N/A
A14: ='현장품질관리서 - 세부내역'!A12 -> 6 | B14: ='현장품질관리서 - 세부내역'!G12 -> CD006 | C14: =IF('현장품질관리서 - 세부내역'!H12="","",'현장품질관리서 - 세부내역'!H12) | D14: ='현장품질관리서 - 세부내역'!B12 -> 600X350 | E14: ='현장품질관리서 - 세부내역'!C12 -> EZ F.B POSMAC Duct-VT-049 | F14: ='현장품질관리서 - 세부내역'!D12 -> FS-MP25-0310-3 | G14: ='현장품질관리서 - 세부내역'!E12 -> VM200 | H14: ='현장품질관리서 - 세부내역'!F12 -> 260512-VT-049-006 | I14: 260416GW001 | J14: 2.3 | K14: 4 | L14: =IF(M14="N/A","N/A"," ") -> N/A | M14: N/A | N14: N/A | O14: =IF(P14="N/A","N/A"," ") -> N/A | P14: N/A | Q14: N/A | R14: =IF(S14="N/A","N/A"," ") -> N/A | S14: N/A | T14: N/A | U14: =IF(V14="N/A","N/A"," ") -> N/A | V14: N/A | W14: N/A | X14: =IF(Y14="N/A","N/A"," ") -> N/A | Y14: N/A | Z14: N/A | AA14: =IF(AB14="N/A","N/A"," ") -> N/A | AB14: N/A | AC14: =IF(AD14="N/A","N/A"," ") -> N/A | AD14: N/A | AE14: J260514F03 | AF14: 5.28 | AG14: =IF(AH14="N/A","N/A"," ") -> N/A | AH14: N/A
A15: ='현장품질관리서 - 세부내역'!A13 -> 7 | B15: ='현장품질관리서 - 세부내역'!G13 -> CD007 | C15: =IF('현장품질관리서 - 세부내역'!H13="","",'현장품질관리서 - 세부내역'!H13) | D15: ='현장품질관리서 - 세부내역'!B13 -> 300X250 | E15: ='현장품질관리서 - 세부내역'!C13 -> EZ-F.B-POSMAC Duct-HTG-064 | F15: ='현장품질관리서 - 세부내역'!D13 -> FS-MP25-0910-05 | G15: ='현장품질관리서 - 세부내역'!E13 -> HMG300C | H15: ='현장품질관리서 - 세부내역'!F13 -> 260512-HTG-064-007 | I15: 260416GW001 | J15: 1.5 | K15: 1 | L15: =IF(M15="N/A","N/A"," ") -> N/A | M15: N/A | N15: N/A | O15: =IF(P15="N/A","N/A"," ") -> N/A | P15: N/A | Q15: N/A | R15: =IF(S15="N/A","N/A"," ") -> N/A | S15: N/A | T15: N/A | U15: =IF(V15="N/A","N/A"," ") -> N/A | V15: N/A | W15: N/A | X15: 260227CW002 | Y15: 1.6 | Z15: 1 | AA15: J260406TS01 | AB15: 2 | AC15: J260330F02 | AD15: 2 | AE15: =IF(AF15="N/A","N/A"," ") -> N/A | AF15: N/A | AG15: =IF(AH15="N/A","N/A"," ") -> N/A | AH15: N/A
A16: ='현장품질관리서 - 세부내역'!A14 -> 8 | B16: ='현장품질관리서 - 세부내역'!G14 -> CD008 | C16: =IF('현장품질관리서 - 세부내역'!H14="","",'현장품질관리서 - 세부내역'!H14) | D16: ='현장품질관리서 - 세부내역'!B14 -> 350X200 | E16: ='현장품질관리서 - 세부내역'!C14 -> EZ-F.B-POSMAC Duct-HTG-064 | F16: ='현장품질관리서 - 세부내역'!D14 -> FS-MP25-0910-05 | G16: ='현장품질관리서 - 세부내역'!E14 -> HMG300C | H16: ='현장품질관리서 - 세부내역'!F14 -> 260512-HTG-064-008 | I16: 260416GW001 | J16: 1.5 | K16: 1 | L16: =IF(M16="N/A","N/A"," ") -> N/A | M16: N/A | N16: N/A | O16: =IF(P16="N/A","N/A"," ") -> N/A | P16: N/A | Q16: N/A | R16: =IF(S16="N/A","N/A"," ") -> N/A | S16: N/A | T16: N/A | U16: =IF(V16="N/A","N/A"," ") -> N/A | V16: N/A | W16: N/A | X16: 260227CW002 | Y16: 1.6 | Z16: 1 | AA16: J260406TS01 | AB16: 2 | AC16: J260330F02 | AD16: 2 | AE16: =IF(AF16="N/A","N/A"," ") -> N/A | AF16: N/A | AG16: =IF(AH16="N/A","N/A"," ") -> N/A | AH16: N/A
J17: =IF(K17="", "", IF(K17>0, "합계", "")) -> 합계 | K17: =IF(SUMPRODUCT(J9:J16,K9:K16)=0,"",SUMPRODUCT(J9:J16,K9:K16)) -> 39.4 | M17: =IF(N17="", "", IF(N17>0, "합계", "")) | N17: =IF(SUMPRODUCT(M9:M16,N9:N16)=0,"",SUMPRODUCT(M9:M16,N9:N16)) | P17: =IF(Q17="", "", IF(Q17>0, "합계", "")) | Q17: =IF(SUMPRODUCT(P9:P16,Q9:Q16)=0,"",SUMPRODUCT(P9:P16,Q9:Q16)) | S17: =IF(T17="", "", IF(T17>0, "합계", "")) | T17: =IF(SUMPRODUCT(S9:S16,T9:T16)=0,"",SUMPRODUCT(S9:S16,T9:T16)) | V17: =IF(W17="", "", IF(W17>0, "합계", "")) | W17: =IF(SUMPRODUCT(V9:V16,W9:W16)=0,"",SUMPRODUCT(V9:V16,W9:W16)) | Y17: =IF(Z17="", "", IF(Z17>0, "합계", "")) -> 합계 | Z17: =IF(SUMPRODUCT(Y9:Y16,Z9:Z16)=0,"",SUMPRODUCT(Y9:Y16,Z9:Z16)) -> 3.2 | AA17: =IF(AB17="", "", IF(AB17>0, "합계", "")) -> 합계 | AB17: =IF(COUNT(AB9:AB16)=0, "", IF(SUM(AB9:AB16)>=0, ROUNDUP(SUM(AB9:AB16), 0), "")) -> 4 | AC17: =IF(AD17="", "", IF(AD17>0, "합계", "")) -> 합계 | AD17: =IF(COUNT(AD9:AD16)=0, "", IF(SUM(AD9:AD16)>=0, ROUNDUP(SUM(AD9:AD16), 0), "")) -> 4 | AE17: =IF(AF17="", "", IF(AF17>0, "합계", "")) -> 합계 | AF17: =IF(COUNT(AF9:AF16)=0, "", IF(SUM(AF9:AF16)>=0, ROUNDUP(SUM(AF9:AF16), 0), "")) -> 23 | AG17: =IF(AH17="", "", IF(AH17>0, "합계", "")) | AH17: =IF(COUNT(AH9:AH16)=0, "", IF(SUM(AH9:AH16)>=0, ROUNDUP(SUM(AH9:AH16), 0), ""))
A18: 특이사항 및 조치사항
A20: EZC-C-304-3 (Tab 2) Rev.2 | N20: (주) 이지원 | AC20: A4 가로(297×210)mm

Sheet LOT 추적
A1: ( 26.05.12 엘티엔지니어링_기건공영(주)_(주)케이에스이엔지_수원10비행단 ) LOT 세부내역
A4: NO. | B4: 출하 | D4: 발주 | G4: 규격 | H4: 구조 | K4: 배합 | Q4: 압출 | S4: 재단 | U4: 조립 | AA4: 틈새복합시트 | AH4: 플래싱(Z형) | AN4: 플래싱(I형) 5T | AT4: 플래싱(I형) 4T | AZ4: 구조체 최종 | BL4: 비고
B5: 출하일자 | C5: 품질관리번호 | D5: 납품업체 | E5: 현장명 | F5: 발주일자 | H5: 생산완료일자 | I5: 구조 LOT 번호 | J5: 제품번호 | K5: 생산완료일자 | L5: 배합 LOT 번호 | M5: PE3005MB | N5: 팽창흑연#50 | O5: EVA EA33045 | P5: EVA EP100 | Q5: 생산완료일자 | R5: 압출 LOT 번호 | S5: 생산완료일자 | T5: 재단 LOT 번호 | U5: 생산완료일자 | V5: 조립 LOT 번호 | W5: 소켓 | X5: 시트 | Y5: 차열재 | Z5: 실란트 | AA5: 생산완료일자 | AB5: 조립 | AC5: 차열재 | AD5: 소켓 | AE5: 배합 | AF5: 압출 | AG5: 재단 | AH5: 생산완료일자 | AI5: 조립 | AJ5: 소켓 | AK5: 배합 | AL5: 압출 | AM5: 재단 | AN5: 생산완료일자 | AO5: 조립 | AP5: 소켓 | AQ5: 배합 | AR5: 압출 | AS5: 재단 | AT5: 생산완료일자 | AU5: 조립 | AV5: 소켓 | AW5: 배합 | AX5: 압출 | AY5: 재단 | AZ5: 생산완료일자 | BA5: 구조 LOT 번호 | BB5: 그라스울(25T*1400) | BC5: 그라스울(25T*1000) | BD5: 세라믹블랭킷(25T*200) | BE5: 세라믹블랭킷(38T*600) | BF5: 세라믹블랭킷(50T*400) | BG5: 세라믹블랭킷(50T*600) | BH5: 틈새복합시트 | BI5: 플래싱(Z형) | BJ5: 플래싱(I형)5T | BK5: 플래싱(I형)4T
A6: 1 | B6: ='현장품질관리서 - 세부내역'!$G$1 -> 26. 05. 22 | C6: N/A | D6: ='현장품질관리서 - 세부내역'!$G$3 -> ㈜엘티엔지니어링 | E6: ='현장품질관리서 - 세부내역'!$G$2 -> 수원10비행단 | F6: 26. 05. 12 | G6: =IFERROR(INDEX('현장품질관리서 - 세부내역'!$B$7:$B$143,MATCH(I6,'현장품질관리서 - 세부내역'!$F$7:$F$143,0)),"N/A") -> 150X150 | H6: N/A | I6: ='현장품질관리서 - 세부내역'!$F$7 -> 260512-VT-049-001 | J6: =IFERROR(VLOOKUP(I6,'현장품질관리서 - 세부내역'!$F$7:$G$143,2,0),"N/A") -> CD001 | K6: 26.05.13 | L6: 260513-S02 | M6: 260428MB001 | N6: 260403EG#5001 | O6: 260303EA001 | P6: 260325EP001 | Q6: 26.05.13 | R6: 260513-S02 | S6: 26. 05. 18 | T6: 260513-S02 | U6: 26. 05. 20 | V6: J260520D01 | W6: 260513GI009 | X6: 260513-S02 | Y6: 260203CW002 | Z6: 260220SS001 | AA6: =IF(AB6="N/A","N/A",MID(AB6,2,2)&". "&MID(AB6,4,2)&". "&MID(AB6,6,2)) -> N/A | AB6: =BH6 -> N/A | AC6: N/A | AD6: N/A | AE6: N/A | AF6: N/A | AG6: N/A | AH6: =IF(AI6="N/A","N/A",MID(AI6,2,2)&". "&MID(AI6,4,2)&". "&MID(AI6,6,2)) -> N/A | AI6: =BI6 -> N/A | AJ6: N/A | AK6: N/A | AL6: N/A | AM6: N/A | AN6: =IF(AO6="N/A","N/A",MID(AO6,2,2)&". "&MID(AO6,4,2)&". "&MID(AO6,6,2)) -> 26. 05. 14 | AO6: =BJ6 -> J260514F03 | AP6: 260224GI001 | AQ6: 260507-S02 | AR6: 260507-S02 | AS6: 260507-S02 | AT6: =IF(AU6="N/A","N/A",MID(AU6,2,2)&". "&MID(AU6,4,2)&". "&MID(AU6,6,2)) -> N/A | AU6: =BK6 -> N/A | AV6: N/A | AW6: N/A | AX6: N/A | AY6: N/A | AZ6: =H6 -> N/A | BA6: =I6 -> 260512-VT-049-001 | BB6: =IFERROR(VLOOKUP(I6,'품질관리서 - 세부내역'!$H$9:$I$143,2,0),"N/A") -> 260416GW001 | BC6: =IFERROR(VLOOKUP(I6,'품질관리서 - 세부내역'!$H$9:$L$143,5,0),"N/A") -> N/A | BD6: =IFERROR(VLOOKUP(I6,'품질관리서 - 세부내역'!$H$9:$O$143,8,0),"N/A") -> N/A | BE6: =IFERROR(VLOOKUP(I6,'품질관리서 - 세부내역'!$H$9:$R$143,11,0),"N/A") -> N/A | BF6: =IFERROR(VLOOKUP(I6,'품질관리서 - 세부내역'!$H$9:$U$143,14,0),"N/A") -> N/A | BG6: =IFERROR(VLOOKUP(I6,'품질관리서 - 세부내역'!$H$9:$X$143,17,0),"N/A") -> N/A | BH6: =IFERROR(VLOOKUP(I6,'품질관리서 - 세부내역'!$H$9:$AA$143,20,0),"N/A") -> N/A | BI6: =IFERROR(VLOOKUP(I6,'품질관리서 - 세부내역'!$H$9:$AC$143,22,0),"N/A") -> N/A | BJ6: =IFERROR(VLOOKUP(I6,'품질관리서 - 세부내역'!$H$9:$AE$143,24,0),"N/A") -> J260514F03 | BK6: =IFERROR(VLOOKUP(I6,'품질관리서 - 세부내역'!$H$9:$AG$143,26,0),"N/A") -> N/A | BL6: N/A
A7: 2 | B7: ='현장품질관리서 - 세부내역'!$G$1 -> 26. 05. 22 | C7: N/A | D7: ='현장품질관리서 - 세부내역'!$G$3 -> ㈜엘티엔지니어링 | E7: ='현장품질관리서 - 세부내역'!$G$2 -> 수원10비행단 | F7: 26. 05. 12 | G7: =IFERROR(INDEX('현장품질관리서 - 세부내역'!$B$7:$B$143,MATCH(I7,'현장품질관리서 - 세부내역'!$F$7:$F$143,0)),"N/A") -> 200X200 | H7: N/A | I7: ='현장품질관리서 - 세부내역'!$F$8 -> 260512-VT-049-002 | J7: =IFERROR(VLOOKUP(I7,'현장품질관리서 - 세부내역'!$F$7:$G$143,2,0),"N/A") -> CD002 | K7: 26.05.13 | L7: 260513-S02 | M7: 260428MB001 | N7: 260403EG#5001 | O7: 260303EA001 | P7: 260325EP001 | Q7: 26.05.13 | R7: 260513-S02 | S7: 26. 05. 18 | T7: 260513-S02 | U7: 26. 05. 20 | V7: J260520D02 | W7: 260513GI010 | X7: 260513-S02 | Y7: 260203CW002 | Z7: 260220SS001 | AA7: =IF(AB7="N/A","N/A",MID(AB7,2,2)&". "&MID(AB7,4,2)&". "&MID(AB7,6,2)) -> N/A | AB7: =BH7 -> N/A | AC7: N/A | AD7: N/A | AE7: N/A | AF7: N/A | AG7: N/A | AH7: =IF(AI7="N/A","N/A",MID(AI7,2,2)&". "&MID(AI7,4,2)&". "&MID(AI7,6,2)) -> N/A | AI7: =BI7 -> N/A | AJ7: N/A | AK7: N/A | AL7: N/A | AM7: N/A | AN7: =IF(AO7="N/A","N/A",MID(AO7,2,2)&". "&MID(AO7,4,2)&". "&MID(AO7,6,2)) -> 26. 05. 14 | AO7: =BJ7 -> J260514F03 | AP7: 260224GI001 | AQ7: 260507-S02 | AR7: 260507-S02 | AS7: 260507-S02 | AT7: =IF(AU7="N/A","N/A",MID(AU7,2,2)&". "&MID(AU7,4,2)&". "&MID(AU7,6,2)) -> N/A | AU7: =BK7 -> N/A | AV7: N/A | AW7: N/A | AX7: N/A | AY7: N/A | AZ7: =H7 -> N/A | BA7: =I7 -> 260512-VT-049-002 | BB7: =IFERROR(VLOOKUP(I7,'품질관리서 - 세부내역'!$H$9:$I$143,2,0),"N/A") -> 260416GW001 | BC7: =IFERROR(VLOOKUP(I7,'품질관리서 - 세부내역'!$H$9:$L$143,5,0),"N/A") -> N/A | BD7: =IFERROR(VLOOKUP(I7,'품질관리서 - 세부내역'!$H$9:$O$143,8,0),"N/A") -> N/A | BE7: =IFERROR(VLOOKUP(I7,'품질관리서 - 세부내역'!$H$9:$R$143,11,0),"N/A") -> N/A | BF7: =IFERROR(VLOOKUP(I7,'품질관리서 - 세부내역'!$H$9:$U$143,14,0),"N/A") -> N/A | BG7: =IFERROR(VLOOKUP(I7,'품질관리서 - 세부내역'!$H$9:$X$143,17,0),"N/A") -> N/A | BH7: =IFERROR(VLOOKUP(I7,'품질관리서 - 세부내역'!$H$9:$AA$143,20,0),"N/A") -> N/A | BI7: =IFERROR(VLOOKUP(I7,'품질관리서 - 세부내역'!$H$9:$AC$143,22,0),"N/A") -> N/A | BJ7: =IFERROR(VLOOKUP(I7,'품질관리서 - 세부내역'!$H$9:$AE$143,24,0),"N/A") -> J260514F03 | BK7: =IFERROR(VLOOKUP(I7,'품질관리서 - 세부내역'!$H$9:$AG$143,26,0),"N/A") -> N/A | BL7: N/A
A8: 3 | B8: ='현장품질관리서 - 세부내역'!$G$1 -> 26. 05. 22 | C8: N/A | D8: ='현장품질관리서 - 세부내역'!$G$3 -> ㈜엘티엔지니어링 | E8: ='현장품질관리서 - 세부내역'!$G$2 -> 수원10비행단 | F8: 26. 05. 12 | G8: =IFERROR(INDEX('현장품질관리서 - 세부내역'!$B$7:$B$143,MATCH(I8,'현장품질관리서 - 세부내역'!$F$7:$F$143,0)),"N/A") -> 250X200 | H8: N/A | I8: ='현장품질관리서 - 세부내역'!$F$9 -> 260512-VT-049-003 | J8: =IFERROR(VLOOKUP(I8,'현장품질관리서 - 세부내역'!$F$7:$G$143,2,0),"N/A") -> CD003 | K8: 26.05.13 | L8: 260513-S02, 260513-S03 | M8: 260428MB001 | N8: 260403EG#5001 | O8: 260303EA001 | P8: 260325EP001 | Q8: 26.05.13 | R8: 260513-S02, 260513-S03 | S8: 26. 05. 18 | T8: 260513-S02(200*2), 260513-S03 | U8: 26. 05. 20 | V8: J260520D03 | W8: 260513GI011 | X8: 260513-S02(200*2), 260513-S03 | Y8: 260203CW002 | Z8: 260220SS001 | AA8: =IF(AB8="N/A","N/A",MID(AB8,2,2)&". "&MID(AB8,4,2)&". "&MID(AB8,6,2)) -> N/A | AB8: =BH8 -> N/A | AC8: N/A | AD8: N/A | AE8: N/A | AF8: N/A | AG8: N/A | AH8: =IF(AI8="N/A","N/A",MID(AI8,2,2)&". "&MID(AI8,4,2)&". "&MID(AI8,6,2)) -> N/A | AI8: =BI8 -> N/A | AJ8: N/A | AK8: N/A | AL8: N/A | AM8: N/A | AN8: =IF(AO8="N/A","N/A",MID(AO8,2,2)&". "&MID(AO8,4,2)&". "&MID(AO8,6,2)) -> 26. 05. 14 | AO8: =BJ8 -> J260514F03 | AP8: 260224GI001 | AQ8: 260507-S02 | AR8: 260507-S02 | AS8: 260507-S02 | AT8: =IF(AU8="N/A","N/A",MID(AU8,2,2)&". "&MID(AU8,4,2)&". "&MID(AU8,6,2)) -> N/A | AU8: =BK8 -> N/A | AV8: N/A | AW8: N/A | AX8: N/A | AY8: N/A | AZ8: =H8 -> N/A | BA8: =I8 -> 260512-VT-049-003 | BB8: =IFERROR(VLOOKUP(I8,'품질관리서 - 세부내역'!$H$9:$I$143,2,0),"N/A") -> 260416GW001 | BC8: =IFERROR(VLOOKUP(I8,'품질관리서 - 세부내역'!$H$9:$L$143,5,0),"N/A") -> N/A | BD8: =IFERROR(VLOOKUP(I8,'품질관리서 - 세부내역'!$H$9:$O$143,8,0),"N/A") -> N/A | BE8: =IFERROR(VLOOKUP(I8,'품질관리서 - 세부내역'!$H$9:$R$143,11,0),"N/A") -> N/A | BF8: =IFERROR(VLOOKUP(I8,'품질관리서 - 세부내역'!$H$9:$U$143,14,0),"N/A") -> N/A | BG8: =IFERROR(VLOOKUP(I8,'품질관리서 - 세부내역'!$H$9:$X$143,17,0),"N/A") -> N/A | BH8: =IFERROR(VLOOKUP(I8,'품질관리서 - 세부내역'!$H$9:$AA$143,20,0),"N/A") -> N/A | BI8: =IFERROR(VLOOKUP(I8,'품질관리서 - 세부내역'!$H$9:$AC$143,22,0),"N/A") -> N/A | BJ8: =IFERROR(VLOOKUP(I8,'품질관리서 - 세부내역'!$H$9:$AE$143,24,0),"N/A") -> J260514F03 | BK8: =IFERROR(VLOOKUP(I8,'품질관리서 - 세부내역'!$H$9:$AG$143,26,0),"N/A") -> N/A | BL8: N/A
A9: 4 | B9: ='현장품질관리서 - 세부내역'!$G$1 -> 26. 05. 22 | C9: N/A | D9: ='현장품질관리서 - 세부내역'!$G$3 -> ㈜엘티엔지니어링 | E9: ='현장품질관리서 - 세부내역'!$G$2 -> 수원10비행단 | F9: 26. 05. 12 | G9: =IFERROR(INDEX('현장품질관리서 - 세부내역'!$B$7:$B$143,MATCH(I9,'현장품질관리서 - 세부내역'!$F$7:$F$143,0)),"N/A") -> 250X250 | H9: N/A | I9: ='현장품질관리서 - 세부내역'!$F$10 -> 260512-VT-049-004 | J9: =IFERROR(VLOOKUP(I9,'현장품질관리서 - 세부내역'!$F$7:$G$143,2,0),"N/A") -> CD004 | K9: 26.05.13 | L9: 260513-S03, 260513-S04 | M9: 260428MB001 | N9: 260403EG#5001 | O9: 260303EA001 | P9: 260325EP001 | Q9: 26.05.13 /26.05.14 | R9: 260513-S03, 260513-S04 | S9: 26. 05. 18 | T9: 260513-S03(220*4, 310*2), 260513-S04 | U9: 26. 05. 20 | V9: J260520D04 | W9: 260513GI012 | X9: 260513-S03(220*4, 310*2), 260513-S04 | Y9: 260203CW002 | Z9: 260220SS001 | AA9: =IF(AB9="N/A","N/A",MID(AB9,2,2)&". "&MID(AB9,4,2)&". "&MID(AB9,6,2)) -> N/A | AB9: =BH9 -> N/A | AC9: N/A | AD9: N/A | AE9: N/A | AF9: N/A | AG9: N/A | AH9: =IF(AI9="N/A","N/A",MID(AI9,2,2)&". "&MID(AI9,4,2)&". "&MID(AI9,6,2)) -> N/A | AI9: =BI9 -> N/A | AJ9: N/A | AK9: N/A | AL9: N/A | AM9: N/A | AN9: =IF(AO9="N/A","N/A",MID(AO9,2,2)&". "&MID(AO9,4,2)&". "&MID(AO9,6,2)) -> 26. 05. 14 | AO9: =BJ9 -> J260514F03 | AP9: 260224GI001 | AQ9: 260507-S02 | AR9: 260507-S02 | AS9: 260507-S02 | AT9: =IF(AU9="N/A","N/A",MID(AU9,2,2)&". "&MID(AU9,4,2)&". "&MID(AU9,6,2)) -> N/A | AU9: =BK9 -> N/A | AV9: N/A | AW9: N/A | AX9: N/A | AY9: N/A | AZ9: =H9 -> N/A | BA9: =I9 -> 260512-VT-049-004 | BB9: =IFERROR(VLOOKUP(I9,'품질관리서 - 세부내역'!$H$9:$I$143,2,0),"N/A") -> 260416GW001 | BC9: =IFERROR(VLOOKUP(I9,'품질관리서 - 세부내역'!$H$9:$L$143,5,0),"N/A") -> N/A | BD9: =IFERROR(VLOOKUP(I9,'품질관리서 - 세부내역'!$H$9:$O$143,8,0),"N/A") -> N/A | BE9: =IFERROR(VLOOKUP(I9,'품질관리서 - 세부내역'!$H$9:$R$143,11,0),"N/A") -> N/A | BF9: =IFERROR(VLOOKUP(I9,'품질관리서 - 세부내역'!$H$9:$U$143,14,0),"N/A") -> N/A | BG9: =IFERROR(VLOOKUP(I9,'품질관리서 - 세부내역'!$H$9:$X$143,17,0),"N/A") -> N/A | BH9: =IFERROR(VLOOKUP(I9,'품질관리서 - 세부내역'!$H$9:$AA$143,20,0),"N/A") -> N/A | BI9: =IFERROR(VLOOKUP(I9,'품질관리서 - 세부내역'!$H$9:$AC$143,22,0),"N/A") -> N/A | BJ9: =IFERROR(VLOOKUP(I9,'품질관리서 - 세부내역'!$H$9:$AE$143,24,0),"N/A") -> J260514F03 | BK9: =IFERROR(VLOOKUP(I9,'품질관리서 - 세부내역'!$H$9:$AG$143,26,0),"N/A") -> N/A | BL9: N/A
A10: 5 | B10: ='현장품질관리서 - 세부내역'!$G$1 -> 26. 05. 22 | C10: N/A | D10: ='현장품질관리서 - 세부내역'!$G$3 -> ㈜엘티엔지니어링 | E10: ='현장품질관리서 - 세부내역'!$G$2 -> 수원10비행단 | F10: 26. 05. 12 | G10: =IFERROR(INDEX('현장품질관리서 - 세부내역'!$B$7:$B$143,MATCH(I10,'현장품질관리서 - 세부내역'!$F$7:$F$143,0)),"N/A") -> 450X300 | H10: N/A | I10: ='현장품질관리서 - 세부내역'!$F$11 -> 260512-VT-049-005 | J10: =IFERROR(VLOOKUP(I10,'현장품질관리서 - 세부내역'!$F$7:$G$143,2,0),"N/A") -> CD005 | K10: 26.05.13 | L10: 260513-S04, 260513-S08 | M10: 260428MB001 | N10: 260403EG#5001 | O10: 260303EA001 | P10: 260325EP001 | Q10: 26.05.14 | R10: 260513-S04, 260513-S08 | S10: 26. 05. 18 | T10: 260513-S04(270*4, 510*1, 300*2), 260513-S08 | U10: 26. 05. 20 | V10: J260520D05 | W10: 260513GI013 | X10: 260513-S04(270*4, 510*1, 300*2), 260513-S08 | Y10: 260203CW002 | Z10: 260220SS001 | AA10: =IF(AB10="N/A","N/A",MID(AB10,2,2)&". "&MID(AB10,4,2)&". "&MID(AB10,6,2)) -> N/A | AB10: =BH10 -> N/A | AC10: N/A | AD10: N/A | AE10: N/A | AF10: N/A | AG10: N/A | AH10: =IF(AI10="N/A","N/A",MID(AI10,2,2)&". "&MID(AI10,4,2)&". "&MID(AI10,6,2)) -> N/A | AI10: =BI10 -> N/A | AJ10: N/A | AK10: N/A | AL10: N/A | AM10: N/A | AN10: =IF(AO10="N/A","N/A",MID(AO10,2,2)&". "&MID(AO10,4,2)&". "&MID(AO10,6,2)) -> 26. 05. 14 | AO10: =BJ10 -> J260514F03 | AP10: 260224GI001 | AQ10: 260507-S02 | AR10: 260507-S02 | AS10: 260507-S02 | AT10: =IF(AU10="N/A","N/A",MID(AU10,2,2)&". "&MID(AU10,4,2)&". "&MID(AU10,6,2)) -> N/A | AU10: =BK10 -> N/A | AV10: N/A | AW10: N/A | AX10: N/A | AY10: N/A | AZ10: =H10 -> N/A | BA10: =I10 -> 260512-VT-049-005 | BB10: =IFERROR(VLOOKUP(I10,'품질관리서 - 세부내역'!$H$9:$I$143,2,0),"N/A") -> 260416GW001 | BC10: =IFERROR(VLOOKUP(I10,'품질관리서 - 세부내역'!$H$9:$L$143,5,0),"N/A") -> N/A | BD10: =IFERROR(VLOOKUP(I10,'품질관리서 - 세부내역'!$H$9:$O$143,8,0),"N/A") -> N/A | BE10: =IFERROR(VLOOKUP(I10,'품질관리서 - 세부내역'!$H$9:$R$143,11,0),"N/A") -> N/A | BF10: =IFERROR(VLOOKUP(I10,'품질관리서 - 세부내역'!$H$9:$U$143,14,0),"N/A") -> N/A | BG10: =IFERROR(VLOOKUP(I10,'품질관리서 - 세부내역'!$H$9:$X$143,17,0),"N/A") -> N/A | BH10: =IFERROR(VLOOKUP(I10,'품질관리서 - 세부내역'!$H$9:$AA$143,20,0),"N/A") -> N/A | BI10: =IFERROR(VLOOKUP(I10,'품질관리서 - 세부내역'!$H$9:$AC$143,22,0),"N/A") -> N/A | BJ10: =IFERROR(VLOOKUP(I10,'품질관리서 - 세부내역'!$H$9:$AE$143,24,0),"N/A") -> J260514F03 | BK10: =IFERROR(VLOOKUP(I10,'품질관리서 - 세부내역'!$H$9:$AG$143,26,0),"N/A") -> N/A | BL10: N/A
A11: 6 | B11: ='현장품질관리서 - 세부내역'!$G$1 -> 26. 05. 22 | C11: N/A | D11: ='현장품질관리서 - 세부내역'!$G$3 -> ㈜엘티엔지니어링 | E11: ='현장품질관리서 - 세부내역'!$G$2 -> 수원10비행단 | F11: 26. 05. 12 | G11: =IFERROR(INDEX('현장품질관리서 - 세부내역'!$B$7:$B$143,MATCH(I11,'현장품질관리서 - 세부내역'!$F$7:$F$143,0)),"N/A") -> 600X350 | H11: N/A | I11: ='현장품질관리서 - 세부내역'!$F$12 -> 260512-VT-049-006 | J11: =IFERROR(VLOOKUP(I11,'현장품질관리서 - 세부내역'!$F$7:$G$143,2,0),"N/A") -> CD006 | K11: 26.05.13 | L11: 260513-S04, 260513-S08 | M11: 260428MB001 | N11: 260403EG#5001 | O11: 260303EA001 | P11: 260325EP001 | Q11: 26.05.14 | R11: 260513-S04, 260513-S08 | S11: 26. 05. 18 | T11: 260513-S04(320*4), 260513-S08 | U11: 26. 05. 20 | V11: J260520D06 | W11: 260513GI014 | X11: 260513-S04(320*4), 260513-S08 | Y11: 260203CW002 | Z11: 260220SS001 | AA11: =IF(AB11="N/A","N/A",MID(AB11,2,2)&". "&MID(AB11,4,2)&". "&MID(AB11,6,2)) -> N/A | AB11: =BH11 -> N/A | AC11: N/A | AD11: N/A | AE11: N/A | AF11: N/A | AG11: N/A | AH11: =IF(AI11="N/A","N/A",MID(AI11,2,2)&". "&MID(AI11,4,2)&". "&MID(AI11,6,2)) -> N/A | AI11: =BI11 -> N/A | AJ11: N/A | AK11: N/A | AL11: N/A | AM11: N/A | AN11: =IF(AO11="N/A","N/A",MID(AO11,2,2)&". "&MID(AO11,4,2)&". "&MID(AO11,6,2)) -> 26. 05. 14 | AO11: =BJ11 -> J260514F03 | AP11: 260224GI001 | AQ11: 260507-S02 | AR11: 260507-S02 | AS11: 260507-S02 | AT11: =IF(AU11="N/A","N/A",MID(AU11,2,2)&". "&MID(AU11,4,2)&". "&MID(AU11,6,2)) -> N/A | AU11: =BK11 -> N/A | AV11: N/A | AW11: N/A | AX11: N/A | AY11: N/A | AZ11: =H11 -> N/A | BA11: =I11 -> 260512-VT-049-006 | BB11: =IFERROR(VLOOKUP(I11,'품질관리서 - 세부내역'!$H$9:$I$143,2,0),"N/A") -> 260416GW001 | BC11: =IFERROR(VLOOKUP(I11,'품질관리서 - 세부내역'!$H$9:$L$143,5,0),"N/A") -> N/A | BD11: =IFERROR(VLOOKUP(I11,'품질관리서 - 세부내역'!$H$9:$O$143,8,0),"N/A") -> N/A | BE11: =IFERROR(VLOOKUP(I11,'품질관리서 - 세부내역'!$H$9:$R$143,11,0),"N/A") -> N/A | BF11: =IFERROR(VLOOKUP(I11,'품질관리서 - 세부내역'!$H$9:$U$143,14,0),"N/A") -> N/A | BG11: =IFERROR(VLOOKUP(I11,'품질관리서 - 세부내역'!$H$9:$X$143,17,0),"N/A") -> N/A | BH11: =IFERROR(VLOOKUP(I11,'품질관리서 - 세부내역'!$H$9:$AA$143,20,0),"N/A") -> N/A | BI11: =IFERROR(VLOOKUP(I11,'품질관리서 - 세부내역'!$H$9:$AC$143,22,0),"N/A") -> N/A | BJ11: =IFERROR(VLOOKUP(I11,'품질관리서 - 세부내역'!$H$9:$AE$143,24,0),"N/A") -> J260514F03 | BK11: =IFERROR(VLOOKUP(I11,'품질관리서 - 세부내역'!$H$9:$AG$143,26,0),"N/A") -> N/A | BL11: N/A
A12: 7 | B12: ='현장품질관리서 - 세부내역'!$G$1 -> 26. 05. 22 | C12: N/A | D12: ='현장품질관리서 - 세부내역'!$G$3 -> ㈜엘티엔지니어링 | E12: ='현장품질관리서 - 세부내역'!$G$2 -> 수원10비행단 | F12: 26. 05. 12 | G12: =IFERROR(INDEX('현장품질관리서 - 세부내역'!$B$7:$B$143,MATCH(I12,'현장품질관리서 - 세부내역'!$F$7:$F$143,0)),"N/A") -> 300X250 | H12: N/A | I12: ='현장품질관리서 - 세부내역'!$F$13 -> 260512-HTG-064-007 | J12: =IFERROR(VLOOKUP(I12,'현장품질관리서 - 세부내역'!$F$7:$G$143,2,0),"N/A") -> CD007 | K12: 26.04.27 | L12: 260427-S08 | M12: 260325MB001 | N12: 260325EG#5001 | O12: 260303EA001 | P12: 260325EP001 | Q12: 26.04.28 | R12: 260427-S08 | S12: 26. 05. 18 | T12: 260427-S08 | U12: 26. 05. 20 | V12: J260520D07 | W12: 260513GI015 | X12: 260427-S08 | Y12: 260109CW002 | Z12: 260220SS001 | AA12: =IF(AB12="N/A","N/A",MID(AB12,2,2)&". "&MID(AB12,4,2)&". "&MID(AB12,6,2)) -> 26. 04. 06 | AB12: =BH12 -> J260406TS01 | AC12: 260227CW004 | AD12: 260123GI004 | AE12: 260129-S08 | AF12: 260129-S08 | AG12: 260129-S08 | AH12: =IF(AI12="N/A","N/A",MID(AI12,2,2)&". "&MID(AI12,4,2)&". "&MID(AI12,6,2)) -> 26. 03. 30 | AI12: =BI12 -> J260330F02 | AJ12: 260123GI005 | AK12: 260119-S04 | AL12: 260119-S04 | AM12: 260119-S04 | AN12: =IF(AO12="N/A","N/A",MID(AO12,2,2)&". "&MID(AO12,4,2)&". "&MID(AO12,6,2)) -> N/A | AO12: =BJ12 -> N/A | AP12: N/A | AQ12: N/A | AR12: N/A | AS12: N/A | AT12: =IF(AU12="N/A","N/A",MID(AU12,2,2)&". "&MID(AU12,4,2)&". "&MID(AU12,6,2)) -> N/A | AU12: =BK12 -> N/A | AV12: N/A | AW12: N/A | AX12: N/A | AY12: N/A | AZ12: =H12 -> N/A | BA12: =I12 -> 260512-HTG-064-007 | BB12: =IFERROR(VLOOKUP(I12,'품질관리서 - 세부내역'!$H$9:$I$143,2,0),"N/A") -> 260416GW001 | BC12: =IFERROR(VLOOKUP(I12,'품질관리서 - 세부내역'!$H$9:$L$143,5,0),"N/A") -> N/A | BD12: =IFERROR(VLOOKUP(I12,'품질관리서 - 세부내역'!$H$9:$O$143,8,0),"N/A") -> N/A | BE12: =IFERROR(VLOOKUP(I12,'품질관리서 - 세부내역'!$H$9:$R$143,11,0),"N/A") -> N/A | BF12: =IFERROR(VLOOKUP(I12,'품질관리서 - 세부내역'!$H$9:$U$143,14,0),"N/A") -> N/A | BG12: =IFERROR(VLOOKUP(I12,'품질관리서 - 세부내역'!$H$9:$X$143,17,0),"N/A") -> 260227CW002 | BH12: =IFERROR(VLOOKUP(I12,'품질관리서 - 세부내역'!$H$9:$AA$143,20,0),"N/A") -> J260406TS01 | BI12: =IFERROR(VLOOKUP(I12,'품질관리서 - 세부내역'!$H$9:$AC$143,22,0),"N/A") -> J260330F02 | BJ12: =IFERROR(VLOOKUP(I12,'품질관리서 - 세부내역'!$H$9:$AE$143,24,0),"N/A") -> N/A | BK12: =IFERROR(VLOOKUP(I12,'품질관리서 - 세부내역'!$H$9:$AG$143,26,0),"N/A") -> N/A | BL12: N/A
A13: 8 | B13: ='현장품질관리서 - 세부내역'!$G$1 -> 26. 05. 22 | C13: N/A | D13: ='현장품질관리서 - 세부내역'!$G$3 -> ㈜엘티엔지니어링 | E13: ='현장품질관리서 - 세부내역'!$G$2 -> 수원10비행단 | F13: 26. 05. 12 | G13: =IFERROR(INDEX('현장품질관리서 - 세부내역'!$B$7:$B$143,MATCH(I13,'현장품질관리서 - 세부내역'!$F$7:$F$143,0)),"N/A") -> 350X200 | H13: N/A | I13: ='현장품질관리서 - 세부내역'!$F$14 -> 260512-HTG-064-008 | J13: =IFERROR(VLOOKUP(I13,'현장품질관리서 - 세부내역'!$F$7:$G$143,2,0),"N/A") -> CD008 | K13: 26.04.27 | L13: 260427-S08 | M13: 260325MB001 | N13: 260325EG#5001 | O13: 260303EA001 | P13: 260325EP001 | Q13: 26.04.28 | R13: 260427-S08 | S13: 26. 05. 18 | T13: 260427-S08 | U13: 26. 05. 20 | V13: J260520D08 | W13: 260513GI016 | X13: 260427-S08 | Y13: 260109CW002 | Z13: 260220SS001 | AA13: =IF(AB13="N/A","N/A",MID(AB13,2,2)&". "&MID(AB13,4,2)&". "&MID(AB13,6,2)) -> 26. 04. 06 | AB13: =BH13 -> J260406TS01 | AC13: 260227CW004 | AD13: 260123GI004 | AE13: 260129-S08 | AF13: 260129-S08 | AG13: 260129-S08 | AH13: =IF(AI13="N/A","N/A",MID(AI13,2,2)&". "&MID(AI13,4,2)&". "&MID(AI13,6,2)) -> 26. 03. 30 | AI13: =BI13 -> J260330F02 | AJ13: 260123GI005 | AK13: 260119-S04 | AL13: 260119-S04 | AM13: 260119-S04 | AN13: =IF(AO13="N/A","N/A",MID(AO13,2,2)&". "&MID(AO13,4,2)&". "&MID(AO13,6,2)) -> N/A | AO13: =BJ13 -> N/A | AP13: N/A | AQ13: N/A | AR13: N/A | AS13: N/A | AT13: =IF(AU13="N/A","N/A",MID(AU13,2,2)&". "&MID(AU13,4,2)&". "&MID(AU13,6,2)) -> N/A | AU13: =BK13 -> N/A | AV13: N/A | AW13: N/A | AX13: N/A | AY13: N/A | AZ13: =H13 -> N/A | BA13: =I13 -> 260512-HTG-064-008 | BB13: =IFERROR(VLOOKUP(I13,'품질관리서 - 세부내역'!$H$9:$I$143,2,0),"N/A") -> 260416GW001 | BC13: =IFERROR(VLOOKUP(I13,'품질관리서 - 세부내역'!$H$9:$L$143,5,0),"N/A") -> N/A | BD13: =IFERROR(VLOOKUP(I13,'품질관리서 - 세부내역'!$H$9:$O$143,8,0),"N/A") -> N/A | BE13: =IFERROR(VLOOKUP(I13,'품질관리서 - 세부내역'!$H$9:$R$143,11,0),"N/A") -> N/A | BF13: =IFERROR(VLOOKUP(I13,'품질관리서 - 세부내역'!$H$9:$U$143,14,0),"N/A") -> N/A | BG13: =IFERROR(VLOOKUP(I13,'품질관리서 - 세부내역'!$H$9:$X$143,17,0),"N/A") -> 260227CW002 | BH13: =IFERROR(VLOOKUP(I13,'품질관리서 - 세부내역'!$H$9:$AA$143,20,0),"N/A") -> J260406TS01 | BI13: =IFERROR(VLOOKUP(I13,'품질관리서 - 세부내역'!$H$9:$AC$143,22,0),"N/A") -> J260330F02 | BJ13: =IFERROR(VLOOKUP(I13,'품질관리서 - 세부내역'!$H$9:$AE$143,24,0),"N/A") -> N/A | BK13: =IFERROR(VLOOKUP(I13,'품질관리서 - 세부내역'!$H$9:$AG$143,26,0),"N/A") -> N/A | BL13: N/A
