Workbook

Sheet 1. 소켓인수검사
A1: 구조체작업지시서 | D1: =R2 -> 26.07.16 엘티엔지니어링_코오롱글로벌_신동양기업_대한항공 운북 신 엔진정비공장 건립공사 | R1: 현장명
R2: 26.07.16 엘티엔지니어링_코오롱글로벌_신동양기업_대한항공 운북 신 엔진정비공장 건립공사
A6: No | B6: 구조 | C6: 규격 | E6: 분할구조 | F6: 재고여부 | G6: 설치위치 | I6: *VM 200(1000*1000)기준
C7: 가로 | D7: 세로
A9: 01 | B9: VT-049 | C9: 400 | D9: 400 | G9: 지하1층 PS-14 | Q9: AJ088

Sheet 2.재단(VM)작업
E1: 재단작업지시서(VM) | H1: ='1. 소켓인수검사'!R2 -> 26.07.16 엘티엔지니어링_코오롱글로벌_신동양기업_대한항공 운북 신 엔진정비공장 건립공사
A5: No. | B5: 구조 | C5: 규격 | E5: 소켓 Lot | F5: 수량 | G5: 소켓내부용 | K5: 소켓외부용 | O5: 비고
C6: 가로 | D6: 세로 | G6: 가로 | I6: 세로 | K6: 상하 | M6: 좌우
G7: 규격 | H7: 수량(EA) | I7: 규격 | J7: 수량(EA) | K7: 규격 | L7: 수량 | M7: 규격 | N7: 수량
A8: ='1. 소켓인수검사'!A9 -> 01 | B8: VT-049 | C8: ='1. 소켓인수검사'!C9 -> 400 | D8: ='1. 소켓인수검사'!D9 -> 400 | F8: 1 | G8: =C8-5 -> 395 | H8: =F8*4 -> 4 | I8: =D8-30 -> 370 | J8: =F8*4 -> 4 | K8: =C8+60 -> 460 | L8: 2 | M8: =D8 -> 400 | N8: 2
A10: 특이사항 및 조치사항

Sheet 차열재 재단(VM,VT)
E1: 재단작업지시서차열재 | G1: ='1. 소켓인수검사'!R2 -> 26.07.16 엘티엔지니어링_코오롱글로벌_신동양기업_대한항공 운북 신 엔진정비공장 건립공사
A5: No. | B5: 구조 | C5: 규격 | E5: 소켓 Lot | F5: 수량 | G5: 소켓외부용 | K5: 비고
C6: 가로 | D6: 세로 | G6: 상하 | I6: 좌우
G7: 규격 | H7: 수량 | I7: 규격 | J7: 수량
A8: ='1. 소켓인수검사'!A9 -> 01 | B8: VT-049 | C8: ='1. 소켓인수검사'!C9 -> 400 | D8: ='1. 소켓인수검사'!D9 -> 400 | F8: 1 | G8: =C8+60 -> 460 | H8: 2 | I8: =D8 -> 400 | J8: 2
A9: 특이사항 및 조치사항

Sheet 3. 1절곡(VM)
E1: 절 곡 생 산 일 지(VM)
A4: 설비번호
A5: 생산일자 | E5: 생산 시작 | H5: 작업자 | K5: 품명 | N5: ='1. 소켓인수검사'!R2 -> 26.07.16 엘티엔지니어링_코오롱글로벌_신동양기업_대한항공 운북 신 엔진정비공장 건립공사
E6: 생산 종료
A8: No. | B8: 규격 | D8: 수량 (EA) | E8: 소켓 Lot | F8: 두께 | G8: 평철(mm) | P8: 비고
B9: 가로 | C9: 세로 | G9: 폭 | H9: 가로 | J9: 수량 확인 | K9: 세로 | O9: 수량 확인
H10: 규격 | I10: 수량(EA) | K10: 규격 | N10: 수량(EA)
A11: ='1. 소켓인수검사'!A9 -> 01 | B11: ='1. 소켓인수검사'!C9 -> 400 | C11: ='1. 소켓인수검사'!D9 -> 400 | D11: 1 | F11: 1.6 | H11: =B11-1 -> 399 | I11: =D11*4 -> 4 | K11: =C11-30 -> 370 | N11: =D11*4 -> 4
A13: 특이사항 및 조치사항

Sheet 5. 차열재 출하용(VM,VT,VAG)
D1: 차열재생산일지(출하용)
A4: 설비번호
A5: 생산일자 | D5: 생산 시작 | G5: 작업자 | L5: 업 체 | O5: 업 체 | P5: ='1. 소켓인수검사'!R2 -> 26.07.16 엘티엔지니어링_코오롱글로벌_신동양기업_대한항공 운북 신 엔진정비공장 건립공사
D6: 생산 종료
A8: No. | B8: 가로 | C8: 세로 | D8: 구조 | E8: 면적 | F8: 둘레 | G8: 글라스울 | J8: 차열재 | M8: 차열재 | P8: 차열재
G9: 25*1400 | H9: 수량 | I9: 소요량 | J9: 50*400 | K9: 수량 | L9: 소요량 | M9: 25*200 | N9: 수량 | O9: 소요량 | P9: 50*600 | Q9: 수량 | R9: 소요량
A10: ='1. 소켓인수검사'!A9 -> 01 | B10: ='1. 소켓인수검사'!C9 -> 400 | C10: ='1. 소켓인수검사'!D9 -> 400 | D10: VT-049 | E10: =B10*C10/1000000 -> 0.16 | F10: =(B10+C10)*2/1000 -> 1.6 | G10: =(F10+0.4) -> 2 | H10: 4 | I10: =G10*H10 -> 8
A11: 합계 | I11: =SUM(I10:I10) -> 8 | L11: =SUM(L10:L10) -> 0 | O11: =SUM(O10:O10) -> 0 | R11: =SUM(R10:S10) -> 0
A12: 글라스울 25T*1400*20M | G12: =I11/20 -> 0.4
A13: 차열재 50T*400*3.6M | G13: =L11/3.6 -> 0
A14: 차열재 25T*200*7.4M | G14: =O11/7.4 -> 0
A15: 차열재 50T*600*3.6M | G15: =R11/3.6 -> 0
A17: 특이사항 및 조치사항

Sheet 6. 라벨소요량
E1: 라벨소요량(행복산업_KEC 구미공장_251128) | F1: 라벨소요량 | K1: ='1. 소켓인수검사'!R2 -> 26.07.16 엘티엔지니어링_코오롱글로벌_신동양기업_대한항공 운북 신 엔진정비공장 건립공사
A5: No. | B5: 제품 번호 | C5: 가로 | D5: 세로 | E5: 소켓 Lot | F5: 면적 | G5: 둘레 | H5: 방화 소켓 | I5: 글라스울 | K5: 차열재 | M5: 차열재 | O5: 차열재 | Q5: 플래싱 | S5: 인정번호 | T5: 품명 | U5: 설치위치
I6: 25* 1400 | J6: 수량 | K6: 25* 200 | L6: 수량 | M6: 50* 400 | N6: 수량 | O6: 50* 600 | P6: 수량 | Q6: 산출량 | R6: 총량
A7: ='1. 소켓인수검사'!A9 -> 01 | B7: E255 | C7: ='1. 소켓인수검사'!C9 -> 400 | D7: ='1. 소켓인수검사'!D9 -> 400 | F7: =C7*D7/1000000 -> 0.16 | G7: =(C7+D7)*2/1000 -> 1.6 | H7: 3 | I7: =(G7+0.4) -> 2 | J7: 8 | Q7: =(((C7+60)+250+(D7+60))*2/1000)*2 -> 4.68 | R7: =Q7*2 -> 9.36 | S7: FS-MP25-0310-3 | T7: EZ F.B POSMAC Duct-VT-049 | U7: ='1. 소켓인수검사'!G9 -> 지하1층 PS-14
A8: TTL | H8: =SUM(H7:H7) -> 3 | J8: =SUM(J7:J7) -> 8 | L8: =SUM(L7:L7) -> 0 | N8: =SUM(N7:N7) -> 0 | P8: =SUM(P7:P7) -> 0 | Q8: =SUM(Q7:Q7) -> 4.68 | R8: =SUM(R7:R7) -> 9.36
A10: 특이사항 및 조치사항

Sheet 발주서정리
