Workbook

Sheet 1. 소켓인수검사
A1: 구조체작업지시서 | D1: =R2 -> 26.07.22 성운에프에스_지에프에스_신대1지구 B1블럭 공동주택 신축공사 | R1: 현장명
R2: 26.07.22 성운에프에스_지에프에스_신대1지구 B1블럭 공동주택 신축공사
A6: No | B6: 구조 | C6: 규격 | E6: 분할구조 | F6: 재고여부 | G6: 설치위치 | I6: *VM 200(1000*1000)기준
C7: 가로 | D7: 세로
A9: 01 | B9: VT-01 | C9: 880 | D9: 980 | G9: 근생2 | Q9: BV027
A10: 02 | B10: VT-01 | C10: 880 | D10: 980 | G10: 근생2 | Q10: BV028
A11: 03 | B11: VT-01 | C11: 910 | D11: 2300 | G11: 근생3 | Q11: BV029
A12: 04 | B12: VT-01 | C12: 1000 | D12: 900 | G12: 근생1 | Q12: BV030
A13: 05 | B13: VT-01 | C13: 1000 | D13: 1000 | G13: 근생5 | Q13: BV031
A14: 06 | B14: VT-01 | C14: 1400 | D14: 700 | G14: 근생5 | Q14: BV032
A15: 07 | B15: VT-01 | C15: 1400 | D15: 850 | G15: 근생5 | Q15: BV033
A16: 08 | B16: VT-01 | C16: 2400 | D16: 2700 | G16: 근생1/세로분할 | Q16: BV034
A17: 09 | B17: VT-01 | C17: 2550 | D17: 2700 | G17: 근생1/세로분할 | Q17: BV035

Sheet 2.1 재단작업(VT)
E1: 재단작업지시서 (VT) | H1: ='1. 소켓인수검사'!R2 -> 26.07.22 성운에프에스_지에프에스_신대1지구 B1블럭 공동주택 신축공사
A5: No. | B5: 구조 | C5: 규격 | E5: 소켓 Lot | F5: 수량 | G5: 소켓내부용 | K5: 소켓외부용 | O5: 비고
C6: 가로 | D6: 세로 | G6: 가로 | I6: 세로 | K6: 상하 | M6: 좌우
G7: 규격 | H7: 수량(EA) | I7: 규격 | J7: 수량(EA) | K7: 규격 | L7: 수량 | M7: 규격 | N7: 수량
A8: ='1. 소켓인수검사'!A9 -> 01 | B8: VT-01 | C8: ='1. 소켓인수검사'!C9 -> 880 | D8: ='1. 소켓인수검사'!D9 -> 980 | F8: 1 | G8: =(C8-30)/2-5 -> 420 | H8: =F8*8*2 -> 16 | I8: =(D8-20)/2-10 -> 470 | J8: =F8*16 -> 16 | K8: =C8+60 -> 940 | L8: 4 | M8: =D8 -> 980 | N8: 4
A9: ='1. 소켓인수검사'!A10 -> 02 | B9: VT-01 | C9: ='1. 소켓인수검사'!C10 -> 880 | D9: ='1. 소켓인수검사'!D10 -> 980 | F9: 1 | G9: =(C9-30)/2-5 -> 420 | H9: =F9*8*2 -> 16 | I9: =(D9-20)/2-10 -> 470 | J9: =F9*16 -> 16 | K9: =C9+60 -> 940 | L9: 4 | M9: =D9 -> 980 | N9: 4
A10: ='1. 소켓인수검사'!A11 -> 03 | B10: VT-01 | C10: ='1. 소켓인수검사'!C11 -> 910 | D10: ='1. 소켓인수검사'!D11 -> 2300 | F10: 1 | G10: =(C10-30)/2-5 -> 435 | H10: =F10*8*2 -> 16 | I10: =(D10-20)/2-10 -> 1130 | J10: =F10*16 -> 16 | K10: =C10+60 -> 970 | L10: 4 | M10: =D10 -> 2300 | N10: 4
A11: ='1. 소켓인수검사'!A12 -> 04 | B11: VT-01 | C11: ='1. 소켓인수검사'!C12 -> 1000 | D11: ='1. 소켓인수검사'!D12 -> 900 | F11: 1 | G11: =(C11-30)/2-5 -> 480 | H11: =F11*8*2 -> 16 | I11: =(D11-20)/2-10 -> 430 | J11: =F11*16 -> 16 | K11: =C11+60 -> 1060 | L11: 4 | M11: =D11 -> 900 | N11: 4
A12: ='1. 소켓인수검사'!A13 -> 05 | B12: VT-01 | C12: ='1. 소켓인수검사'!C13 -> 1000 | D12: ='1. 소켓인수검사'!D13 -> 1000 | F12: 1 | G12: =(C12-30)/2-5 -> 480 | H12: =F12*8*2 -> 16 | I12: =(D12-20)/2-10 -> 480 | J12: =F12*16 -> 16 | K12: =C12+60 -> 1060 | L12: 4 | M12: =D12 -> 1000 | N12: 4
A13: ='1. 소켓인수검사'!A14 -> 06 | B13: VT-01 | C13: ='1. 소켓인수검사'!C14 -> 1400 | D13: ='1. 소켓인수검사'!D14 -> 700 | F13: 1 | G13: =(C13-30)/2-5 -> 680 | H13: =F13*8*2 -> 16 | I13: =(D13-20)/2-10 -> 330 | J13: =F13*16 -> 16 | K13: =C13+60 -> 1460 | L13: 4 | M13: =D13 -> 700 | N13: 4
A14: ='1. 소켓인수검사'!A15 -> 07 | B14: VT-01 | C14: ='1. 소켓인수검사'!C15 -> 1400 | D14: ='1. 소켓인수검사'!D15 -> 850 | F14: 1 | G14: =(C14-30)/2-5 -> 680 | H14: =F14*8*2 -> 16 | I14: =(D14-20)/2-10 -> 405 | J14: =F14*16 -> 16 | K14: =C14+60 -> 1460 | L14: 4 | M14: =D14 -> 850 | N14: 4
A15: ='1. 소켓인수검사'!A16 -> 08 | B15: VT-01 | C15: ='1. 소켓인수검사'!C16 -> 2400 | D15: ='1. 소켓인수검사'!D16 -> 2700 | F15: 1 | G15: 1180 | H15: 32 | I15: 640 | J15: 32 | K15: =C15+60 -> 2460 | L15: 8 | M15: 1320 | N15: 8 | O15: 2분할
A16: ='1. 소켓인수검사'!A17 -> 09 | B16: VT-01 | C16: ='1. 소켓인수검사'!C17 -> 2550 | D16: ='1. 소켓인수검사'!D17 -> 2700 | F16: 1 | G16: 1255 | H16: 32 | I16: 640 | J16: 32 | K16: =C16+60 -> 2610 | L16: 8 | M16: 1320 | N16: 8 | O16: 2분할
H17: =SUM(H8:H16) -> 176 | J17: =SUM(J8:J16) -> 176 | L17: =SUM(L8:L16) -> 44 | N17: =SUM(N8:N16) -> 44
A19: 특이사항 및 조치사항

Sheet 차열재 재단(VM,VT)
E1: 재단작업지시서차열재 | G1: ='1. 소켓인수검사'!R2 -> 26.07.22 성운에프에스_지에프에스_신대1지구 B1블럭 공동주택 신축공사
A5: No. | B5: 구조 | C5: 규격 | E5: 소켓 Lot | F5: 수량 | G5: 소켓외부용 | K5: 비고
C6: 가로 | D6: 세로 | G6: 상하 | I6: 좌우
G7: 규격 | H7: 수량 | I7: 규격 | J7: 수량
A8: ='1. 소켓인수검사'!A9 -> 01 | B8: VT-01 | C8: ='1. 소켓인수검사'!C9 -> 880 | D8: ='1. 소켓인수검사'!D9 -> 980 | F8: 1 | G8: =C8+60 -> 940 | H8: 2 | I8: =D8 -> 980 | J8: 2
A9: ='1. 소켓인수검사'!A10 -> 02 | B9: VT-01 | C9: ='1. 소켓인수검사'!C10 -> 880 | D9: ='1. 소켓인수검사'!D10 -> 980 | F9: 1 | G9: =C9+60 -> 940 | H9: 2 | I9: =D9 -> 980 | J9: 2
A10: ='1. 소켓인수검사'!A11 -> 03 | B10: VT-01 | C10: ='1. 소켓인수검사'!C11 -> 910 | D10: ='1. 소켓인수검사'!D11 -> 2300 | F10: 1 | G10: =C10+60 -> 970 | H10: 2 | I10: =D10 -> 2300 | J10: 2
A11: ='1. 소켓인수검사'!A12 -> 04 | B11: VT-01 | C11: ='1. 소켓인수검사'!C12 -> 1000 | D11: ='1. 소켓인수검사'!D12 -> 900 | F11: 1 | G11: =C11+60 -> 1060 | H11: 2 | I11: =D11 -> 900 | J11: 2
A12: ='1. 소켓인수검사'!A13 -> 05 | B12: VT-01 | C12: ='1. 소켓인수검사'!C13 -> 1000 | D12: ='1. 소켓인수검사'!D13 -> 1000 | F12: 1 | G12: =C12+60 -> 1060 | H12: 2 | I12: =D12 -> 1000 | J12: 2
A13: ='1. 소켓인수검사'!A14 -> 06 | B13: VT-01 | C13: ='1. 소켓인수검사'!C14 -> 1400 | D13: ='1. 소켓인수검사'!D14 -> 700 | F13: 1 | G13: =C13+60 -> 1460 | H13: 2 | I13: =D13 -> 700 | J13: 2
A14: ='1. 소켓인수검사'!A15 -> 07 | B14: VT-01 | C14: ='1. 소켓인수검사'!C15 -> 1400 | D14: ='1. 소켓인수검사'!D15 -> 850 | F14: 1 | G14: =C14+60 -> 1460 | H14: 2 | I14: =D14 -> 850 | J14: 2
A15: ='1. 소켓인수검사'!A16 -> 08 | B15: VT-01 | C15: ='1. 소켓인수검사'!C16 -> 2400 | D15: ='1. 소켓인수검사'!D16 -> 2700 | F15: 1 | G15: =C15+60 -> 2460 | H15: 8 | I15: 1320 | J15: 8 | K15: 2분할
A16: ='1. 소켓인수검사'!A17 -> 09 | B16: VT-01 | C16: ='1. 소켓인수검사'!C17 -> 2550 | D16: ='1. 소켓인수검사'!D17 -> 2700 | F16: 1 | G16: =C16+60 -> 2610 | H16: 8 | I16: 1320 | J16: 8 | K16: 2분할
A17: 특이사항 및 조치사항

Sheet 3.2 절곡(VT)
E1: 절 곡 생 산 일 지(VT_브라켓)
A4: 설비번호
A5: 생산일자 | E5: 생산 시작 | H5: 작업자 | K5: 품명 | N5: ='1. 소켓인수검사'!R2 -> 26.07.22 성운에프에스_지에프에스_신대1지구 B1블럭 공동주택 신축공사
E6: 생산 종료
A8: No. | B8: 규격 | D8: 수량 (EA) | E8: 소켓 Lot | F8: 두께 | G8: 평철(mm) | P8: 비고
B9: 가로 | C9: 세로 | G9: 폭 | H9: 가로 | J9: 수량 확인 | K9: 세로 | O9: 수량 확인
H10: 규격 | I10: 수량(EA) | K10: 규격 | N10: 수량(EA)
A11: ='1. 소켓인수검사'!A9 -> 01 | B11: ='1. 소켓인수검사'!C9 -> 880 | C11: ='1. 소켓인수검사'!D9 -> 980 | D11: 1 | F11: 1.6 이상 | G11: 60mm | H11: =(B11-30)/2-1 -> 424 | I11: =D11*8*2 -> 16 | K11: =(C11-20)/2-10-1 -> 469 | N11: =D11*16*2 -> 32
A12: ='1. 소켓인수검사'!A10 -> 02 | B12: ='1. 소켓인수검사'!C10 -> 880 | C12: ='1. 소켓인수검사'!D10 -> 980 | D12: 1 | H12: =(B12-30)/2-1 -> 424 | I12: =D12*8*2 -> 16 | K12: =(C12-20)/2-10-1 -> 469 | N12: =D12*16*2 -> 32
A13: ='1. 소켓인수검사'!A11 -> 03 | B13: ='1. 소켓인수검사'!C11 -> 910 | C13: ='1. 소켓인수검사'!D11 -> 2300 | D13: 1 | H13: =(B13-30)/2-1 -> 439 | I13: =D13*8*2 -> 16 | K13: =(C13-20)/2-10-1 -> 1129 | N13: =D13*16*2 -> 32
A14: ='1. 소켓인수검사'!A12 -> 04 | B14: ='1. 소켓인수검사'!C12 -> 1000 | C14: ='1. 소켓인수검사'!D12 -> 900 | D14: 1 | H14: =(B14-30)/2-1 -> 484 | I14: =D14*8*2 -> 16 | K14: =(C14-20)/2-10-1 -> 429 | N14: =D14*16*2 -> 32
A15: ='1. 소켓인수검사'!A13 -> 05 | B15: ='1. 소켓인수검사'!C13 -> 1000 | C15: ='1. 소켓인수검사'!D13 -> 1000 | D15: 1 | H15: =(B15-30)/2-1 -> 484 | I15: =D15*8*2 -> 16 | K15: =(C15-20)/2-10-1 -> 479 | N15: =D15*16*2 -> 32
A16: ='1. 소켓인수검사'!A14 -> 06 | B16: ='1. 소켓인수검사'!C14 -> 1400 | C16: ='1. 소켓인수검사'!D14 -> 700 | D16: 1 | H16: =(B16-30)/2-1 -> 684 | I16: =D16*8*2 -> 16 | K16: =(C16-20)/2-10-1 -> 329 | N16: =D16*16*2 -> 32
A17: ='1. 소켓인수검사'!A15 -> 07 | B17: ='1. 소켓인수검사'!C15 -> 1400 | C17: ='1. 소켓인수검사'!D15 -> 850 | D17: 1 | H17: =(B17-30)/2-1 -> 684 | I17: =D17*8*2 -> 16 | K17: =(C17-20)/2-10-1 -> 404 | N17: =D17*16*2 -> 32
A18: ='1. 소켓인수검사'!A16 -> 08 | B18: ='1. 소켓인수검사'!C16 -> 2400 | C18: ='1. 소켓인수검사'!D16 -> 2700 | D18: 1 | H18: =(B18-30)/2-1 -> 1184 | I18: 32 | K18: 640 | N18: 64
A19: ='1. 소켓인수검사'!A17 -> 09 | B19: ='1. 소켓인수검사'!C17 -> 2550 | C19: ='1. 소켓인수검사'!D17 -> 2700 | D19: 1 | H19: =(B19-30)/2-1 -> 1259 | I19: 32 | K19: 640 | N19: 64
A21: 특이사항 및 조치사항

Sheet 3.3 절곡(VT-보강대)
E1: 절 곡 생 산 일 지(VT_보강대)
A4: 설비번호
A5: 생산일자 | E5: 생산 시작 | H5: 작업자 | K5: 품명 | O5: ='1. 소켓인수검사'!R2 -> 26.07.22 성운에프에스_지에프에스_신대1지구 B1블럭 공동주택 신축공사
E6: 생산 종료
A8: No. | B8: 규격 | D8: 수량 (EA) | E8: 소켓 Lot | F8: 두께 | G8: 평철(mm) | Q8: 비고
B9: 가로 | C9: 세로 | G9: 폭 | H9: 가로(받침대) | J9: 수량 확인 | K9: 폭 | L9: 세로(보강대) | P9: 수량 확인
H10: 규격 | I10: 수량(EA) | L10: 규격 | O10: 수량(EA)
A11: ='1. 소켓인수검사'!A9 -> 01 | B11: ='1. 소켓인수검사'!C9 -> 880 | C11: ='1. 소켓인수검사'!D9 -> 980 | D11: 1 | F11: 1.6 이상 | G11: =228-3 -> 225 | H11: =((B11-30)/2)-1 -> 424 | I11: =D11*4*2 -> 8 | K11: =240-3 -> 237 | L11: =C11 -> 980 | O11: =D11*2*2 -> 4
A12: ='1. 소켓인수검사'!A10 -> 02 | B12: ='1. 소켓인수검사'!C10 -> 880 | C12: ='1. 소켓인수검사'!D10 -> 980 | D12: 1 | G12: =228-3 -> 225 | H12: =((B12-30)/2)-1 -> 424 | I12: =D12*4*2 -> 8 | K12: =240-3 -> 237 | L12: =C12 -> 980 | O12: =D12*2*2 -> 4
A13: ='1. 소켓인수검사'!A11 -> 03 | B13: ='1. 소켓인수검사'!C11 -> 910 | C13: ='1. 소켓인수검사'!D11 -> 2300 | D13: 1 | G13: =228-3 -> 225 | H13: =((B13-30)/2)-1 -> 439 | I13: =D13*4*2 -> 8 | K13: =240-3 -> 237 | L13: =C13 -> 2300 | O13: =D13*2*2 -> 4
A14: ='1. 소켓인수검사'!A12 -> 04 | B14: ='1. 소켓인수검사'!C12 -> 1000 | C14: ='1. 소켓인수검사'!D12 -> 900 | D14: 1 | G14: =228-3 -> 225 | H14: =((B14-30)/2)-1 -> 484 | I14: =D14*4*2 -> 8 | K14: =240-3 -> 237 | L14: =C14 -> 900 | O14: =D14*2*2 -> 4
A15: ='1. 소켓인수검사'!A13 -> 05 | B15: ='1. 소켓인수검사'!C13 -> 1000 | C15: ='1. 소켓인수검사'!D13 -> 1000 | D15: 1 | G15: =228-3 -> 225 | H15: =((B15-30)/2)-1 -> 484 | I15: =D15*4*2 -> 8 | K15: =240-3 -> 237 | L15: =C15 -> 1000 | O15: =D15*2*2 -> 4
A16: ='1. 소켓인수검사'!A14 -> 06 | B16: ='1. 소켓인수검사'!C14 -> 1400 | C16: ='1. 소켓인수검사'!D14 -> 700 | D16: 1 | G16: =228-3 -> 225 | H16: =((B16-30)/2)-1 -> 684 | I16: =D16*4*2 -> 8 | K16: =240-3 -> 237 | L16: =C16 -> 700 | O16: =D16*2*2 -> 4
A17: ='1. 소켓인수검사'!A15 -> 07 | B17: ='1. 소켓인수검사'!C15 -> 1400 | C17: ='1. 소켓인수검사'!D15 -> 850 | D17: 1 | G17: =228-3 -> 225 | H17: =((B17-30)/2)-1 -> 684 | I17: =D17*4*2 -> 8 | K17: =240-3 -> 237 | L17: =C17 -> 850 | O17: =D17*2*2 -> 4
A18: ='1. 소켓인수검사'!A16 -> 08 | B18: ='1. 소켓인수검사'!C16 -> 2400 | C18: ='1. 소켓인수검사'!D16 -> 2700 | D18: 1 | G18: =228-3 -> 225 | H18: =((B18-30)/2)-1 -> 1184 | I18: 16 | K18: =240-3 -> 237 | L18: 1320 | O18: 8
A19: ='1. 소켓인수검사'!A17 -> 09 | B19: ='1. 소켓인수검사'!C17 -> 2550 | C19: ='1. 소켓인수검사'!D17 -> 2700 | D19: 1 | G19: =228-3 -> 225 | H19: =((B19-30)/2)-1 -> 1259 | I19: 16 | K19: =240-3 -> 237 | L19: 1320 | O19: 8
A21: 특이사항 및 조치사항

Sheet 5. 차열재 출하용(VM,VT,VAG)
D1: 차열재생산일지(출하용)
A4: 설비번호
A5: 생산일자 | D5: 생산 시작 | G5: 작업자 | L5: 업 체 | O5: 업 체 | P5: ='1. 소켓인수검사'!R2 -> 26.07.22 성운에프에스_지에프에스_신대1지구 B1블럭 공동주택 신축공사
D6: 생산 종료
A8: No. | B8: 가로 | C8: 세로 | D8: 구조 | E8: 면적 | F8: 둘레 | G8: 글라스울 | J8: 차열재 | M8: 차열재 | P8: 차열재
G9: 25*1400 | H9: 수량 | I9: 소요량 | J9: 50*400 | K9: 수량 | L9: 소요량 | M9: 25*200 | N9: 수량 | O9: 소요량 | P9: 50*600 | Q9: 수량 | R9: 소요량
A10: ='1. 소켓인수검사'!A9 -> 01 | B10: ='1. 소켓인수검사'!C9 -> 880 | C10: ='1. 소켓인수검사'!D9 -> 980 | D10: VT-01 | E10: =B10*C10/1000000 -> 0.8624 | F10: =(B10+C10)*2/1000 -> 3.72 | G10: =(F10+0.4) -> 4.12 | H10: 2 | I10: =G10*H10 -> 8.24 | P10: =F10+0.5 -> 4.22 | Q10: 2 | R10: =P10*Q10 -> 8.44
A11: ='1. 소켓인수검사'!A10 -> 02 | B11: ='1. 소켓인수검사'!C10 -> 880 | C11: ='1. 소켓인수검사'!D10 -> 980 | D11: VT-01 | E11: =B11*C11/1000000 -> 0.8624 | F11: =(B11+C11)*2/1000 -> 3.72 | G11: =(F11+0.4) -> 4.12 | H11: 2 | I11: =G11*H11 -> 8.24 | P11: =F11+0.5 -> 4.22 | Q11: 2 | R11: =P11*Q11 -> 8.44
A12: ='1. 소켓인수검사'!A11 -> 03 | B12: ='1. 소켓인수검사'!C11 -> 910 | C12: ='1. 소켓인수검사'!D11 -> 2300 | D12: VT-01 | E12: =B12*C12/1000000 -> 2.093 | F12: =(B12+C12)*2/1000 -> 6.42 | G12: =(F12+0.4) -> 6.82 | H12: 2 | I12: =G12*H12 -> 13.64 | P12: =F12+0.5 -> 6.92 | Q12: 2 | R12: =P12*Q12 -> 13.84
A13: ='1. 소켓인수검사'!A12 -> 04 | B13: ='1. 소켓인수검사'!C12 -> 1000 | C13: ='1. 소켓인수검사'!D12 -> 900 | D13: VT-01 | E13: =B13*C13/1000000 -> 0.9 | F13: =(B13+C13)*2/1000 -> 3.8 | G13: =(F13+0.4) -> 4.2 | H13: 2 | I13: =G13*H13 -> 8.4 | P13: =F13+0.5 -> 4.3 | Q13: 2 | R13: =P13*Q13 -> 8.6
A14: ='1. 소켓인수검사'!A13 -> 05 | B14: ='1. 소켓인수검사'!C13 -> 1000 | C14: ='1. 소켓인수검사'!D13 -> 1000 | D14: VT-01 | E14: =B14*C14/1000000 -> 1 | F14: =(B14+C14)*2/1000 -> 4 | G14: =(F14+0.4) -> 4.4 | H14: 2 | I14: =G14*H14 -> 8.8 | P14: =F14+0.5 -> 4.5 | Q14: 2 | R14: =P14*Q14 -> 9
A15: ='1. 소켓인수검사'!A14 -> 06 | B15: ='1. 소켓인수검사'!C14 -> 1400 | C15: ='1. 소켓인수검사'!D14 -> 700 | D15: VT-01 | E15: =B15*C15/1000000 -> 0.98 | F15: =(B15+C15)*2/1000 -> 4.2 | G15: =(F15+0.4) -> 4.6 | H15: 2 | I15: =G15*H15 -> 9.2 | P15: =F15+0.5 -> 4.7 | Q15: 2 | R15: =P15*Q15 -> 9.4
A16: ='1. 소켓인수검사'!A15 -> 07 | B16: ='1. 소켓인수검사'!C15 -> 1400 | C16: ='1. 소켓인수검사'!D15 -> 850 | D16: VT-01 | E16: =B16*C16/1000000 -> 1.19 | F16: =(B16+C16)*2/1000 -> 4.5 | G16: =(F16+0.4) -> 4.9 | H16: 2 | I16: =G16*H16 -> 9.8 | P16: =F16+0.5 -> 5 | Q16: 2 | R16: =P16*Q16 -> 10
A17: ='1. 소켓인수검사'!A16 -> 08 | B17: ='1. 소켓인수검사'!C16 -> 2400 | C17: ='1. 소켓인수검사'!D16 -> 2700 | D17: VT-01 | E17: =B17*C17/1000000 -> 6.48 | F17: =(B17+C17)*2/1000 -> 10.2 | G17: =(F17+0.4) -> 10.6 | H17: 2 | I17: =G17*H17 -> 21.2 | P17: =F17+0.5 -> 10.7 | Q17: 2 | R17: =P17*Q17 -> 21.4
A18: ='1. 소켓인수검사'!A17 -> 09 | B18: ='1. 소켓인수검사'!C17 -> 2550 | C18: ='1. 소켓인수검사'!D17 -> 2700 | D18: VT-01 | E18: =B18*C18/1000000 -> 6.885 | F18: =(B18+C18)*2/1000 -> 10.5 | G18: =(F18+0.4) -> 10.9 | H18: 2 | I18: =G18*H18 -> 21.8 | P18: =F18+0.5 -> 11 | Q18: 2 | R18: =P18*Q18 -> 22
A19: 합계 | I19: =SUM(I10:I18) -> 109.32 | L19: =SUM(L10:L18) -> 0 | O19: =SUM(O10:O18) -> 0 | R19: =SUM(R10:S18) -> 111.12
A20: 글라스울 25T*1400*20M | G20: =I19/20 -> 5.466
A21: 차열재 50T*400*3.6M | G21: =L19/3.6 -> 0
A22: 차열재 25T*200*7.4M | G22: =O19/7.4 -> 0
A23: 차열재 50T*600*3.6M | G23: =R19/3.6 -> 30.866667
A25: 특이사항 및 조치사항

Sheet 6. 라벨소요량
E1: 라벨소요량(행복산업_KEC 구미공장_251128) | F1: 라벨소요량 | K1: ='1. 소켓인수검사'!R2 -> 26.07.22 성운에프에스_지에프에스_신대1지구 B1블럭 공동주택 신축공사
A5: No. | B5: 제품 번호 | C5: 가로 | D5: 세로 | E5: 소켓 Lot | F5: 면적 | G5: 둘레 | H5: 방화 소켓 | I5: 글라스울 | K5: 차열재 | M5: 차열재 | O5: 차열재 | Q5: 플래싱 | S5: 인정번호 | T5: 품명 | U5: 설치위치
I6: 25* 1400 | J6: 수량 | K6: 25* 200 | L6: 수량 | M6: 50* 400 | N6: 수량 | O6: 50* 600 | P6: 수량 | Q6: 산출량 | R6: 총량
A7: ='1. 소켓인수검사'!A9 -> 01 | B7: E257 | C7: ='1. 소켓인수검사'!C9 -> 880 | D7: ='1. 소켓인수검사'!D9 -> 980 | F7: =C7*D7/1000000 -> 0.8624 | G7: =(C7+D7)*2/1000 -> 3.72 | H7: 4 | I7: =(G7+0.4) -> 4.12 | J7: 4 | O7: =(G7+0.5) -> 4.22 | P7: 4 | Q7: =(((C7+60)+250+(D7+60))*2/1000)*2 -> 8.92 | R7: =Q7*2 -> 17.84 | S7: FS-MP25-0310-1 | T7: EZ F.B POSMAC Duct-VT-01 | U7: ='1. 소켓인수검사'!G9 -> 근생2
A8: ='1. 소켓인수검사'!A10 -> 02 | B8: E257 | C8: ='1. 소켓인수검사'!C10 -> 880 | D8: ='1. 소켓인수검사'!D10 -> 980 | F8: =C8*D8/1000000 -> 0.8624 | G8: =(C8+D8)*2/1000 -> 3.72 | H8: 4 | I8: =(G8+0.4) -> 4.12 | J8: 4 | O8: =(G8+0.5) -> 4.22 | P8: 4 | Q8: =(((C8+60)+250+(D8+60))*2/1000)*2 -> 8.92 | R8: =Q8*2 -> 17.84 | S8: FS-MP25-0310-1 | T8: EZ F.B POSMAC Duct-VT-01 | U8: ='1. 소켓인수검사'!G10 -> 근생2
A9: ='1. 소켓인수검사'!A11 -> 03 | B9: E257 | C9: ='1. 소켓인수검사'!C11 -> 910 | D9: ='1. 소켓인수검사'!D11 -> 2300 | F9: =C9*D9/1000000 -> 2.093 | G9: =(C9+D9)*2/1000 -> 6.42 | H9: 4 | I9: =(G9+0.4) -> 6.82 | J9: 4 | O9: =(G9+0.5) -> 6.92 | P9: 4 | Q9: =(((C9+60)+250+(D9+60))*2/1000)*2 -> 14.32 | R9: =Q9*2 -> 28.64 | S9: FS-MP25-0310-1 | T9: EZ F.B POSMAC Duct-VT-01 | U9: ='1. 소켓인수검사'!G11 -> 근생3
A10: ='1. 소켓인수검사'!A12 -> 04 | B10: E257 | C10: ='1. 소켓인수검사'!C12 -> 1000 | D10: ='1. 소켓인수검사'!D12 -> 900 | F10: =C10*D10/1000000 -> 0.9 | G10: =(C10+D10)*2/1000 -> 3.8 | H10: 4 | I10: =(G10+0.4) -> 4.2 | J10: 4 | O10: =(G10+0.5) -> 4.3 | P10: 4 | Q10: =(((C10+60)+250+(D10+60))*2/1000)*2 -> 9.08 | R10: =Q10*2 -> 18.16 | S10: FS-MP25-0310-1 | T10: EZ F.B POSMAC Duct-VT-01 | U10: ='1. 소켓인수검사'!G12 -> 근생1
A11: ='1. 소켓인수검사'!A13 -> 05 | B11: E257 | C11: ='1. 소켓인수검사'!C13 -> 1000 | D11: ='1. 소켓인수검사'!D13 -> 1000 | F11: =C11*D11/1000000 -> 1 | G11: =(C11+D11)*2/1000 -> 4 | H11: 4 | I11: =(G11+0.4) -> 4.4 | J11: 4 | O11: =(G11+0.5) -> 4.5 | P11: 4 | Q11: =(((C11+60)+250+(D11+60))*2/1000)*2 -> 9.48 | R11: =Q11*2 -> 18.96 | S11: FS-MP25-0310-1 | T11: EZ F.B POSMAC Duct-VT-01 | U11: ='1. 소켓인수검사'!G13 -> 근생5
A12: ='1. 소켓인수검사'!A14 -> 06 | B12: E257 | C12: ='1. 소켓인수검사'!C14 -> 1400 | D12: ='1. 소켓인수검사'!D14 -> 700 | F12: =C12*D12/1000000 -> 0.98 | G12: =(C12+D12)*2/1000 -> 4.2 | H12: 4 | I12: =(G12+0.4) -> 4.6 | J12: 4 | O12: =(G12+0.5) -> 4.7 | P12: 4 | Q12: =(((C12+60)+250+(D12+60))*2/1000)*2 -> 9.88 | R12: =Q12*2 -> 19.76 | S12: FS-MP25-0310-1 | T12: EZ F.B POSMAC Duct-VT-01 | U12: ='1. 소켓인수검사'!G14 -> 근생5
A13: ='1. 소켓인수검사'!A15 -> 07 | B13: E257 | C13: ='1. 소켓인수검사'!C15 -> 1400 | D13: ='1. 소켓인수검사'!D15 -> 850 | F13: =C13*D13/1000000 -> 1.19 | G13: =(C13+D13)*2/1000 -> 4.5 | H13: 4 | I13: =(G13+0.4) -> 4.9 | J13: 4 | O13: =(G13+0.5) -> 5 | P13: 4 | Q13: =(((C13+60)+250+(D13+60))*2/1000)*2 -> 10.48 | R13: =Q13*2 -> 20.96 | S13: FS-MP25-0310-1 | T13: EZ F.B POSMAC Duct-VT-01 | U13: ='1. 소켓인수검사'!G15 -> 근생5
A14: ='1. 소켓인수검사'!A16 -> 08 | B14: E257 | C14: ='1. 소켓인수검사'!C16 -> 2400 | D14: ='1. 소켓인수검사'!D16 -> 2700 | F14: =C14*D14/1000000 -> 6.48 | G14: =(C14+D14)*2/1000 -> 10.2 | H14: 4 | I14: =(G14+0.4) -> 10.6 | J14: 4 | O14: =(G14+0.5) -> 10.7 | P14: 4 | Q14: =(((C14+60)+250+(D14+60))*2/1000)*2 -> 21.88 | R14: =Q14*2 -> 43.76 | S14: FS-MP25-0310-1 | T14: EZ F.B POSMAC Duct-VT-01 | U14: ='1. 소켓인수검사'!G16 -> 근생1/세로분할
A15: ='1. 소켓인수검사'!A17 -> 09 | B15: E257 | C15: ='1. 소켓인수검사'!C17 -> 2550 | D15: ='1. 소켓인수검사'!D17 -> 2700 | F15: =C15*D15/1000000 -> 6.885 | G15: =(C15+D15)*2/1000 -> 10.5 | H15: 4 | I15: =(G15+0.4) -> 10.9 | J15: 4 | O15: =(G15+0.5) -> 11 | P15: 4 | Q15: =(((C15+60)+250+(D15+60))*2/1000)*2 -> 22.48 | R15: =Q15*2 -> 44.96 | S15: FS-MP25-0310-1 | T15: EZ F.B POSMAC Duct-VT-01 | U15: ='1. 소켓인수검사'!G17 -> 근생1/세로분할
A16: TTL | H16: =SUM(H7:H15) -> 36 | J16: =SUM(J7:J15) -> 36 | L16: =SUM(L7:L15) -> 0 | N16: =SUM(N7:N15) -> 0 | P16: =SUM(P7:P15) -> 36 | Q16: =SUM(Q7:Q15) -> 115.44 | R16: =SUM(R7:R15) -> 230.88
A18: 특이사항 및 조치사항

Sheet 발주서정리
