Workbook

Sheet 1. 소켓인수검사
A1: 구조체작업지시서 | D1: =R1 -> 26.07.08 엘티엔지니어링_코오롱글로벌_신동양기업_대한항공 운북 신 엔진정비공장 건립공사 | R1: 26.07.08 엘티엔지니어링_코오롱글로벌_신동양기업_대한항공 운북 신 엔진정비공장 건립공사
A6: No | B6: 구조 | C6: 규격 | E6: 분할 | F6: 재고여부 | G6: 비고 | I6: *VM 200(1000*1000)기준
C7: 가로 | D7: 세로
A9: 03 | B9: HTG-1.69 | C9: 1300 | D9: 1100 | G9: 지하1층 PS-9(B1F→1F) | Q9: AJ085
A10: 04 | B10: HTG-1.69 | C10: 1500 | D10: 800 | G10: 지상3층 세척장상부(3F→4F) | Q10: AJ086
A11: 05 | B11: HTG-1.69 | C11: 1800 | D11: 800 | G11: 지상3층 세척장상부(3F→4F) | Q11: AJ087

Sheet 2.1 재단(1.69,064)
F2: 재단작업지시서 | J2: ='1. 소켓인수검사'!R1 -> 26.07.08 엘티엔지니어링_코오롱글로벌_신동양기업_대한항공 운북 신 엔진정비공장 건립공사
A5: No. | B5: 구조 | C5: 규격 | E5: 소켓 Lot | F5: 소켓내부용 | Q5: 차열시트 | AA5: 비고 | AB5: 15 | AC5: 50
C6: 가로 | D6: 세로 | F6: 상하(4T) | I6: 받침대(4T) | M6: 좌우(4T) | Q6: 틈새복합시트용 | U6: Z형 플래싱용 | AG6: z형 | AK6: 틈새
F7: 폭 | G7: 규격 | H7: 수량(EA) | I7: 폭 | J7: 규격 | L7: 수량(EA) | M7: 폭 | N7: 규격 | P7: 수량(EA) | Q7: 두께 | R7: 폭 | S7: 규격 | T7: 수량(EA) | U7: 두께 | V7: 폭 | W7: 규격 | Z7: 수량(EA) | AB7: 개구부W | AC7: 개구부H | AD7: Z둘레 | AE7: Z이론 | AF7: Z×로스 | AG7: Z올림 | AH7: H둘레 | AI7: H이론 | AJ7: H×로스 | AK7: H올림
A8: ='1. 소켓인수검사'!A9 -> 03 | B8: HTG-1.69 | C8: ='1. 소켓인수검사'!C9 -> 1300 | D8: ='1. 소켓인수검사'!D9 -> 1100 | G8: =(C8-60)/2-5 -> 615 | H8: =3*4 -> 12 | J8: =(C8-60)/2-5 -> 615 | K8: =(D8-20)/2-10 -> 530 | L8: =4*4 -> 16 | T8: =+AK8*2 -> 12 | Z8: =+AG8 -> 6 | AB8: =C8+$AC$5*2 -> 1400 | AC8: =D8+$AC$5*2 -> 1200 | AD8: =(AB8+AC8)*2 -> 5200 | AE8: =AD8/1000 -> 5.2 | AF8: =AE8*(1+$AB$5/100) -> 5.98 | AG8: =CEILING(AF8,1) -> 6 | AH8: =D8*2+AB8*2 -> 5000 | AI8: =AH8/1000 -> 5 | AJ8: =AI8*(1+$AB$5/100) -> 5.75 | AK8: =CEILING(AJ8,1) -> 6
A9: ='1. 소켓인수검사'!A10 -> 04 | B9: HTG-1.69 | C9: ='1. 소켓인수검사'!C10 -> 1500 | D9: ='1. 소켓인수검사'!D10 -> 800 | G9: =(C9-60)/2-5 -> 715 | H9: =3*4 -> 12 | J9: =(C9-60)/2-5 -> 715 | K9: =(D9-20)/2-10 -> 380 | L9: =4*4 -> 16 | T9: =+AK9*2 -> 12 | Z9: =+AG9 -> 6 | AB9: =C9+$AC$5*2 -> 1600 | AC9: =D9+$AC$5*2 -> 900 | AD9: =(AB9+AC9)*2 -> 5000 | AE9: =AD9/1000 -> 5 | AF9: =AE9*(1+$AB$5/100) -> 5.75 | AG9: =CEILING(AF9,1) -> 6 | AH9: =D9*2+AB9*2 -> 4800 | AI9: =AH9/1000 -> 4.8 | AJ9: =AI9*(1+$AB$5/100) -> 5.52 | AK9: =CEILING(AJ9,1) -> 6
A10: ='1. 소켓인수검사'!A11 -> 05 | B10: HTG-1.69 | C10: ='1. 소켓인수검사'!C11 -> 1800 | D10: ='1. 소켓인수검사'!D11 -> 800 | G10: =(C10-60)/2-5 -> 865 | H10: =3*4 -> 12 | J10: =(C10-60)/2-5 -> 865 | K10: =(D10-20)/2-10 -> 380 | L10: =4*4 -> 16 | T10: =+AK10*2 -> 14 | Z10: =+AG10 -> 7 | AB10: =C10+$AC$5*2 -> 1900 | AC10: =D10+$AC$5*2 -> 900 | AD10: =(AB10+AC10)*2 -> 5600 | AE10: =AD10/1000 -> 5.6 | AF10: =AE10*(1+$AB$5/100) -> 6.44 | AG10: =CEILING(AF10,1) -> 7 | AH10: =D10*2+AB10*2 -> 5400 | AI10: =AH10/1000 -> 5.4 | AJ10: =AI10*(1+$AB$5/100) -> 6.21 | AK10: =CEILING(AJ10,1) -> 7
A11: 합계 | T11: =SUM(T8:T10) -> 38 | Z11: =SUM(Z8:Z10) -> 19
A13: 특이사항 및 조치사항 | D13: ※ 상하 : [상(3장)+하(3장)] * 소켓(2개) = 12개 ※ 받침대 : [2장/대] * 4곳 * 소켓(2개) = 16개 * 4T*255* 55M

Sheet 3.1 절곡(HTG1.69)(브라켓,보강대,받침대)
G1: 절곡작업지시서 | M1: ='1. 소켓인수검사'!R1 -> 26.07.08 엘티엔지니어링_코오롱글로벌_신동양기업_대한항공 운북 신 엔진정비공장 건립공사
A5: No. | C5: 규격 | E5: 수량 (EA) | F5: 소켓 Lot | G5: 평철(mm) | AO5: d | AP5: 평철(mm)
B6: 구조 | C6: 가로 | D6: 세로 | G6: 상하1 | K6: 상하2 | Q6: 좌우 | W6: 보강대 | AC6: 받침대1 | AI6: 받침대2 | AP6: 틈새강판(Z형) | AT6: 플래싱(Z형 강판)
G7: 두께 | H7: 폭 | I7: 규격 | J7: 수량 (EA) | K7: 두께 | L7: 폭 | M7: 규격 | P7: 수량(EA) | Q7: 두께 | R7: 폭 | S7: 규격 | V7: 수량(EA) | W7: 두께 | X7: 폭 | Y7: 규격 | AB7: 수량(EA) | AC7: 두께 | AD7: 폭 | AE7: 규격 | AH7: 수량(EA) | AI7: 두께 | AJ7: 폭 | AK7: 규격 | AN7: 수량(EA) | AP7: 두께 | AQ7: 폭 | AR7: 규격 | AS7: 수량 (EA) | AT7: 두께 | AU7: 폭 | AV7: 규격 | AY7: 수량(EA)
A8: ='1. 소켓인수검사'!A9 -> 03 | B8: HTG-1.69 | C8: ='1. 소켓인수검사'!C9 -> 1300 | D8: ='1. 소켓인수검사'!D9 -> 1100 | E8: 1 | I8: =(C8-60)/2-5 -> 615 | J8: 4 | M8: =(C8-60)/2-5 -> 615 | N8: =(H8-60)/2-5 -> -35 | O8: =(I8-60)/2-5 -> 272.5 | P8: 4 | Y8: =D8 -> 1100 | Z8: =(F8-20)/2-10 -> -20 | AA8: =(G8-20)/2-10 -> -20 | AB8: =3*2 -> 6 | AD8: 318 | AE8: =(C8-60)/2 -> 620 | AF8: =(K8-20)/2-10 -> -20 | AG8: =(L8-20)/2-10 -> -20 | AH8: 8 | AJ8: 255 | AK8: =(C8-60)/2 -> 620 | AL8: =(W8-20)/2-10 -> -20 | AM8: =(X8-20)/2-10 -> -20 | AN8: 8 | AQ8: 260 | AR8: 1000 | AS8: ='2.1 재단(1.69,064)'!T8/2 -> 6 | AU8: 310 | AV8: 1000 | AY8: ='2.1 재단(1.69,064)'!Z8 -> 6
A9: ='1. 소켓인수검사'!A10 -> 04 | B9: HTG-1.69 | C9: ='1. 소켓인수검사'!C10 -> 1500 | D9: ='1. 소켓인수검사'!D10 -> 800 | E9: 1 | I9: =(C9-60)/2-5 -> 715 | J9: 4 | M9: =(C9-60)/2-5 -> 715 | N9: =(H9-60)/2-5 -> -35 | O9: =(I9-60)/2-5 -> 322.5 | P9: 4 | Y9: =D9 -> 800 | Z9: =(F9-20)/2-10 -> -20 | AA9: =(G9-20)/2-10 -> -20 | AB9: =3*2 -> 6 | AD9: 318 | AE9: =(C9-60)/2 -> 720 | AF9: =(K9-20)/2-10 -> -20 | AG9: =(L9-20)/2-10 -> -20 | AH9: 8 | AJ9: 255 | AK9: =(C9-60)/2 -> 720 | AL9: =(W9-20)/2-10 -> -20 | AM9: =(X9-20)/2-10 -> -20 | AN9: 8 | AQ9: 260 | AR9: 1000 | AS9: ='2.1 재단(1.69,064)'!T9/2 -> 6 | AU9: 310 | AV9: 1000 | AY9: ='2.1 재단(1.69,064)'!Z9 -> 6
A10: ='1. 소켓인수검사'!A11 -> 05 | B10: HTG-1.69 | C10: ='1. 소켓인수검사'!C11 -> 1800 | D10: ='1. 소켓인수검사'!D11 -> 800 | E10: 1 | I10: =(C10-60)/2-5 -> 865 | J10: 4 | M10: =(C10-60)/2-5 -> 865 | N10: =(H10-60)/2-5 -> -35 | O10: =(I10-60)/2-5 -> 397.5 | P10: 4 | Y10: =D10 -> 800 | Z10: =(F10-20)/2-10 -> -20 | AA10: =(G10-20)/2-10 -> -20 | AB10: =3*2 -> 6 | AD10: 318 | AE10: =(C10-60)/2 -> 870 | AF10: =(K10-20)/2-10 -> -20 | AG10: =(L10-20)/2-10 -> -20 | AH10: 8 | AJ10: 255 | AK10: =(C10-60)/2 -> 870 | AL10: =(W10-20)/2-10 -> -20 | AM10: =(X10-20)/2-10 -> -20 | AN10: 8 | AQ10: 260 | AR10: 1000 | AS10: ='2.1 재단(1.69,064)'!T10/2 -> 7 | AU10: 310 | AV10: 1000 | AY10: ='2.1 재단(1.69,064)'!Z10 -> 7
A11: TTL | J11: =SUM(J8:J10) -> 12 | P11: =SUM(P8:P10) -> 12 | V11: =SUM(V8:V10) -> 0 | AB11: =SUM(AB8:AB10) -> 18 | AH11: =SUM(AH8:AH10) -> 24 | AN11: =SUM(AN8:AN10) -> 24 | AS11: =SUM(AS8:AS10) -> 19 | AY11: =SUM(AY8:AY10) -> 19

Sheet 4. 차열재 소켓용 (수정)
E1: 차열재 생산일지(소켓외부용)
A4: 설비번호
A5: 생산일자 | E5: 생산 시작 | H5: 작업자 | K5: 업체 | M5: ='1. 소켓인수검사'!R1 -> 26.07.08 엘티엔지니어링_코오롱글로벌_신동양기업_대한항공 운북 신 엔진정비공장 건립공사
E6: 생산 종료
A8: No. | B8: 구조 | C8: 규격 | E8: 소켓 Lot | F8: 두께 | G8: 폭 | H8: 차열재(소켓용)(25T*300)(96K) | O8: 비고
C9: 가로 | D9: 세로 | H9: 상하 | J9: 좌우 | L9: Lot No
F10: 25 | G10: 300 | H10: 규격 | I10: 수량 | J10: 규격 | K10: 수량
A11: ='1. 소켓인수검사'!A9 -> 03 | B11: ='1. 소켓인수검사'!B9 -> HTG-1.69 | C11: ='1. 소켓인수검사'!C9 -> 1300 | D11: ='1. 소켓인수검사'!D9 -> 1100 | H11: =(C11-60)/2+60 -> 680 | I11: 4 | J11: =D11 -> 1100 | K11: 4
A12: ='1. 소켓인수검사'!A10 -> 04 | B12: ='1. 소켓인수검사'!B10 -> HTG-1.69 | C12: ='1. 소켓인수검사'!C10 -> 1500 | D12: ='1. 소켓인수검사'!D10 -> 800 | H12: =(C12-60)/2+60 -> 780 | I12: 4 | J12: =D12 -> 800 | K12: 4
A13: ='1. 소켓인수검사'!A11 -> 05 | B13: ='1. 소켓인수검사'!B11 -> HTG-1.69 | C13: ='1. 소켓인수검사'!C11 -> 1800 | D13: ='1. 소켓인수검사'!D11 -> 800 | H13: =(C13-60)/2+60 -> 930 | I13: 4 | J13: =D13 -> 800 | K13: 4
A14: TTL | I14: =SUM(I11:I13) -> 12 | K14: =SUM(K11:K13) -> 12
A16: 특이사항 및 조치사항

Sheet 5. 차열재 출하용
D1: 차열재생산일지(출하용)
A4: 설비번호
A5: 생산일자 | D5: 생산 시작 | G5: 작업자 | J5: 작업자 | O5: 업 체 | P5: ='1. 소켓인수검사'!R1 -> 26.07.08 엘티엔지니어링_코오롱글로벌_신동양기업_대한항공 운북 신 엔진정비공장 건립공사
D6: 생산 종료
A8: No. | B8: 가로 | C8: 세로 | D8: 구조 | E8: 면적 | F8: 둘레 | G8: 그라스울 | M8: 차열재(96K) (틈새복합시트용) | P8: 차열재(96K) : 단열용
G9: 25*1400 | H9: 수량 | I9: 소요량 | J9: 25*1000 | K9: 수량 | L9: 소요량 | M9: 25*200 | N9: 수량 | O9: LOT NO | P9: 38*600 | Q9: 수량 | R9: 소요량 | S9: 50*600 | T9: 수량 | U9: 소요량
A10: =+'1. 소켓인수검사'!A9 -> 03 | B10: =+'1. 소켓인수검사'!C9 -> 1300 | C10: =+'1. 소켓인수검사'!D9 -> 1100 | D10: =+'1. 소켓인수검사'!B9 -> HTG-1.69 | E10: =B10*C10/1000000 -> 1.43 | F10: =(B10+C10)*2/1000 -> 4.8 | G10: =F10+0.4 -> 5.2 | H10: 1 | I10: =H10*G10 -> 5.2 | J10: =F10+0.4 -> 5.2 | K10: 1 | L10: =K10*J10 -> 5.2 | M10: 1 | N10: ='2.1 재단(1.69,064)'!T8/2 -> 6 | P10: =F10+0.5 -> 5.3 | Q10: 4 | R10: =Q10*P10 -> 21.2
A11: =+'1. 소켓인수검사'!A10 -> 04 | B11: =+'1. 소켓인수검사'!C10 -> 1500 | C11: =+'1. 소켓인수검사'!D10 -> 800 | D11: =+'1. 소켓인수검사'!B10 -> HTG-1.69 | E11: =B11*C11/1000000 -> 1.2 | F11: =(B11+C11)*2/1000 -> 4.6 | G11: =F11+0.4 -> 5 | H11: 1 | I11: =H11*G11 -> 5 | J11: =F11+0.4 -> 5 | K11: 1 | L11: =K11*J11 -> 5 | M11: 1 | N11: ='2.1 재단(1.69,064)'!T9/2 -> 6 | P11: =F11+0.5 -> 5.1 | Q11: 4 | R11: =Q11*P11 -> 20.4
A12: =+'1. 소켓인수검사'!A11 -> 05 | B12: =+'1. 소켓인수검사'!C11 -> 1800 | C12: =+'1. 소켓인수검사'!D11 -> 800 | D12: =+'1. 소켓인수검사'!B11 -> HTG-1.69 | E12: =B12*C12/1000000 -> 1.44 | F12: =(B12+C12)*2/1000 -> 5.2 | G12: =F12+0.4 -> 5.6 | H12: 1 | I12: =H12*G12 -> 5.6 | J12: =F12+0.4 -> 5.6 | K12: 1 | L12: =K12*J12 -> 5.6 | M12: 1 | N12: ='2.1 재단(1.69,064)'!T10/2 -> 7 | P12: =F12+0.5 -> 5.7 | Q12: 4 | R12: =Q12*P12 -> 22.8
A13: 합계 | I13: =SUM(I10:I12) -> 15.8 | L13: =SUM(L10:L12) -> 15.8 | N13: =SUM(N10:N12) -> 19 | R13: =SUM(R10:R12) -> 64.4 | U13: =SUM(U10:U12) -> 0
A14: 그라스울(25*1400*20M) | G14: =I13/20 -> 0.79
A15: 그라스울(25*1000*20M) | G15: =L13/20 -> 0.79
A16: 차열재(38*600*4.8M) | G16: =R13/4.8 -> 13.416667
A17: 차열재(50*600*3.6M) | G17: =U13/3.6 -> 0
A18: 특이사항 및 조치사항

Sheet 라벨소요량
E1: 라벨소요량(웰스홈_국립한국문학관(입상)_251203 ) | F1: 라벨소요량 | J1: ='1. 소켓인수검사'!R1 -> 26.07.08 엘티엔지니어링_코오롱글로벌_신동양기업_대한항공 운북 신 엔진정비공장 건립공사
A5: No. | B5: 구조 | C5: 가로 | D5: 세로 | E5: 소켓 Lot | F5: 면적 | G5: 둘레 | H5: 방화 소켓 | I5: 그라스울 | K5: 그라스울 | M5: 차열재 | O5: 차열재 | Q5: 플래싱(Z형) | S5: 플래싱시트(Z형) | U5: 틈새강판(Z형) | W5: 틈새복합시트 | Y5: 인정번호 | Z5: 품명 | AA5: 설치위치
I6: 25* 1400 | J6: 수량 | K6: 25* 1000 | L6: 수량 | M6: 38* 600 | N6: 수량 | O6: 50* 600 | P6: 수량 | Q6: 산출량 | R6: 총량 | S6: 산출량 | T6: 총량 | U6: 산출량 | V6: 총량 | W6: 산출량 | X6: 총량
A7: ='1. 소켓인수검사'!A9 -> 03 | B7: ='1. 소켓인수검사'!B9 -> HTG-1.69 | C7: ='1. 소켓인수검사'!C9 -> 1300 | D7: ='1. 소켓인수검사'!D9 -> 1100 | F7: =C7*D7/1000000 -> 1.43 | G7: =(C7+D7)*2/1000 -> 4.8 | H7: 4 | I7: =(G7+0.4) -> 5.2 | J7: 2 | K7: =(G7+0.4) -> 5.2 | L7: 2 | M7: =G7+0.5 -> 5.3 | N7: 8 | Q7: ='2.1 재단(1.69,064)'!Z8 -> 6 | R7: =Q7*2 -> 12 | S7: ='2.1 재단(1.69,064)'!Z8 -> 6 | T7: =S7*2 -> 12 | U7: ='2.1 재단(1.69,064)'!T8/2 -> 6 | V7: =U7*2 -> 12 | W7: ='2.1 재단(1.69,064)'!T8/2 -> 6 | X7: =W7*2 -> 12 | Y7: FS-MP25-0910-04 | Z7: EZ F.B POSMAC Duct-HTG-1.69 | AA7: ='1. 소켓인수검사'!G9 -> 지하1층 PS-9(B1F→1F)
A8: ='1. 소켓인수검사'!A10 -> 04 | B8: ='1. 소켓인수검사'!B10 -> HTG-1.69 | C8: ='1. 소켓인수검사'!C10 -> 1500 | D8: ='1. 소켓인수검사'!D10 -> 800 | F8: =C8*D8/1000000 -> 1.2 | G8: =(C8+D8)*2/1000 -> 4.6 | H8: 4 | I8: =(G8+0.4) -> 5 | J8: 2 | K8: =(G8+0.4) -> 5 | L8: 2 | M8: =G8+0.5 -> 5.1 | N8: 8 | Q8: ='2.1 재단(1.69,064)'!Z9 -> 6 | R8: =Q8*2 -> 12 | S8: ='2.1 재단(1.69,064)'!Z9 -> 6 | T8: =S8*2 -> 12 | U8: ='2.1 재단(1.69,064)'!T9/2 -> 6 | V8: =U8*2 -> 12 | W8: ='2.1 재단(1.69,064)'!T9/2 -> 6 | X8: =W8*2 -> 12 | Y8: FS-MP25-0910-04 | Z8: EZ F.B POSMAC Duct-HTG-1.69 | AA8: ='1. 소켓인수검사'!G10 -> 지상3층 세척장상부(3F→4F)
A9: ='1. 소켓인수검사'!A11 -> 05 | B9: ='1. 소켓인수검사'!B11 -> HTG-1.69 | C9: ='1. 소켓인수검사'!C11 -> 1800 | D9: ='1. 소켓인수검사'!D11 -> 800 | F9: =C9*D9/1000000 -> 1.44 | G9: =(C9+D9)*2/1000 -> 5.2 | H9: 4 | I9: =(G9+0.4) -> 5.6 | J9: 2 | K9: =(G9+0.4) -> 5.6 | L9: 2 | M9: =G9+0.5 -> 5.7 | N9: 8 | Q9: ='2.1 재단(1.69,064)'!Z10 -> 7 | R9: =Q9*2 -> 14 | S9: ='2.1 재단(1.69,064)'!Z10 -> 7 | T9: =S9*2 -> 14 | U9: ='2.1 재단(1.69,064)'!T10/2 -> 7 | V9: =U9*2 -> 14 | W9: ='2.1 재단(1.69,064)'!T10/2 -> 7 | X9: =W9*2 -> 14 | Y9: FS-MP25-0910-04 | Z9: EZ F.B POSMAC Duct-HTG-1.69 | AA9: ='1. 소켓인수검사'!G11 -> 지상3층 세척장상부(3F→4F)
A10: TTL | H10: =SUM(H7:H9) -> 12 | J10: =SUM(J7:J9) -> 6 | L10: =SUM(L7:L9) -> 6 | N10: =SUM(N7:N9) -> 24 | P10: =SUM(P7:P9) -> 0 | R10: =SUM(R7:R9) -> 38 | T10: =SUM(T7:T9) -> 38 | V10: =SUM(V7:V9) -> 38 | X10: =SUM(X7:X9) -> 38
A12: 특이사항 및 조치사항

Sheet 발주서정리
