Workbook

Sheet 1. 소켓인수검사
A1: 구조체작업지시서 | D1: =R2 -> 26.06.10 행복산업_덕신건업_롯데건설_인천 효성구역 도시개발 사업 공동주택(4BL) 2차분 | R1: 현장명
R2: 26.06.10 행복산업_덕신건업_롯데건설_인천 효성구역 도시개발 사업 공동주택(4BL) 2차분
A6: No | B6: 구조 | C6: 규격 | E6: 분할구조 | F6: 재고여부 | G6: 설치위치 | I6: *VM 200(1000*1000)기준
C7: 가로 | D7: 세로
A9: 01 | B9: VA-064 | C9: 600 | D9: 750 | G9: 8동 1번 | Q9: CN025
A10: 02 | B10: VA-064 | C10: 600 | D10: 750 | G10: 8동 1번 | Q10: CN026
A11: 03 | B11: VA-064 | C11: 600 | D11: 750 | G11: 8동 1번 | Q11: CN027
A12: 04 | B12: VA-064 | C12: 800 | D12: 850 | G12: 5동 1번 | Q12: CN028
A13: 05 | B13: VA-064 | C13: 800 | D13: 850 | G13: 5동 1번 | Q13: CN029
A14: 06 | B14: VA-064 | C14: 800 | D14: 850 | G14: 5동 1번 | Q14: CN030
A15: 07 | B15: VA-064 | C15: 1200 | D15: 500 | G15: 8동 1번 | Q15: CN031
A16: 08 | B16: VA-064 | C16: 1300 | D16: 400 | G16: 5동 2번 | Q16: CN032
A17: 09 | B17: VA-064 | C17: 1300 | D17: 400 | G17: 5동 2번 | Q17: CN033
A18: 10 | B18: VA-064 | C18: 1300 | D18: 400 | G18: 5동 2번 | Q18: CN034
A19: 11 | B19: VA-064 | C19: 1300 | D19: 400 | G19: 5동 2번 | Q19: CN035
A20: 12 | B20: VA-064 | C20: 1300 | D20: 450 | G20: 8동 2번 | Q20: CN036
... A34: 26 | B34: VT-01 | C34: 2000 | D34: 500 | G34: 5동 2번 | Q34: CN050

Sheet 2.재단(VM)작업
E1: 재단작업지시서(VM) | H1: ='1. 소켓인수검사'!R2 -> 26.06.10 행복산업_덕신건업_롯데건설_인천 효성구역 도시개발 사업 공동주택(4BL) 2차분
A5: No. | B5: 구조 | C5: 규격 | E5: 소켓 Lot | F5: 수량 | G5: 소켓내부용 | K5: 소켓외부용 | O5: 비고
C6: 가로 | D6: 세로 | G6: 가로 | I6: 세로 | K6: 상하 | M6: 좌우
G7: 규격 | H7: 수량(EA) | I7: 규격 | J7: 수량(EA) | K7: 규격 | L7: 수량 | M7: 규격 | N7: 수량
A8: ='1. 소켓인수검사'!A9 -> 01 | B8: VA-064 | C8: ='1. 소켓인수검사'!C9 -> 600 | D8: ='1. 소켓인수검사'!D9 -> 750 | F8: 1 | G8: =C8-5 -> 595 | H8: =F8*4 -> 4 | I8: =D8-30 -> 720 | J8: =F8*4 -> 4 | K8: =C8+60 -> 660 | L8: 2 | M8: =D8 -> 750 | N8: 2
A9: ='1. 소켓인수검사'!A10 -> 02 | B9: VA-064 | C9: ='1. 소켓인수검사'!C10 -> 600 | D9: ='1. 소켓인수검사'!D10 -> 750 | F9: 1 | G9: =C9-5 -> 595 | H9: =F9*4 -> 4 | I9: =D9-30 -> 720 | J9: =F9*4 -> 4 | K9: =C9+60 -> 660 | L9: 2 | M9: =D9 -> 750 | N9: 2
A10: ='1. 소켓인수검사'!A11 -> 03 | B10: VA-064 | C10: ='1. 소켓인수검사'!C11 -> 600 | D10: ='1. 소켓인수검사'!D11 -> 750 | F10: 1 | G10: =C10-5 -> 595 | H10: =F10*4 -> 4 | I10: =D10-30 -> 720 | J10: =F10*4 -> 4 | K10: =C10+60 -> 660 | L10: 2 | M10: =D10 -> 750 | N10: 2
A11: ='1. 소켓인수검사'!A12 -> 04 | B11: VA-064 | C11: ='1. 소켓인수검사'!C12 -> 800 | D11: ='1. 소켓인수검사'!D12 -> 850 | F11: 1 | G11: =C11-5 -> 795 | H11: =F11*4 -> 4 | I11: =D11-30 -> 820 | J11: =F11*4 -> 4 | K11: =C11+60 -> 860 | L11: 2 | M11: =D11 -> 850 | N11: 2
A12: ='1. 소켓인수검사'!A13 -> 05 | B12: VA-064 | C12: ='1. 소켓인수검사'!C13 -> 800 | D12: ='1. 소켓인수검사'!D13 -> 850 | F12: 1 | G12: =C12-5 -> 795 | H12: =F12*4 -> 4 | I12: =D12-30 -> 820 | J12: =F12*4 -> 4 | K12: =C12+60 -> 860 | L12: 2 | M12: =D12 -> 850 | N12: 2
A13: ='1. 소켓인수검사'!A14 -> 06 | B13: VA-064 | C13: ='1. 소켓인수검사'!C14 -> 800 | D13: ='1. 소켓인수검사'!D14 -> 850 | F13: 1 | G13: =C13-5 -> 795 | H13: =F13*4 -> 4 | I13: =D13-30 -> 820 | J13: =F13*4 -> 4 | K13: =C13+60 -> 860 | L13: 2 | M13: =D13 -> 850 | N13: 2
A14: ='1. 소켓인수검사'!A15 -> 07 | B14: VA-064 | C14: ='1. 소켓인수검사'!C15 -> 1200 | D14: ='1. 소켓인수검사'!D15 -> 500 | F14: 1 | G14: =C14-5 -> 1195 | H14: =F14*4 -> 4 | I14: =D14-30 -> 470 | J14: =F14*4 -> 4 | K14: =C14+60 -> 1260 | L14: 2 | M14: =D14 -> 500 | N14: 2
A15: ='1. 소켓인수검사'!A16 -> 08 | B15: VA-064 | C15: ='1. 소켓인수검사'!C16 -> 1300 | D15: ='1. 소켓인수검사'!D16 -> 400 | F15: 1 | G15: =C15-5 -> 1295 | H15: =F15*4 -> 4 | I15: =D15-30 -> 370 | J15: =F15*4 -> 4 | K15: =C15+60 -> 1360 | L15: 2 | M15: =D15 -> 400 | N15: 2
A16: ='1. 소켓인수검사'!A17 -> 09 | B16: VA-064 | C16: ='1. 소켓인수검사'!C17 -> 1300 | D16: ='1. 소켓인수검사'!D17 -> 400 | F16: 1 | G16: =C16-5 -> 1295 | H16: =F16*4 -> 4 | I16: =D16-30 -> 370 | J16: =F16*4 -> 4 | K16: =C16+60 -> 1360 | L16: 2 | M16: =D16 -> 400 | N16: 2
A17: ='1. 소켓인수검사'!A18 -> 10 | B17: VA-064 | C17: ='1. 소켓인수검사'!C18 -> 1300 | D17: ='1. 소켓인수검사'!D18 -> 400 | F17: 1 | G17: =C17-5 -> 1295 | H17: =F17*4 -> 4 | I17: =D17-30 -> 370 | J17: =F17*4 -> 4 | K17: =C17+60 -> 1360 | L17: 2 | M17: =D17 -> 400 | N17: 2
A18: ='1. 소켓인수검사'!A19 -> 11 | B18: VA-064 | C18: ='1. 소켓인수검사'!C19 -> 1300 | D18: ='1. 소켓인수검사'!D19 -> 400 | F18: 1 | G18: =C18-5 -> 1295 | H18: =F18*4 -> 4 | I18: =D18-30 -> 370 | J18: =F18*4 -> 4 | K18: =C18+60 -> 1360 | L18: 2 | M18: =D18 -> 400 | N18: 2
A19: ='1. 소켓인수검사'!A20 -> 12 | B19: VA-064 | C19: ='1. 소켓인수검사'!C20 -> 1300 | D19: ='1. 소켓인수검사'!D20 -> 450 | F19: 1 | G19: =C19-5 -> 1295 | H19: =F19*4 -> 4 | I19: =D19-30 -> 420 | J19: =F19*4 -> 4 | K19: =C19+60 -> 1360 | L19: 2 | M19: =D19 -> 450 | N19: 2
A21: 특이사항 및 조치사항

Sheet 2.1 재단작업(VT)
E1: 재단작업지시서 (VT) | H1: ='1. 소켓인수검사'!R2 -> 26.06.10 행복산업_덕신건업_롯데건설_인천 효성구역 도시개발 사업 공동주택(4BL) 2차분
A5: No. | B5: 구조 | C5: 규격 | E5: 소켓 Lot | F5: 수량 | G5: 소켓내부용 | K5: 소켓외부용 | O5: 비고
C6: 가로 | D6: 세로 | G6: 가로 | I6: 세로 | K6: 상하 | M6: 좌우
G7: 규격 | H7: 수량(EA) | I7: 규격 | J7: 수량(EA) | K7: 규격 | L7: 수량 | M7: 규격 | N7: 수량
A8: ='1. 소켓인수검사'!A21 -> 13 | B8: VT-01 | C8: ='1. 소켓인수검사'!C21 -> 750 | D8: ='1. 소켓인수검사'!D21 -> 900 | F8: 1 | G8: =(C8-30)/2-5 -> 355 | H8: =F8*8*2 -> 16 | I8: =(D8-20)/2-10 -> 430 | J8: =F8*16 -> 16 | K8: =C8+60 -> 810 | L8: 4 | M8: =D8 -> 900 | N8: 4
A9: ='1. 소켓인수검사'!A22 -> 14 | B9: VT-01 | C9: ='1. 소켓인수검사'!C22 -> 750 | D9: ='1. 소켓인수검사'!D22 -> 900 | F9: 1 | G9: =(C9-30)/2-5 -> 355 | H9: =F9*8*2 -> 16 | I9: =(D9-20)/2-10 -> 430 | J9: =F9*16 -> 16 | K9: =C9+60 -> 810 | L9: 4 | M9: =D9 -> 900 | N9: 4
A10: ='1. 소켓인수검사'!A23 -> 15 | B10: VT-01 | C10: ='1. 소켓인수검사'!C23 -> 750 | D10: ='1. 소켓인수검사'!D23 -> 900 | F10: 1 | G10: =(C10-30)/2-5 -> 355 | H10: =F10*8*2 -> 16 | I10: =(D10-20)/2-10 -> 430 | J10: =F10*16 -> 16 | K10: =C10+60 -> 810 | L10: 4 | M10: =D10 -> 900 | N10: 4
A11: ='1. 소켓인수검사'!A24 -> 16 | B11: VT-01 | C11: ='1. 소켓인수검사'!C24 -> 800 | D11: ='1. 소켓인수검사'!D24 -> 900 | F11: 1 | G11: =(C11-30)/2-5 -> 380 | H11: =F11*8*2 -> 16 | I11: =(D11-20)/2-10 -> 430 | J11: =F11*16 -> 16 | K11: =C11+60 -> 860 | L11: 4 | M11: =D11 -> 900 | N11: 4
A12: ='1. 소켓인수검사'!A25 -> 17 | B12: VT-01 | C12: ='1. 소켓인수검사'!C25 -> 800 | D12: ='1. 소켓인수검사'!D25 -> 900 | F12: 1 | G12: =(C12-30)/2-5 -> 380 | H12: =F12*8*2 -> 16 | I12: =(D12-20)/2-10 -> 430 | J12: =F12*16 -> 16 | K12: =C12+60 -> 860 | L12: 4 | M12: =D12 -> 900 | N12: 4
A13: ='1. 소켓인수검사'!A26 -> 18 | B13: VT-01 | C13: ='1. 소켓인수검사'!C26 -> 800 | D13: ='1. 소켓인수검사'!D26 -> 900 | F13: 1 | G13: =(C13-30)/2-5 -> 380 | H13: =F13*8*2 -> 16 | I13: =(D13-20)/2-10 -> 430 | J13: =F13*16 -> 16 | K13: =C13+60 -> 860 | L13: 4 | M13: =D13 -> 900 | N13: 4
A14: ='1. 소켓인수검사'!A27 -> 19 | B14: VT-01 | C14: ='1. 소켓인수검사'!C27 -> 900 | D14: ='1. 소켓인수검사'!D27 -> 950 | F14: 1 | G14: =(C14-30)/2-5 -> 430 | H14: =F14*8*2 -> 16 | I14: =(D14-20)/2-10 -> 455 | J14: =F14*16 -> 16 | K14: =C14+60 -> 960 | L14: 4 | M14: =D14 -> 950 | N14: 4
A15: ='1. 소켓인수검사'!A28 -> 20 | B15: VT-01 | C15: ='1. 소켓인수검사'!C28 -> 900 | D15: ='1. 소켓인수검사'!D28 -> 950 | F15: 1 | G15: =(C15-30)/2-5 -> 430 | H15: =F15*8*2 -> 16 | I15: =(D15-20)/2-10 -> 455 | J15: =F15*16 -> 16 | K15: =C15+60 -> 960 | L15: 4 | M15: =D15 -> 950 | N15: 4
A16: ='1. 소켓인수검사'!A29 -> 21 | B16: VT-01 | C16: ='1. 소켓인수검사'!C29 -> 900 | D16: ='1. 소켓인수검사'!D29 -> 950 | F16: 1 | G16: =(C16-30)/2-5 -> 430 | H16: =F16*8*2 -> 16 | I16: =(D16-20)/2-10 -> 455 | J16: =F16*16 -> 16 | K16: =C16+60 -> 960 | L16: 4 | M16: =D16 -> 950 | N16: 4
A17: ='1. 소켓인수검사'!A30 -> 22 | B17: VT-01 | C17: ='1. 소켓인수검사'!C30 -> 1200 | D17: ='1. 소켓인수검사'!D30 -> 850 | F17: 1 | G17: =(C17-30)/2-5 -> 580 | H17: =F17*8*2 -> 16 | I17: =(D17-20)/2-10 -> 405 | J17: =F17*16 -> 16 | K17: =C17+60 -> 1260 | L17: 4 | M17: =D17 -> 850 | N17: 4
A18: ='1. 소켓인수검사'!A31 -> 23 | B18: VT-01 | C18: ='1. 소켓인수검사'!C31 -> 1300 | D18: ='1. 소켓인수검사'!D31 -> 800 | F18: 1 | G18: =(C18-30)/2-5 -> 630 | H18: =F18*8*2 -> 16 | I18: =(D18-20)/2-10 -> 380 | J18: =F18*16 -> 16 | K18: =C18+60 -> 1360 | L18: 4 | M18: =D18 -> 800 | N18: 4
A19: ='1. 소켓인수검사'!A32 -> 24 | B19: VT-01 | C19: ='1. 소켓인수검사'!C32 -> 1600 | D19: ='1. 소켓인수검사'!D32 -> 600 | F19: 1 | G19: =(C19-30)/2-5 -> 780 | H19: =F19*8*2 -> 16 | I19: =(D19-20)/2-10 -> 280 | J19: =F19*16 -> 16 | K19: =C19+60 -> 1660 | L19: 4 | M19: =D19 -> 600 | N19: 4
... A21: ='1. 소켓인수검사'!A34 -> 26 | B21: VT-01 | C21: ='1. 소켓인수검사'!C34 -> 2000 | D21: ='1. 소켓인수검사'!D34 -> 500 | F21: 1 | G21: =(C21-30)/2-5 -> 980 | H21: =F21*8*2 -> 16 | I21: =(D21-20)/2-10 -> 230 | J21: =F21*16 -> 16 | K21: =C21+60 -> 2060 | L21: 4 | M21: =D21 -> 500 | N21: 4
H22: =SUM(H8:H21) -> 224 | J22: =SUM(J8:J21) -> 224 | L22: =SUM(L8:L21) -> 56 | N22: =SUM(N8:N21) -> 56
A24: 특이사항 및 조치사항

Sheet 차열재 재단(VM,VT)
E1: 재단작업지시서차열재 | G1: ='1. 소켓인수검사'!R2 -> 26.06.10 행복산업_덕신건업_롯데건설_인천 효성구역 도시개발 사업 공동주택(4BL) 2차분
A5: No. | B5: 구조 | C5: 규격 | E5: 소켓 Lot | F5: 수량 | G5: 소켓외부용 | K5: 비고
C6: 가로 | D6: 세로 | G6: 상하 | I6: 좌우
G7: 규격 | H7: 수량 | I7: 규격 | J7: 수량
A8: ='1. 소켓인수검사'!A9 -> 01 | B8: VA-064 | C8: ='1. 소켓인수검사'!C9 -> 600 | D8: ='1. 소켓인수검사'!D9 -> 750 | F8: 1 | G8: =C8+60 -> 660 | H8: 2 | I8: =D8 -> 750 | J8: 2
A9: ='1. 소켓인수검사'!A10 -> 02 | B9: VA-064 | C9: ='1. 소켓인수검사'!C10 -> 600 | D9: ='1. 소켓인수검사'!D10 -> 750 | F9: 1 | G9: =C9+60 -> 660 | H9: 2 | I9: =D9 -> 750 | J9: 2
A10: ='1. 소켓인수검사'!A11 -> 03 | B10: VA-064 | C10: ='1. 소켓인수검사'!C11 -> 600 | D10: ='1. 소켓인수검사'!D11 -> 750 | F10: 1 | G10: =C10+60 -> 660 | H10: 2 | I10: =D10 -> 750 | J10: 2
A11: ='1. 소켓인수검사'!A12 -> 04 | B11: VA-064 | C11: ='1. 소켓인수검사'!C12 -> 800 | D11: ='1. 소켓인수검사'!D12 -> 850 | F11: 1 | G11: =C11+60 -> 860 | H11: 2 | I11: =D11 -> 850 | J11: 2
A12: ='1. 소켓인수검사'!A13 -> 05 | B12: VA-064 | C12: ='1. 소켓인수검사'!C13 -> 800 | D12: ='1. 소켓인수검사'!D13 -> 850 | F12: 1 | G12: =C12+60 -> 860 | H12: 2 | I12: =D12 -> 850 | J12: 2
A13: ='1. 소켓인수검사'!A14 -> 06 | B13: VA-064 | C13: ='1. 소켓인수검사'!C14 -> 800 | D13: ='1. 소켓인수검사'!D14 -> 850 | F13: 1 | G13: =C13+60 -> 860 | H13: 2 | I13: =D13 -> 850 | J13: 2
A14: ='1. 소켓인수검사'!A15 -> 07 | B14: VA-064 | C14: ='1. 소켓인수검사'!C15 -> 1200 | D14: ='1. 소켓인수검사'!D15 -> 500 | F14: 1 | G14: =C14+60 -> 1260 | H14: 2 | I14: =D14 -> 500 | J14: 2
A15: ='1. 소켓인수검사'!A16 -> 08 | B15: VA-064 | C15: ='1. 소켓인수검사'!C16 -> 1300 | D15: ='1. 소켓인수검사'!D16 -> 400 | F15: 1 | G15: =C15+60 -> 1360 | H15: 2 | I15: =D15 -> 400 | J15: 2
A16: ='1. 소켓인수검사'!A17 -> 09 | B16: VA-064 | C16: ='1. 소켓인수검사'!C17 -> 1300 | D16: ='1. 소켓인수검사'!D17 -> 400 | F16: 1 | G16: =C16+60 -> 1360 | H16: 2 | I16: =D16 -> 400 | J16: 2
A17: ='1. 소켓인수검사'!A18 -> 10 | B17: VA-064 | C17: ='1. 소켓인수검사'!C18 -> 1300 | D17: ='1. 소켓인수검사'!D18 -> 400 | F17: 1 | G17: =C17+60 -> 1360 | H17: 2 | I17: =D17 -> 400 | J17: 2
A18: ='1. 소켓인수검사'!A19 -> 11 | B18: VA-064 | C18: ='1. 소켓인수검사'!C19 -> 1300 | D18: ='1. 소켓인수검사'!D19 -> 400 | F18: 1 | G18: =C18+60 -> 1360 | H18: 2 | I18: =D18 -> 400 | J18: 2
A19: ='1. 소켓인수검사'!A20 -> 12 | B19: VA-064 | C19: ='1. 소켓인수검사'!C20 -> 1300 | D19: ='1. 소켓인수검사'!D20 -> 450 | F19: 1 | G19: =C19+60 -> 1360 | H19: 2 | I19: =D19 -> 450 | J19: 2
... A33: ='1. 소켓인수검사'!A34 -> 26 | B33: VT-01 | C33: ='1. 소켓인수검사'!C34 -> 2000 | D33: ='1. 소켓인수검사'!D34 -> 500 | F33: 1 | G33: =C33+60 -> 2060 | H33: 2 | I33: =D33 -> 500 | J33: 2
A34: 특이사항 및 조치사항

Sheet 3. 1절곡(VM)
E1: 절 곡 생 산 일 지(VM)
A4: 설비번호
A5: 생산일자 | E5: 생산 시작 | H5: 작업자 | K5: 품명 | N5: ='1. 소켓인수검사'!R2 -> 26.06.10 행복산업_덕신건업_롯데건설_인천 효성구역 도시개발 사업 공동주택(4BL) 2차분
E6: 생산 종료
A8: No. | B8: 규격 | D8: 수량 (EA) | E8: 소켓 Lot | F8: 두께 | G8: 평철(mm) | P8: 비고
B9: 가로 | C9: 세로 | G9: 폭 | H9: 가로 | J9: 수량 확인 | K9: 세로 | O9: 수량 확인
H10: 규격 | I10: 수량(EA) | K10: 규격 | N10: 수량(EA)
A11: ='1. 소켓인수검사'!A9 -> 01 | B11: ='1. 소켓인수검사'!C9 -> 600 | C11: ='1. 소켓인수검사'!D9 -> 750 | D11: 1 | F11: 1.6 | H11: =B11-1 -> 599 | I11: =D11*4 -> 4 | K11: =C11-30 -> 720 | N11: =D11*4 -> 4
A12: ='1. 소켓인수검사'!A10 -> 02 | B12: ='1. 소켓인수검사'!C10 -> 600 | C12: ='1. 소켓인수검사'!D10 -> 750 | D12: 1 | F12: 1.6 | H12: =B12-1 -> 599 | I12: =D12*4 -> 4 | K12: =C12-30 -> 720 | N12: =D12*4 -> 4
A13: ='1. 소켓인수검사'!A11 -> 03 | B13: ='1. 소켓인수검사'!C11 -> 600 | C13: ='1. 소켓인수검사'!D11 -> 750 | D13: 1 | F13: 1.6 | H13: =B13-1 -> 599 | I13: =D13*4 -> 4 | K13: =C13-30 -> 720 | N13: =D13*4 -> 4
A14: ='1. 소켓인수검사'!A12 -> 04 | B14: ='1. 소켓인수검사'!C12 -> 800 | C14: ='1. 소켓인수검사'!D12 -> 850 | D14: 1 | F14: 1.6 | H14: =B14-1 -> 799 | I14: =D14*4 -> 4 | K14: =C14-30 -> 820 | N14: =D14*4 -> 4
A15: ='1. 소켓인수검사'!A13 -> 05 | B15: ='1. 소켓인수검사'!C13 -> 800 | C15: ='1. 소켓인수검사'!D13 -> 850 | D15: 1 | F15: 1.6 | H15: =B15-1 -> 799 | I15: =D15*4 -> 4 | K15: =C15-30 -> 820 | N15: =D15*4 -> 4
A16: ='1. 소켓인수검사'!A14 -> 06 | B16: ='1. 소켓인수검사'!C14 -> 800 | C16: ='1. 소켓인수검사'!D14 -> 850 | D16: 1 | F16: 1.6 | H16: =B16-1 -> 799 | I16: =D16*4 -> 4 | K16: =C16-30 -> 820 | N16: =D16*4 -> 4
A17: ='1. 소켓인수검사'!A15 -> 07 | B17: ='1. 소켓인수검사'!C15 -> 1200 | C17: ='1. 소켓인수검사'!D15 -> 500 | D17: 1 | F17: 1.6 | H17: =B17-1 -> 1199 | I17: =D17*4 -> 4 | K17: =C17-30 -> 470 | N17: =D17*4 -> 4
A18: ='1. 소켓인수검사'!A16 -> 08 | B18: ='1. 소켓인수검사'!C16 -> 1300 | C18: ='1. 소켓인수검사'!D16 -> 400 | D18: 1 | F18: 1.6 | H18: =B18-1 -> 1299 | I18: =D18*4 -> 4 | K18: =C18-30 -> 370 | N18: =D18*4 -> 4
A19: ='1. 소켓인수검사'!A17 -> 09 | B19: ='1. 소켓인수검사'!C17 -> 1300 | C19: ='1. 소켓인수검사'!D17 -> 400 | D19: 1 | F19: 1.6 | H19: =B19-1 -> 1299 | I19: =D19*4 -> 4 | K19: =C19-30 -> 370 | N19: =D19*4 -> 4
A20: ='1. 소켓인수검사'!A18 -> 10 | B20: ='1. 소켓인수검사'!C18 -> 1300 | C20: ='1. 소켓인수검사'!D18 -> 400 | D20: 1 | F20: 1.6 | H20: =B20-1 -> 1299 | I20: =D20*4 -> 4 | K20: =C20-30 -> 370 | N20: =D20*4 -> 4
A21: ='1. 소켓인수검사'!A19 -> 11 | B21: ='1. 소켓인수검사'!C19 -> 1300 | C21: ='1. 소켓인수검사'!D19 -> 400 | D21: 1 | F21: 1.6 | H21: =B21-1 -> 1299 | I21: =D21*4 -> 4 | K21: =C21-30 -> 370 | N21: =D21*4 -> 4
A22: ='1. 소켓인수검사'!A20 -> 12 | B22: ='1. 소켓인수검사'!C20 -> 1300 | C22: ='1. 소켓인수검사'!D20 -> 450 | D22: 1 | F22: 1.6 | H22: =B22-1 -> 1299 | I22: =D22*4 -> 4 | K22: =C22-30 -> 420 | N22: =D22*4 -> 4
A24: 특이사항 및 조치사항

Sheet 3.2 절곡(VT)
E1: 절 곡 생 산 일 지(VT_브라켓)
A4: 설비번호
A5: 생산일자 | E5: 생산 시작 | H5: 작업자 | K5: 품명 | N5: ='1. 소켓인수검사'!R2 -> 26.06.10 행복산업_덕신건업_롯데건설_인천 효성구역 도시개발 사업 공동주택(4BL) 2차분
E6: 생산 종료
A8: No. | B8: 규격 | D8: 수량 (EA) | E8: 소켓 Lot | F8: 두께 | G8: 평철(mm) | P8: 비고
B9: 가로 | C9: 세로 | G9: 폭 | H9: 가로 | J9: 수량 확인 | K9: 세로 | O9: 수량 확인
H10: 규격 | I10: 수량(EA) | K10: 규격 | N10: 수량(EA)
A11: ='1. 소켓인수검사'!A21 -> 13 | B11: ='1. 소켓인수검사'!C21 -> 750 | C11: ='1. 소켓인수검사'!D21 -> 900 | D11: 1 | F11: 1.6 이상 | G11: 60mm | H11: =(B11-30)/2-1 -> 359 | I11: =D11*8*2 -> 16 | K11: =(C11-20)/2-10-1 -> 429 | N11: =D11*16*2 -> 32
A12: ='1. 소켓인수검사'!A22 -> 14 | B12: ='1. 소켓인수검사'!C22 -> 750 | C12: ='1. 소켓인수검사'!D22 -> 900 | D12: 1 | H12: =(B12-30)/2-1 -> 359 | I12: =D12*8*2 -> 16 | K12: =(C12-20)/2-10-1 -> 429 | N12: =D12*16*2 -> 32
A13: ='1. 소켓인수검사'!A23 -> 15 | B13: ='1. 소켓인수검사'!C23 -> 750 | C13: ='1. 소켓인수검사'!D23 -> 900 | D13: 1 | H13: =(B13-30)/2-1 -> 359 | I13: =D13*8*2 -> 16 | K13: =(C13-20)/2-10-1 -> 429 | N13: =D13*16*2 -> 32
A14: ='1. 소켓인수검사'!A24 -> 16 | B14: ='1. 소켓인수검사'!C24 -> 800 | C14: ='1. 소켓인수검사'!D24 -> 900 | D14: 1 | H14: =(B14-30)/2-1 -> 384 | I14: =D14*8*2 -> 16 | K14: =(C14-20)/2-10-1 -> 429 | N14: =D14*16*2 -> 32
A15: ='1. 소켓인수검사'!A25 -> 17 | B15: ='1. 소켓인수검사'!C25 -> 800 | C15: ='1. 소켓인수검사'!D25 -> 900 | D15: 1 | H15: =(B15-30)/2-1 -> 384 | I15: =D15*8*2 -> 16 | K15: =(C15-20)/2-10-1 -> 429 | N15: =D15*16*2 -> 32
A16: ='1. 소켓인수검사'!A26 -> 18 | B16: ='1. 소켓인수검사'!C26 -> 800 | C16: ='1. 소켓인수검사'!D26 -> 900 | D16: 1 | H16: =(B16-30)/2-1 -> 384 | I16: =D16*8*2 -> 16 | K16: =(C16-20)/2-10-1 -> 429 | N16: =D16*16*2 -> 32
A17: ='1. 소켓인수검사'!A27 -> 19 | B17: ='1. 소켓인수검사'!C27 -> 900 | C17: ='1. 소켓인수검사'!D27 -> 950 | D17: 1 | H17: =(B17-30)/2-1 -> 434 | I17: =D17*8*2 -> 16 | K17: =(C17-20)/2-10-1 -> 454 | N17: =D17*16*2 -> 32
A18: ='1. 소켓인수검사'!A28 -> 20 | B18: ='1. 소켓인수검사'!C28 -> 900 | C18: ='1. 소켓인수검사'!D28 -> 950 | D18: 1 | H18: =(B18-30)/2-1 -> 434 | I18: =D18*8*2 -> 16 | K18: =(C18-20)/2-10-1 -> 454 | N18: =D18*16*2 -> 32
A19: ='1. 소켓인수검사'!A29 -> 21 | B19: ='1. 소켓인수검사'!C29 -> 900 | C19: ='1. 소켓인수검사'!D29 -> 950 | D19: 1 | H19: =(B19-30)/2-1 -> 434 | I19: =D19*8*2 -> 16 | K19: =(C19-20)/2-10-1 -> 454 | N19: =D19*16*2 -> 32
A20: ='1. 소켓인수검사'!A30 -> 22 | B20: ='1. 소켓인수검사'!C30 -> 1200 | C20: ='1. 소켓인수검사'!D30 -> 850 | D20: 1 | H20: =(B20-30)/2-1 -> 584 | I20: =D20*8*2 -> 16 | K20: =(C20-20)/2-10-1 -> 404 | N20: =D20*16*2 -> 32
A21: ='1. 소켓인수검사'!A31 -> 23 | B21: ='1. 소켓인수검사'!C31 -> 1300 | C21: ='1. 소켓인수검사'!D31 -> 800 | D21: 1 | H21: =(B21-30)/2-1 -> 634 | I21: =D21*8*2 -> 16 | K21: =(C21-20)/2-10-1 -> 379 | N21: =D21*16*2 -> 32
A22: ='1. 소켓인수검사'!A32 -> 24 | B22: ='1. 소켓인수검사'!C32 -> 1600 | C22: ='1. 소켓인수검사'!D32 -> 600 | D22: 1 | H22: =(B22-30)/2-1 -> 784 | I22: =D22*8*2 -> 16 | K22: =(C22-20)/2-10-1 -> 279 | N22: =D22*16*2 -> 32
A23: ='1. 소켓인수검사'!A33 -> 25 | B23: ='1. 소켓인수검사'!C33 -> 2000 | C23: ='1. 소켓인수검사'!D33 -> 500 | D23: 1 | H23: =(B23-30)/2-1 -> 984 | I23: =D23*8*2 -> 16 | K23: =(C23-20)/2-10-1 -> 229 | N23: =D23*16*2 -> 32
A24: ='1. 소켓인수검사'!A34 -> 26 | B24: ='1. 소켓인수검사'!C34 -> 2000 | C24: ='1. 소켓인수검사'!D34 -> 500 | D24: 1 | H24: =(B24-30)/2-1 -> 984 | I24: =D24*8*2 -> 16 | K24: =(C24-20)/2-10-1 -> 229 | N24: =D24*16*2 -> 32
A26: 특이사항 및 조치사항

Sheet 3.3 절곡(VT-보강대)
E1: 절 곡 생 산 일 지(VT_보강대)
A4: 설비번호
A5: 생산일자 | E5: 생산 시작 | H5: 작업자 | K5: 품명 | O5: ='1. 소켓인수검사'!R2 -> 26.06.10 행복산업_덕신건업_롯데건설_인천 효성구역 도시개발 사업 공동주택(4BL) 2차분
E6: 생산 종료
A8: No. | B8: 규격 | D8: 수량 (EA) | E8: 소켓 Lot | F8: 두께 | G8: 평철(mm) | Q8: 비고
B9: 가로 | C9: 세로 | G9: 폭 | H9: 가로(받침대) | J9: 수량 확인 | K9: 폭 | L9: 세로(보강대) | P9: 수량 확인
H10: 규격 | I10: 수량(EA) | L10: 규격 | O10: 수량(EA)
A11: ='1. 소켓인수검사'!A21 -> 13 | B11: ='1. 소켓인수검사'!C21 -> 750 | C11: ='1. 소켓인수검사'!D21 -> 900 | D11: 1 | F11: 1.6 이상 | G11: =228-3 -> 225 | H11: =((B11-30)/2)-1 -> 359 | I11: =D11*4*2 -> 8 | K11: =240-3 -> 237 | L11: =C11 -> 900 | O11: =D11*2*2 -> 4
A12: ='1. 소켓인수검사'!A22 -> 14 | B12: ='1. 소켓인수검사'!C22 -> 750 | C12: ='1. 소켓인수검사'!D22 -> 900 | D12: 1 | G12: =228-3 -> 225 | H12: =((B12-30)/2)-1 -> 359 | I12: =D12*4*2 -> 8 | K12: =240-3 -> 237 | L12: =C12 -> 900 | O12: =D12*2*2 -> 4
A13: ='1. 소켓인수검사'!A23 -> 15 | B13: ='1. 소켓인수검사'!C23 -> 750 | C13: ='1. 소켓인수검사'!D23 -> 900 | D13: 1 | G13: =228-3 -> 225 | H13: =((B13-30)/2)-1 -> 359 | I13: =D13*4*2 -> 8 | K13: =240-3 -> 237 | L13: =C13 -> 900 | O13: =D13*2*2 -> 4
A14: ='1. 소켓인수검사'!A24 -> 16 | B14: ='1. 소켓인수검사'!C24 -> 800 | C14: ='1. 소켓인수검사'!D24 -> 900 | D14: 1 | G14: =228-3 -> 225 | H14: =((B14-30)/2)-1 -> 384 | I14: =D14*4*2 -> 8 | K14: =240-3 -> 237 | L14: =C14 -> 900 | O14: =D14*2*2 -> 4
A15: ='1. 소켓인수검사'!A25 -> 17 | B15: ='1. 소켓인수검사'!C25 -> 800 | C15: ='1. 소켓인수검사'!D25 -> 900 | D15: 1 | G15: =228-3 -> 225 | H15: =((B15-30)/2)-1 -> 384 | I15: =D15*4*2 -> 8 | K15: =240-3 -> 237 | L15: =C15 -> 900 | O15: =D15*2*2 -> 4
A16: ='1. 소켓인수검사'!A26 -> 18 | B16: ='1. 소켓인수검사'!C26 -> 800 | C16: ='1. 소켓인수검사'!D26 -> 900 | D16: 1 | G16: =228-3 -> 225 | H16: =((B16-30)/2)-1 -> 384 | I16: =D16*4*2 -> 8 | K16: =240-3 -> 237 | L16: =C16 -> 900 | O16: =D16*2*2 -> 4
A17: ='1. 소켓인수검사'!A27 -> 19 | B17: ='1. 소켓인수검사'!C27 -> 900 | C17: ='1. 소켓인수검사'!D27 -> 950 | D17: 1 | G17: =228-3 -> 225 | H17: =((B17-30)/2)-1 -> 434 | I17: =D17*4*2 -> 8 | K17: =240-3 -> 237 | L17: =C17 -> 950 | O17: =D17*2*2 -> 4
A18: ='1. 소켓인수검사'!A28 -> 20 | B18: ='1. 소켓인수검사'!C28 -> 900 | C18: ='1. 소켓인수검사'!D28 -> 950 | D18: 1 | G18: =228-3 -> 225 | H18: =((B18-30)/2)-1 -> 434 | I18: =D18*4*2 -> 8 | K18: =240-3 -> 237 | L18: =C18 -> 950 | O18: =D18*2*2 -> 4
A19: ='1. 소켓인수검사'!A29 -> 21 | B19: ='1. 소켓인수검사'!C29 -> 900 | C19: ='1. 소켓인수검사'!D29 -> 950 | D19: 1 | G19: =228-3 -> 225 | H19: =((B19-30)/2)-1 -> 434 | I19: =D19*4*2 -> 8 | K19: =240-3 -> 237 | L19: =C19 -> 950 | O19: =D19*2*2 -> 4
A20: ='1. 소켓인수검사'!A30 -> 22 | B20: ='1. 소켓인수검사'!C30 -> 1200 | C20: ='1. 소켓인수검사'!D30 -> 850 | D20: 1 | G20: =228-3 -> 225 | H20: =((B20-30)/2)-1 -> 584 | I20: =D20*4*2 -> 8 | K20: =240-3 -> 237 | L20: =C20 -> 850 | O20: =D20*2*2 -> 4
A21: ='1. 소켓인수검사'!A31 -> 23 | B21: ='1. 소켓인수검사'!C31 -> 1300 | C21: ='1. 소켓인수검사'!D31 -> 800 | D21: 1 | G21: =228-3 -> 225 | H21: =((B21-30)/2)-1 -> 634 | I21: =D21*4*2 -> 8 | K21: =240-3 -> 237 | L21: =C21 -> 800 | O21: =D21*2*2 -> 4
A22: ='1. 소켓인수검사'!A32 -> 24 | B22: ='1. 소켓인수검사'!C32 -> 1600 | C22: ='1. 소켓인수검사'!D32 -> 600 | D22: 1 | G22: =228-3 -> 225 | H22: =((B22-30)/2)-1 -> 784 | I22: =D22*4*2 -> 8 | K22: =240-3 -> 237 | L22: =C22 -> 600 | O22: =D22*2*2 -> 4
A23: ='1. 소켓인수검사'!A33 -> 25 | B23: ='1. 소켓인수검사'!C33 -> 2000 | C23: ='1. 소켓인수검사'!D33 -> 500 | D23: 1 | G23: =228-3 -> 225 | H23: =((B23-30)/2)-1 -> 984 | I23: =D23*4*2 -> 8 | K23: =240-3 -> 237 | L23: =C23 -> 500 | O23: =D23*2*2 -> 4
A24: ='1. 소켓인수검사'!A34 -> 26 | B24: ='1. 소켓인수검사'!C34 -> 2000 | C24: ='1. 소켓인수검사'!D34 -> 500 | D24: 1 | G24: =228-3 -> 225 | H24: =((B24-30)/2)-1 -> 984 | I24: =D24*4*2 -> 8 | K24: =240-3 -> 237 | L24: =C24 -> 500 | O24: =D24*2*2 -> 4
A26: 특이사항 및 조치사항

Sheet 5. 차열재 출하용(VM,VT,VAG)
D1: 차열재생산일지(출하용)
A4: 설비번호
A5: 생산일자 | D5: 생산 시작 | G5: 작업자 | L5: 업 체 | O5: 업 체 | P5: ='1. 소켓인수검사'!R2 -> 26.06.10 행복산업_덕신건업_롯데건설_인천 효성구역 도시개발 사업 공동주택(4BL) 2차분
D6: 생산 종료
A8: No. | B8: 가로 | C8: 세로 | D8: 구조 | E8: 면적 | F8: 둘레 | G8: 글라스울 | J8: 차열재 | M8: 차열재 | P8: 차열재
G9: 25*1400 | H9: 수량 | I9: 소요량 | J9: 50*400 | K9: 수량 | L9: 소요량 | M9: 25*200 | N9: 수량 | O9: 소요량 | P9: 50*600 | Q9: 수량 | R9: 소요량
A10: ='1. 소켓인수검사'!A9 -> 01 | B10: ='1. 소켓인수검사'!C9 -> 600 | C10: ='1. 소켓인수검사'!D9 -> 750 | D10: VA-064 | E10: =B10*C10/1000000 -> 0.45 | F10: =(B10+C10)*2/1000 -> 2.7 | M10: =F10+0.5 -> 3.2 | N10: 4 | O10: =+N10*M10 -> 12.8
A11: ='1. 소켓인수검사'!A10 -> 02 | B11: ='1. 소켓인수검사'!C10 -> 600 | C11: ='1. 소켓인수검사'!D10 -> 750 | D11: VA-064 | E11: =B11*C11/1000000 -> 0.45 | F11: =(B11+C11)*2/1000 -> 2.7 | M11: =F11+0.5 -> 3.2 | N11: 4 | O11: =+N11*M11 -> 12.8
A12: ='1. 소켓인수검사'!A11 -> 03 | B12: ='1. 소켓인수검사'!C11 -> 600 | C12: ='1. 소켓인수검사'!D11 -> 750 | D12: VA-064 | E12: =B12*C12/1000000 -> 0.45 | F12: =(B12+C12)*2/1000 -> 2.7 | M12: =F12+0.5 -> 3.2 | N12: 4 | O12: =+N12*M12 -> 12.8
A13: ='1. 소켓인수검사'!A12 -> 04 | B13: ='1. 소켓인수검사'!C12 -> 800 | C13: ='1. 소켓인수검사'!D12 -> 850 | D13: VA-064 | E13: =B13*C13/1000000 -> 0.68 | F13: =(B13+C13)*2/1000 -> 3.3 | M13: =F13+0.5 -> 3.8 | N13: 4 | O13: =+N13*M13 -> 15.2
A14: ='1. 소켓인수검사'!A13 -> 05 | B14: ='1. 소켓인수검사'!C13 -> 800 | C14: ='1. 소켓인수검사'!D13 -> 850 | D14: VA-064 | E14: =B14*C14/1000000 -> 0.68 | F14: =(B14+C14)*2/1000 -> 3.3 | M14: =F14+0.5 -> 3.8 | N14: 4 | O14: =+N14*M14 -> 15.2
A15: ='1. 소켓인수검사'!A14 -> 06 | B15: ='1. 소켓인수검사'!C14 -> 800 | C15: ='1. 소켓인수검사'!D14 -> 850 | D15: VA-064 | E15: =B15*C15/1000000 -> 0.68 | F15: =(B15+C15)*2/1000 -> 3.3 | M15: =F15+0.5 -> 3.8 | N15: 4 | O15: =+N15*M15 -> 15.2
A16: ='1. 소켓인수검사'!A15 -> 07 | B16: ='1. 소켓인수검사'!C15 -> 1200 | C16: ='1. 소켓인수검사'!D15 -> 500 | D16: VA-064 | E16: =B16*C16/1000000 -> 0.6 | F16: =(B16+C16)*2/1000 -> 3.4 | M16: =F16+0.5 -> 3.9 | N16: 4 | O16: =+N16*M16 -> 15.6
A17: ='1. 소켓인수검사'!A16 -> 08 | B17: ='1. 소켓인수검사'!C16 -> 1300 | C17: ='1. 소켓인수검사'!D16 -> 400 | D17: VA-064 | E17: =B17*C17/1000000 -> 0.52 | F17: =(B17+C17)*2/1000 -> 3.4 | M17: =F17+0.5 -> 3.9 | N17: 4 | O17: =+N17*M17 -> 15.6
A18: ='1. 소켓인수검사'!A17 -> 09 | B18: ='1. 소켓인수검사'!C17 -> 1300 | C18: ='1. 소켓인수검사'!D17 -> 400 | D18: VA-064 | E18: =B18*C18/1000000 -> 0.52 | F18: =(B18+C18)*2/1000 -> 3.4 | M18: =F18+0.5 -> 3.9 | N18: 4 | O18: =+N18*M18 -> 15.6
A19: ='1. 소켓인수검사'!A18 -> 10 | B19: ='1. 소켓인수검사'!C18 -> 1300 | C19: ='1. 소켓인수검사'!D18 -> 400 | D19: VA-064 | E19: =B19*C19/1000000 -> 0.52 | F19: =(B19+C19)*2/1000 -> 3.4 | M19: =F19+0.5 -> 3.9 | N19: 4 | O19: =+N19*M19 -> 15.6
A20: ='1. 소켓인수검사'!A19 -> 11 | B20: ='1. 소켓인수검사'!C19 -> 1300 | C20: ='1. 소켓인수검사'!D19 -> 400 | D20: VA-064 | E20: =B20*C20/1000000 -> 0.52 | F20: =(B20+C20)*2/1000 -> 3.4 | M20: =F20+0.5 -> 3.9 | N20: 4 | O20: =+N20*M20 -> 15.6
A21: ='1. 소켓인수검사'!A20 -> 12 | B21: ='1. 소켓인수검사'!C20 -> 1300 | C21: ='1. 소켓인수검사'!D20 -> 450 | D21: VA-064 | E21: =B21*C21/1000000 -> 0.585 | F21: =(B21+C21)*2/1000 -> 3.5 | M21: =F21+0.5 -> 4 | N21: 4 | O21: =+N21*M21 -> 16
A22: ='1. 소켓인수검사'!A21 -> 13 | B22: ='1. 소켓인수검사'!C21 -> 750 | C22: ='1. 소켓인수검사'!D21 -> 900 | D22: VT-01 | E22: =B22*C22/1000000 -> 0.675 | F22: =(B22+C22)*2/1000 -> 3.3 | G22: =(F22+0.4) -> 3.7 | H22: 2 | I22: =G22*H22 -> 7.4 | P22: =F22+0.5 -> 3.8 | Q22: 2 | R22: =P22*Q22 -> 7.6
A23: ='1. 소켓인수검사'!A22 -> 14 | B23: ='1. 소켓인수검사'!C22 -> 750 | C23: ='1. 소켓인수검사'!D22 -> 900 | D23: VT-01 | E23: =B23*C23/1000000 -> 0.675 | F23: =(B23+C23)*2/1000 -> 3.3 | G23: =(F23+0.4) -> 3.7 | H23: 2 | I23: =G23*H23 -> 7.4 | P23: =F23+0.5 -> 3.8 | Q23: 2 | R23: =P23*Q23 -> 7.6
A24: ='1. 소켓인수검사'!A23 -> 15 | B24: ='1. 소켓인수검사'!C23 -> 750 | C24: ='1. 소켓인수검사'!D23 -> 900 | D24: VT-01 | E24: =B24*C24/1000000 -> 0.675 | F24: =(B24+C24)*2/1000 -> 3.3 | G24: =(F24+0.4) -> 3.7 | H24: 2 | I24: =G24*H24 -> 7.4 | P24: =F24+0.5 -> 3.8 | Q24: 2 | R24: =P24*Q24 -> 7.6
A25: ='1. 소켓인수검사'!A24 -> 16 | B25: ='1. 소켓인수검사'!C24 -> 800 | C25: ='1. 소켓인수검사'!D24 -> 900 | D25: VT-01 | E25: =B25*C25/1000000 -> 0.72 | F25: =(B25+C25)*2/1000 -> 3.4 | G25: =(F25+0.4) -> 3.8 | H25: 2 | I25: =G25*H25 -> 7.6 | P25: =F25+0.5 -> 3.9 | Q25: 2 | R25: =P25*Q25 -> 7.8
A26: ='1. 소켓인수검사'!A25 -> 17 | B26: ='1. 소켓인수검사'!C25 -> 800 | C26: ='1. 소켓인수검사'!D25 -> 900 | D26: VT-01 | E26: =B26*C26/1000000 -> 0.72 | F26: =(B26+C26)*2/1000 -> 3.4 | G26: =(F26+0.4) -> 3.8 | H26: 2 | I26: =G26*H26 -> 7.6 | P26: =F26+0.5 -> 3.9 | Q26: 2 | R26: =P26*Q26 -> 7.8
A27: ='1. 소켓인수검사'!A26 -> 18 | B27: ='1. 소켓인수검사'!C26 -> 800 | C27: ='1. 소켓인수검사'!D26 -> 900 | D27: VT-01 | E27: =B27*C27/1000000 -> 0.72 | F27: =(B27+C27)*2/1000 -> 3.4 | G27: =(F27+0.4) -> 3.8 | H27: 2 | I27: =G27*H27 -> 7.6 | P27: =F27+0.5 -> 3.9 | Q27: 2 | R27: =P27*Q27 -> 7.8
A28: ='1. 소켓인수검사'!A27 -> 19 | B28: ='1. 소켓인수검사'!C27 -> 900 | C28: ='1. 소켓인수검사'!D27 -> 950 | D28: VT-01 | E28: =B28*C28/1000000 -> 0.855 | F28: =(B28+C28)*2/1000 -> 3.7 | G28: =(F28+0.4) -> 4.1 | H28: 2 | I28: =G28*H28 -> 8.2 | P28: =F28+0.5 -> 4.2 | Q28: 2 | R28: =P28*Q28 -> 8.4
A29: ='1. 소켓인수검사'!A28 -> 20 | B29: ='1. 소켓인수검사'!C28 -> 900 | C29: ='1. 소켓인수검사'!D28 -> 950 | D29: VT-01 | E29: =B29*C29/1000000 -> 0.855 | F29: =(B29+C29)*2/1000 -> 3.7 | G29: =(F29+0.4) -> 4.1 | H29: 2 | I29: =G29*H29 -> 8.2 | P29: =F29+0.5 -> 4.2 | Q29: 2 | R29: =P29*Q29 -> 8.4
A30: ='1. 소켓인수검사'!A29 -> 21 | B30: ='1. 소켓인수검사'!C29 -> 900 | C30: ='1. 소켓인수검사'!D29 -> 950 | D30: VT-01 | E30: =B30*C30/1000000 -> 0.855 | F30: =(B30+C30)*2/1000 -> 3.7 | G30: =(F30+0.4) -> 4.1 | H30: 2 | I30: =G30*H30 -> 8.2 | P30: =F30+0.5 -> 4.2 | Q30: 2 | R30: =P30*Q30 -> 8.4
A31: ='1. 소켓인수검사'!A30 -> 22 | B31: ='1. 소켓인수검사'!C30 -> 1200 | C31: ='1. 소켓인수검사'!D30 -> 850 | D31: VT-01 | E31: =B31*C31/1000000 -> 1.02 | F31: =(B31+C31)*2/1000 -> 4.1 | G31: =(F31+0.4) -> 4.5 | H31: 2 | I31: =G31*H31 -> 9 | P31: =F31+0.5 -> 4.6 | Q31: 2 | R31: =P31*Q31 -> 9.2
A32: ='1. 소켓인수검사'!A31 -> 23 | B32: ='1. 소켓인수검사'!C31 -> 1300 | C32: ='1. 소켓인수검사'!D31 -> 800 | D32: VT-01 | E32: =B32*C32/1000000 -> 1.04 | F32: =(B32+C32)*2/1000 -> 4.2 | G32: =(F32+0.4) -> 4.6 | H32: 2 | I32: =G32*H32 -> 9.2 | P32: =F32+0.5 -> 4.7 | Q32: 2 | R32: =P32*Q32 -> 9.4
A33: ='1. 소켓인수검사'!A32 -> 24 | B33: ='1. 소켓인수검사'!C32 -> 1600 | C33: ='1. 소켓인수검사'!D32 -> 600 | D33: VT-01 | E33: =B33*C33/1000000 -> 0.96 | F33: =(B33+C33)*2/1000 -> 4.4 | G33: =(F33+0.4) -> 4.8 | H33: 2 | I33: =G33*H33 -> 9.6 | P33: =F33+0.5 -> 4.9 | Q33: 2 | R33: =P33*Q33 -> 9.8
... A35: ='1. 소켓인수검사'!A34 -> 26 | B35: ='1. 소켓인수검사'!C34 -> 2000 | C35: ='1. 소켓인수검사'!D34 -> 500 | D35: VT-01 | E35: =B35*C35/1000000 -> 1 | F35: =(B35+C35)*2/1000 -> 5 | G35: =(F35+0.4) -> 5.4 | H35: 2 | I35: =G35*H35 -> 10.8 | P35: =F35+0.5 -> 5.5 | Q35: 2 | R35: =P35*Q35 -> 11
A36: 합계 | I36: =SUM(I10:I35) -> 119 | L36: =SUM(L10:L35) -> 0 | O36: =SUM(O10:O35) -> 178 | R36: =SUM(R10:S35) -> 121.8
A37: 글라스울 25T*1400*20M | G37: =I36/20 -> 5.95
A38: 차열재 50T*400*3.6M | G38: =L36/3.6 -> 0
A39: 차열재 25T*200*7.4M | G39: =O36/7.4 -> 24.054054
A40: 차열재 50T*600*3.6M | G40: =R36/3.6 -> 33.833333
A42: 특이사항 및 조치사항

Sheet 6. 라벨소요량
E1: 라벨소요량(행복산업_KEC 구미공장_251128) | F1: 라벨소요량 | K1: ='1. 소켓인수검사'!R2 -> 26.06.10 행복산업_덕신건업_롯데건설_인천 효성구역 도시개발 사업 공동주택(4BL) 2차분
A5: No. | B5: 제품 번호 | C5: 가로 | D5: 세로 | E5: 소켓 Lot | F5: 면적 | G5: 둘레 | H5: 방화 소켓 | I5: 글라스울 | K5: 차열재 | M5: 차열재 | O5: 차열재 | Q5: 플래싱 | S5: 인정번호 | T5: 품명 | U5: 설치위치
I6: 25* 1400 | J6: 수량 | K6: 25* 200 | L6: 수량 | M6: 50* 400 | N6: 수량 | O6: 50* 600 | P6: 수량 | Q6: 산출량 | R6: 총량
A7: ='1. 소켓인수검사'!A9 -> 01 | B7: E257 | C7: ='1. 소켓인수검사'!C9 -> 600 | D7: ='1. 소켓인수검사'!D9 -> 750 | F7: =C7*D7/1000000 -> 0.45 | G7: =(C7+D7)*2/1000 -> 2.7 | H7: 1 | K7: =G7+0.5 -> 3.2 | L7: 4 | Q7: =(((C7+60)+250+(D7+60))*2/1000)*2 -> 6.88 | R7: =Q7 -> 6.88 | S7: FS-MP25-0310-4 | T7: EZ F.B POSMAC Duct-VA-064 | U7: ='1. 소켓인수검사'!G9 -> 8동 1번
A8: ='1. 소켓인수검사'!A10 -> 02 | B8: E257 | C8: ='1. 소켓인수검사'!C10 -> 600 | D8: ='1. 소켓인수검사'!D10 -> 750 | F8: =C8*D8/1000000 -> 0.45 | G8: =(C8+D8)*2/1000 -> 2.7 | H8: 1 | K8: =G8+0.5 -> 3.2 | L8: 4 | Q8: =(((C8+60)+250+(D8+60))*2/1000)*2 -> 6.88 | R8: =Q8 -> 6.88 | S8: FS-MP25-0310-4 | T8: EZ F.B POSMAC Duct-VA-064 | U8: ='1. 소켓인수검사'!G10 -> 8동 1번
A9: ='1. 소켓인수검사'!A11 -> 03 | B9: E257 | C9: ='1. 소켓인수검사'!C11 -> 600 | D9: ='1. 소켓인수검사'!D11 -> 750 | F9: =C9*D9/1000000 -> 0.45 | G9: =(C9+D9)*2/1000 -> 2.7 | H9: 1 | K9: =G9+0.5 -> 3.2 | L9: 4 | Q9: =(((C9+60)+250+(D9+60))*2/1000)*2 -> 6.88 | R9: =Q9 -> 6.88 | S9: FS-MP25-0310-4 | T9: EZ F.B POSMAC Duct-VA-064 | U9: ='1. 소켓인수검사'!G11 -> 8동 1번
A10: ='1. 소켓인수검사'!A12 -> 04 | B10: E257 | C10: ='1. 소켓인수검사'!C12 -> 800 | D10: ='1. 소켓인수검사'!D12 -> 850 | F10: =C10*D10/1000000 -> 0.68 | G10: =(C10+D10)*2/1000 -> 3.3 | H10: 1 | K10: =G10+0.5 -> 3.8 | L10: 4 | Q10: =(((C10+60)+250+(D10+60))*2/1000)*2 -> 8.08 | R10: =Q10 -> 8.08 | S10: FS-MP25-0310-4 | T10: EZ F.B POSMAC Duct-VA-064 | U10: ='1. 소켓인수검사'!G12 -> 5동 1번
A11: ='1. 소켓인수검사'!A13 -> 05 | B11: E257 | C11: ='1. 소켓인수검사'!C13 -> 800 | D11: ='1. 소켓인수검사'!D13 -> 850 | F11: =C11*D11/1000000 -> 0.68 | G11: =(C11+D11)*2/1000 -> 3.3 | H11: 1 | K11: =G11+0.5 -> 3.8 | L11: 4 | Q11: =(((C11+60)+250+(D11+60))*2/1000)*2 -> 8.08 | R11: =Q11 -> 8.08 | S11: FS-MP25-0310-4 | T11: EZ F.B POSMAC Duct-VA-064 | U11: ='1. 소켓인수검사'!G13 -> 5동 1번
A12: ='1. 소켓인수검사'!A14 -> 06 | B12: E257 | C12: ='1. 소켓인수검사'!C14 -> 800 | D12: ='1. 소켓인수검사'!D14 -> 850 | F12: =C12*D12/1000000 -> 0.68 | G12: =(C12+D12)*2/1000 -> 3.3 | H12: 1 | K12: =G12+0.5 -> 3.8 | L12: 4 | Q12: =(((C12+60)+250+(D12+60))*2/1000)*2 -> 8.08 | R12: =Q12 -> 8.08 | S12: FS-MP25-0310-4 | T12: EZ F.B POSMAC Duct-VA-064 | U12: ='1. 소켓인수검사'!G14 -> 5동 1번
A13: ='1. 소켓인수검사'!A15 -> 07 | B13: E257 | C13: ='1. 소켓인수검사'!C15 -> 1200 | D13: ='1. 소켓인수검사'!D15 -> 500 | F13: =C13*D13/1000000 -> 0.6 | G13: =(C13+D13)*2/1000 -> 3.4 | H13: 1 | K13: =G13+0.5 -> 3.9 | L13: 4 | Q13: =(((C13+60)+250+(D13+60))*2/1000)*2 -> 8.28 | R13: =Q13 -> 8.28 | S13: FS-MP25-0310-4 | T13: EZ F.B POSMAC Duct-VA-064 | U13: ='1. 소켓인수검사'!G15 -> 8동 1번
A14: ='1. 소켓인수검사'!A16 -> 08 | B14: E257 | C14: ='1. 소켓인수검사'!C16 -> 1300 | D14: ='1. 소켓인수검사'!D16 -> 400 | F14: =C14*D14/1000000 -> 0.52 | G14: =(C14+D14)*2/1000 -> 3.4 | H14: 1 | K14: =G14+0.5 -> 3.9 | L14: 4 | Q14: =(((C14+60)+250+(D14+60))*2/1000)*2 -> 8.28 | R14: =Q14 -> 8.28 | S14: FS-MP25-0310-4 | T14: EZ F.B POSMAC Duct-VA-064 | U14: ='1. 소켓인수검사'!G16 -> 5동 2번
A15: ='1. 소켓인수검사'!A17 -> 09 | B15: E257 | C15: ='1. 소켓인수검사'!C17 -> 1300 | D15: ='1. 소켓인수검사'!D17 -> 400 | F15: =C15*D15/1000000 -> 0.52 | G15: =(C15+D15)*2/1000 -> 3.4 | H15: 1 | K15: =G15+0.5 -> 3.9 | L15: 4 | Q15: =(((C15+60)+250+(D15+60))*2/1000)*2 -> 8.28 | R15: =Q15 -> 8.28 | S15: FS-MP25-0310-4 | T15: EZ F.B POSMAC Duct-VA-064 | U15: ='1. 소켓인수검사'!G17 -> 5동 2번
A16: ='1. 소켓인수검사'!A18 -> 10 | B16: E257 | C16: ='1. 소켓인수검사'!C18 -> 1300 | D16: ='1. 소켓인수검사'!D18 -> 400 | F16: =C16*D16/1000000 -> 0.52 | G16: =(C16+D16)*2/1000 -> 3.4 | H16: 1 | K16: =G16+0.5 -> 3.9 | L16: 4 | Q16: =(((C16+60)+250+(D16+60))*2/1000)*2 -> 8.28 | R16: =Q16 -> 8.28 | S16: FS-MP25-0310-4 | T16: EZ F.B POSMAC Duct-VA-064 | U16: ='1. 소켓인수검사'!G18 -> 5동 2번
A17: ='1. 소켓인수검사'!A19 -> 11 | B17: E257 | C17: ='1. 소켓인수검사'!C19 -> 1300 | D17: ='1. 소켓인수검사'!D19 -> 400 | F17: =C17*D17/1000000 -> 0.52 | G17: =(C17+D17)*2/1000 -> 3.4 | H17: 1 | K17: =G17+0.5 -> 3.9 | L17: 4 | Q17: =(((C17+60)+250+(D17+60))*2/1000)*2 -> 8.28 | R17: =Q17 -> 8.28 | S17: FS-MP25-0310-4 | T17: EZ F.B POSMAC Duct-VA-064 | U17: ='1. 소켓인수검사'!G19 -> 5동 2번
A18: ='1. 소켓인수검사'!A20 -> 12 | B18: E257 | C18: ='1. 소켓인수검사'!C20 -> 1300 | D18: ='1. 소켓인수검사'!D20 -> 450 | F18: =C18*D18/1000000 -> 0.585 | G18: =(C18+D18)*2/1000 -> 3.5 | H18: 1 | K18: =G18+0.5 -> 4 | L18: 4 | Q18: =(((C18+60)+250+(D18+60))*2/1000)*2 -> 8.48 | R18: =Q18 -> 8.48 | S18: FS-MP25-0310-4 | T18: EZ F.B POSMAC Duct-VA-064 | U18: ='1. 소켓인수검사'!G20 -> 8동 2번
A19: ='1. 소켓인수검사'!A21 -> 13 | B19: E257 | C19: ='1. 소켓인수검사'!C21 -> 750 | D19: ='1. 소켓인수검사'!D21 -> 900 | F19: =C19*D19/1000000 -> 0.675 | G19: =(C19+D19)*2/1000 -> 3.3 | H19: 2 | I19: =(G19+0.4) -> 3.7 | J19: 2 | O19: =(G19+0.5) -> 3.8 | P19: 2 | Q19: =(((C19+60)+250+(D19+60))*2/1000)*2 -> 8.08 | R19: =Q19 -> 8.08 | S19: FS-MP25-0310-1 | T19: EZ F.B POSMAC Duct-VT-01 | U19: ='1. 소켓인수검사'!G21 -> 8동 2번
A20: ='1. 소켓인수검사'!A22 -> 14 | B20: E257 | C20: ='1. 소켓인수검사'!C22 -> 750 | D20: ='1. 소켓인수검사'!D22 -> 900 | F20: =C20*D20/1000000 -> 0.675 | G20: =(C20+D20)*2/1000 -> 3.3 | H20: 2 | I20: =(G20+0.4) -> 3.7 | J20: 2 | O20: =(G20+0.5) -> 3.8 | P20: 2 | Q20: =(((C20+60)+250+(D20+60))*2/1000)*2 -> 8.08 | R20: =Q20 -> 8.08 | S20: FS-MP25-0310-1 | T20: EZ F.B POSMAC Duct-VT-01 | U20: ='1. 소켓인수검사'!G22 -> 8동 2번
A21: ='1. 소켓인수검사'!A23 -> 15 | B21: E257 | C21: ='1. 소켓인수검사'!C23 -> 750 | D21: ='1. 소켓인수검사'!D23 -> 900 | F21: =C21*D21/1000000 -> 0.675 | G21: =(C21+D21)*2/1000 -> 3.3 | H21: 2 | I21: =(G21+0.4) -> 3.7 | J21: 2 | O21: =(G21+0.5) -> 3.8 | P21: 2 | Q21: =(((C21+60)+250+(D21+60))*2/1000)*2 -> 8.08 | R21: =Q21 -> 8.08 | S21: FS-MP25-0310-1 | T21: EZ F.B POSMAC Duct-VT-01 | U21: ='1. 소켓인수검사'!G23 -> 8동 2번
A22: ='1. 소켓인수검사'!A24 -> 16 | B22: E257 | C22: ='1. 소켓인수검사'!C24 -> 800 | D22: ='1. 소켓인수검사'!D24 -> 900 | F22: =C22*D22/1000000 -> 0.72 | G22: =(C22+D22)*2/1000 -> 3.4 | H22: 2 | I22: =(G22+0.4) -> 3.8 | J22: 2 | O22: =(G22+0.5) -> 3.9 | P22: 2 | Q22: =(((C22+60)+250+(D22+60))*2/1000)*2 -> 8.28 | R22: =Q22 -> 8.28 | S22: FS-MP25-0310-1 | T22: EZ F.B POSMAC Duct-VT-01 | U22: ='1. 소켓인수검사'!G24 -> 6동 2번
A23: ='1. 소켓인수검사'!A25 -> 17 | B23: E257 | C23: ='1. 소켓인수검사'!C25 -> 800 | D23: ='1. 소켓인수검사'!D25 -> 900 | F23: =C23*D23/1000000 -> 0.72 | G23: =(C23+D23)*2/1000 -> 3.4 | H23: 2 | I23: =(G23+0.4) -> 3.8 | J23: 2 | O23: =(G23+0.5) -> 3.9 | P23: 2 | Q23: =(((C23+60)+250+(D23+60))*2/1000)*2 -> 8.28 | R23: =Q23 -> 8.28 | S23: FS-MP25-0310-1 | T23: EZ F.B POSMAC Duct-VT-01 | U23: ='1. 소켓인수검사'!G25 -> 6동 2번
A24: ='1. 소켓인수검사'!A26 -> 18 | B24: E257 | C24: ='1. 소켓인수검사'!C26 -> 800 | D24: ='1. 소켓인수검사'!D26 -> 900 | F24: =C24*D24/1000000 -> 0.72 | G24: =(C24+D24)*2/1000 -> 3.4 | H24: 2 | I24: =(G24+0.4) -> 3.8 | J24: 2 | O24: =(G24+0.5) -> 3.9 | P24: 2 | Q24: =(((C24+60)+250+(D24+60))*2/1000)*2 -> 8.28 | R24: =Q24 -> 8.28 | S24: FS-MP25-0310-1 | T24: EZ F.B POSMAC Duct-VT-01 | U24: ='1. 소켓인수검사'!G26 -> 6동 2번
A25: ='1. 소켓인수검사'!A27 -> 19 | B25: E257 | C25: ='1. 소켓인수검사'!C27 -> 900 | D25: ='1. 소켓인수검사'!D27 -> 950 | F25: =C25*D25/1000000 -> 0.855 | G25: =(C25+D25)*2/1000 -> 3.7 | H25: 2 | I25: =(G25+0.4) -> 4.1 | J25: 2 | O25: =(G25+0.5) -> 4.2 | P25: 2 | Q25: =(((C25+60)+250+(D25+60))*2/1000)*2 -> 8.88 | R25: =Q25 -> 8.88 | S25: FS-MP25-0310-1 | T25: EZ F.B POSMAC Duct-VT-01 | U25: ='1. 소켓인수검사'!G27 -> 6동 1번
A26: ='1. 소켓인수검사'!A28 -> 20 | B26: E257 | C26: ='1. 소켓인수검사'!C28 -> 900 | D26: ='1. 소켓인수검사'!D28 -> 950 | F26: =C26*D26/1000000 -> 0.855 | G26: =(C26+D26)*2/1000 -> 3.7 | H26: 2 | I26: =(G26+0.4) -> 4.1 | J26: 2 | O26: =(G26+0.5) -> 4.2 | P26: 2 | Q26: =(((C26+60)+250+(D26+60))*2/1000)*2 -> 8.88 | R26: =Q26 -> 8.88 | S26: FS-MP25-0310-1 | T26: EZ F.B POSMAC Duct-VT-01 | U26: ='1. 소켓인수검사'!G28 -> 6동 1번
A27: ='1. 소켓인수검사'!A29 -> 21 | B27: E257 | C27: ='1. 소켓인수검사'!C29 -> 900 | D27: ='1. 소켓인수검사'!D29 -> 950 | F27: =C27*D27/1000000 -> 0.855 | G27: =(C27+D27)*2/1000 -> 3.7 | H27: 2 | I27: =(G27+0.4) -> 4.1 | J27: 2 | O27: =(G27+0.5) -> 4.2 | P27: 2 | Q27: =(((C27+60)+250+(D27+60))*2/1000)*2 -> 8.88 | R27: =Q27 -> 8.88 | S27: FS-MP25-0310-1 | T27: EZ F.B POSMAC Duct-VT-01 | U27: ='1. 소켓인수검사'!G29 -> 6동 1번
A28: ='1. 소켓인수검사'!A30 -> 22 | B28: E257 | C28: ='1. 소켓인수검사'!C30 -> 1200 | D28: ='1. 소켓인수검사'!D30 -> 850 | F28: =C28*D28/1000000 -> 1.02 | G28: =(C28+D28)*2/1000 -> 4.1 | H28: 2 | I28: =(G28+0.4) -> 4.5 | J28: 2 | O28: =(G28+0.5) -> 4.6 | P28: 2 | Q28: =(((C28+60)+250+(D28+60))*2/1000)*2 -> 9.68 | R28: =Q28 -> 9.68 | S28: FS-MP25-0310-1 | T28: EZ F.B POSMAC Duct-VT-01 | U28: ='1. 소켓인수검사'!G30 -> 5동 1번
A29: ='1. 소켓인수검사'!A31 -> 23 | B29: E257 | C29: ='1. 소켓인수검사'!C31 -> 1300 | D29: ='1. 소켓인수검사'!D31 -> 800 | F29: =C29*D29/1000000 -> 1.04 | G29: =(C29+D29)*2/1000 -> 4.2 | H29: 2 | I29: =(G29+0.4) -> 4.6 | J29: 2 | O29: =(G29+0.5) -> 4.7 | P29: 2 | Q29: =(((C29+60)+250+(D29+60))*2/1000)*2 -> 9.88 | R29: =Q29 -> 9.88 | S29: FS-MP25-0310-1 | T29: EZ F.B POSMAC Duct-VT-01 | U29: ='1. 소켓인수검사'!G31 -> 8동 2번
A30: ='1. 소켓인수검사'!A32 -> 24 | B30: E257 | C30: ='1. 소켓인수검사'!C32 -> 1600 | D30: ='1. 소켓인수검사'!D32 -> 600 | F30: =C30*D30/1000000 -> 0.96 | G30: =(C30+D30)*2/1000 -> 4.4 | H30: 2 | I30: =(G30+0.4) -> 4.8 | J30: 2 | O30: =(G30+0.5) -> 4.9 | P30: 2 | Q30: =(((C30+60)+250+(D30+60))*2/1000)*2 -> 10.28 | R30: =Q30 -> 10.28 | S30: FS-MP25-0310-1 | T30: EZ F.B POSMAC Duct-VT-01 | U30: ='1. 소켓인수검사'!G32 -> 6동 2번
... A32: ='1. 소켓인수검사'!A34 -> 26 | B32: E257 | C32: ='1. 소켓인수검사'!C34 -> 2000 | D32: ='1. 소켓인수검사'!D34 -> 500 | F32: =C32*D32/1000000 -> 1 | G32: =(C32+D32)*2/1000 -> 5 | H32: 2 | I32: =(G32+0.4) -> 5.4 | J32: 2 | O32: =(G32+0.5) -> 5.5 | P32: 2 | Q32: =(((C32+60)+250+(D32+60))*2/1000)*2 -> 11.48 | R32: =Q32 -> 11.48 | S32: FS-MP25-0310-1 | T32: EZ F.B POSMAC Duct-VT-01 | U32: ='1. 소켓인수검사'!G34 -> 5동 2번
A33: TTL | H33: =SUM(H7:H32) -> 40 | J33: =SUM(J7:J32) -> 28 | L33: =SUM(L7:L32) -> 48 | N33: =SUM(N7:N32) -> 0 | P33: =SUM(P7:P32) -> 28 | Q33: =SUM(Q7:Q32) -> 223.28 | R33: =SUM(R7:R32) -> 223.28
A35: 특이사항 및 조치사항 | D35: - 동별로 나눠서 포장요망

Sheet 발주서정리
