Workbook

Sheet 1. 소켓인수검사
A1: 구조체작업지시서 | D1: =R2 -> 26.06.16 웰스홈_우리이앤씨_LT삼보_LX판토스 신항에코 물류센터 | R1: 현장명
R2: 26.06.16 웰스홈_우리이앤씨_LT삼보_LX판토스 신항에코 물류센터
A6: No | B6: 구조 | C6: 규격 | E6: 분할구조 | F6: 재고여부 | G6: 설치위치 | I6: *VM 200(1000*1000)기준
C7: 가로 | D7: 세로
A9: 01 | B9: VAG-1.69 | C9: 900 | D9: 900 | Q9: CK015
A10: 02 | B10: VAG-1.69 | C10: 900 | D10: 900 | Q10: CK016
A11: 03 | B11: VAG-1.69 | C11: 900 | D11: 900 | Q11: CK017
A12: 04 | B12: VAG-1.69 | C12: 900 | D12: 900 | Q12: CK018
A13: 05 | B13: VAG-1.69 | C13: 900 | D13: 900 | Q13: CK019
A14: 06 | B14: VAG-1.69 | C14: 900 | D14: 900 | Q14: CK020
A15: 07 | B15: VAG-1.69 | C15: 900 | D15: 900 | Q15: CK021
A16: 08 | B16: VAG-1.69 | C16: 900 | D16: 900 | Q16: CK022
A17: 09 | B17: VAG-1.69 | C17: 900 | D17: 900 | Q17: CK023
A18: 10 | B18: VAG-1.69 | C18: 900 | D18: 900 | Q18: CK024
A19: 11 | B19: VAG-1.69 | C19: 900 | D19: 900 | Q19: CK025
A20: 12 | B20: VAG-1.69 | C20: 900 | D20: 900 | Q20: CK026
... A68: 60 | B68: VAG-1.69 | C68: 900 | D68: 900 | Q68: CK074

Sheet 2.2 재단작업(VAG)
E1: 재단 작업지시서 (VAG) | H1: ='1. 소켓인수검사'!R2 -> 26.06.16 웰스홈_우리이앤씨_LT삼보_LX판토스 신항에코 물류센터
A5: No. | B5: 구조 | C5: 규격 | E5: 재단규격 | F5: 수량 | G5: 소켓내부용 | M5: 소켓외부용 | Q5: 비고
C6: 가로 | D6: 세로 | G6: 상,하 | I6: 받침대 | M6: 상하 | O6: 좌우
G7: 규격 | H7: 수량(EA) | I7: 규격 | L7: 수량(EA) | M7: 규격 | N7: 수량 | O7: 규격 | P7: 수량
A8: ='1. 소켓인수검사'!A9 -> 01 | B8: VAG-1.69 | C8: ='1. 소켓인수검사'!C9 -> 900 | D8: ='1. 소켓인수검사'!D9 -> 900 | E8: 4T*190 | F8: 1 | G8: =(C8)-5 -> 895 | H8: 6 | I8: =(C8-E850)-5 -> 895 | J8: =(F8-60)/2-5 -> -34.5 | K8: =(G8-60)/2-5 -> 412.5 | L8: =F8*2 -> 2 | M8: =C8+60 -> 960 | N8: 2 | O8: =D8 -> 900 | P8: 2
A9: ='1. 소켓인수검사'!A10 -> 02 | B9: VAG-1.69 | C9: ='1. 소켓인수검사'!C10 -> 900 | D9: ='1. 소켓인수검사'!D10 -> 900 | E9: 4T*190 | F9: 1 | G9: =(C9)-5 -> 895 | H9: 6 | I9: =(C9-E851)-5 -> 895 | J9: =(F9-60)/2-5 -> -34.5 | K9: =(G9-60)/2-5 -> 412.5 | L9: =F9*2 -> 2 | M9: =C9+60 -> 960 | N9: 2 | O9: =D9 -> 900 | P9: 2
A10: ='1. 소켓인수검사'!A11 -> 03 | B10: VAG-1.69 | C10: ='1. 소켓인수검사'!C11 -> 900 | D10: ='1. 소켓인수검사'!D11 -> 900 | E10: 4T*190 | F10: 1 | G10: =(C10)-5 -> 895 | H10: 6 | I10: =(C10-E852)-5 -> 895 | J10: =(F10-60)/2-5 -> -34.5 | K10: =(G10-60)/2-5 -> 412.5 | L10: =F10*2 -> 2 | M10: =C10+60 -> 960 | N10: 2 | O10: =D10 -> 900 | P10: 2
A11: ='1. 소켓인수검사'!A12 -> 04 | B11: VAG-1.69 | C11: ='1. 소켓인수검사'!C12 -> 900 | D11: ='1. 소켓인수검사'!D12 -> 900 | E11: 4T*190 | F11: 1 | G11: =(C11)-5 -> 895 | H11: 6 | I11: =(C11-E853)-5 -> 895 | J11: =(F11-60)/2-5 -> -34.5 | K11: =(G11-60)/2-5 -> 412.5 | L11: =F11*2 -> 2 | M11: =C11+60 -> 960 | N11: 2 | O11: =D11 -> 900 | P11: 2
A12: ='1. 소켓인수검사'!A13 -> 05 | B12: VAG-1.69 | C12: ='1. 소켓인수검사'!C13 -> 900 | D12: ='1. 소켓인수검사'!D13 -> 900 | E12: 4T*190 | F12: 1 | G12: =(C12)-5 -> 895 | H12: 6 | I12: =(C12-E854)-5 -> 895 | J12: =(F12-60)/2-5 -> -34.5 | K12: =(G12-60)/2-5 -> 412.5 | L12: =F12*2 -> 2 | M12: =C12+60 -> 960 | N12: 2 | O12: =D12 -> 900 | P12: 2
A13: ='1. 소켓인수검사'!A14 -> 06 | B13: VAG-1.69 | C13: ='1. 소켓인수검사'!C14 -> 900 | D13: ='1. 소켓인수검사'!D14 -> 900 | E13: 4T*190 | F13: 1 | G13: =(C13)-5 -> 895 | H13: 6 | I13: =(C13-E855)-5 -> 895 | J13: =(F13-60)/2-5 -> -34.5 | K13: =(G13-60)/2-5 -> 412.5 | L13: =F13*2 -> 2 | M13: =C13+60 -> 960 | N13: 2 | O13: =D13 -> 900 | P13: 2
A14: ='1. 소켓인수검사'!A15 -> 07 | B14: VAG-1.69 | C14: ='1. 소켓인수검사'!C15 -> 900 | D14: ='1. 소켓인수검사'!D15 -> 900 | E14: 4T*190 | F14: 1 | G14: =(C14)-5 -> 895 | H14: 6 | I14: =(C14-E856)-5 -> 895 | J14: =(F14-60)/2-5 -> -34.5 | K14: =(G14-60)/2-5 -> 412.5 | L14: =F14*2 -> 2 | M14: =C14+60 -> 960 | N14: 2 | O14: =D14 -> 900 | P14: 2
A15: ='1. 소켓인수검사'!A16 -> 08 | B15: VAG-1.69 | C15: ='1. 소켓인수검사'!C16 -> 900 | D15: ='1. 소켓인수검사'!D16 -> 900 | E15: 4T*190 | F15: 1 | G15: =(C15)-5 -> 895 | H15: 6 | I15: =(C15-E857)-5 -> 895 | J15: =(F15-60)/2-5 -> -34.5 | K15: =(G15-60)/2-5 -> 412.5 | L15: =F15*2 -> 2 | M15: =C15+60 -> 960 | N15: 2 | O15: =D15 -> 900 | P15: 2
A16: ='1. 소켓인수검사'!A17 -> 09 | B16: VAG-1.69 | C16: ='1. 소켓인수검사'!C17 -> 900 | D16: ='1. 소켓인수검사'!D17 -> 900 | E16: 4T*190 | F16: 1 | G16: =(C16)-5 -> 895 | H16: 6 | I16: =(C16-E858)-5 -> 895 | J16: =(F16-60)/2-5 -> -34.5 | K16: =(G16-60)/2-5 -> 412.5 | L16: =F16*2 -> 2 | M16: =C16+60 -> 960 | N16: 2 | O16: =D16 -> 900 | P16: 2
A17: ='1. 소켓인수검사'!A18 -> 10 | B17: VAG-1.69 | C17: ='1. 소켓인수검사'!C18 -> 900 | D17: ='1. 소켓인수검사'!D18 -> 900 | E17: 4T*190 | F17: 1 | G17: =(C17)-5 -> 895 | H17: 6 | I17: =(C17-E859)-5 -> 895 | J17: =(F17-60)/2-5 -> -34.5 | K17: =(G17-60)/2-5 -> 412.5 | L17: =F17*2 -> 2 | M17: =C17+60 -> 960 | N17: 2 | O17: =D17 -> 900 | P17: 2
A18: ='1. 소켓인수검사'!A19 -> 11 | B18: VAG-1.69 | C18: ='1. 소켓인수검사'!C19 -> 900 | D18: ='1. 소켓인수검사'!D19 -> 900 | E18: 4T*190 | F18: 1 | G18: =(C18)-5 -> 895 | H18: 6 | I18: =(C18-E860)-5 -> 895 | J18: =(F18-60)/2-5 -> -34.5 | K18: =(G18-60)/2-5 -> 412.5 | L18: =F18*2 -> 2 | M18: =C18+60 -> 960 | N18: 2 | O18: =D18 -> 900 | P18: 2
A19: ='1. 소켓인수검사'!A20 -> 12 | B19: VAG-1.69 | C19: ='1. 소켓인수검사'!C20 -> 900 | D19: ='1. 소켓인수검사'!D20 -> 900 | E19: 4T*190 | F19: 1 | G19: =(C19)-5 -> 895 | H19: 6 | I19: =(C19-E861)-5 -> 895 | J19: =(F19-60)/2-5 -> -34.5 | K19: =(G19-60)/2-5 -> 412.5 | L19: =F19*2 -> 2 | M19: =C19+60 -> 960 | N19: 2 | O19: =D19 -> 900 | P19: 2
... A67: ='1. 소켓인수검사'!A68 -> 60 | B67: VAG-1.69 | C67: ='1. 소켓인수검사'!C68 -> 900 | D67: ='1. 소켓인수검사'!D68 -> 900 | E67: 4T*190 | F67: 1 | G67: =(C67)-5 -> 895 | H67: 6 | I67: =(C67-E909)-5 -> 895 | J67: =(F67-60)/2-5 -> -34.5 | K67: =(G67-60)/2-5 -> 412.5 | L67: =F67*2 -> 2 | M67: =C67+60 -> 960 | N67: 2 | O67: =D67 -> 900 | P67: 2
H68: =SUM(H8:H67) -> 360 | L68: =SUM(L8:L67) -> 120 | N68: =SUM(N8:N67) -> 120 | P68: =SUM(P8:P67) -> 120
A70: 특이사항 및 조치사항 | D70: - 652.8m

Sheet 3.2 절곡( VAG)
E1: 절 곡 생 산 일 지(VAG_브라켓)
A4: 설비번호
A5: 생산일자 | E5: 생산 시작 | G5: 작업자 | K5: 현장 | N5: ='1. 소켓인수검사'!R2 -> 26.06.16 웰스홈_우리이앤씨_LT삼보_LX판토스 신항에코 물류센터
E6: 생산 종료
A8: No. | B8: 규격 | D8: 수량 (EA) | E8: 두께 | F8: 평철(mm) | X8: 결합철판 (60폭)
B9: 가로 | C9: 세로 | F9: 폭 | G9: 상하 | I9: 수량 확인 | J9: 폭 | K9: 상하 | O9: 수량 확인 | P9: 폭 | Q9: 받침대 | S9: 수량 확인 | T9: 폭 | U9: 받침대 | W9: 수량 확인
G10: 규격 | H10: 수량(EA) | K10: 규격 | N10: 수량(EA) | Q10: 규격 | R10: 수량(EA) | U10: 규격 | V10: 수량(EA)
A11: ='1. 소켓인수검사'!A9 -> 01 | B11: ='1. 소켓인수검사'!C9 -> 900 | C11: ='1. 소켓인수검사'!D9 -> 900 | D11: 1 | E11: 0.6 | F11: 60 | G11: =(B11)-5 -> 895 | H11: 2 | J11: 204 | K11: =(B11)-5 -> 895 | L11: =(G11-60)/2-5 -> 412.5 | M11: =(H11-60)/2-5 -> -34 | N11: 2 | P11: 235 | Q11: =(B11)-1 -> 899 | R11: =D11*2 -> 2 | T11: 190 | U11: =(B11)-1 -> 899 | V11: =D11*2 -> 2 | X11: 0
A12: ='1. 소켓인수검사'!A10 -> 02 | B12: ='1. 소켓인수검사'!C10 -> 900 | C12: ='1. 소켓인수검사'!D10 -> 900 | D12: 1 | F12: 60 | G12: =(B12)-5 -> 895 | H12: 2 | J12: 204 | K12: =(B12)-5 -> 895 | L12: =(G12-60)/2-5 -> 412.5 | M12: =(H12-60)/2-5 -> -34 | N12: 2 | P12: 235 | Q12: =(B12)-1 -> 899 | R12: =D12*2 -> 2 | T12: 190 | U12: =(B12)-1 -> 899 | V12: =D12*2 -> 2 | X12: 0
A13: ='1. 소켓인수검사'!A11 -> 03 | B13: ='1. 소켓인수검사'!C11 -> 900 | C13: ='1. 소켓인수검사'!D11 -> 900 | D13: 1 | F13: 60 | G13: =(B13)-5 -> 895 | H13: 2 | J13: 204 | K13: =(B13)-5 -> 895 | L13: =(G13-60)/2-5 -> 412.5 | M13: =(H13-60)/2-5 -> -34 | N13: 2 | P13: 235 | Q13: =(B13)-1 -> 899 | R13: =D13*2 -> 2 | T13: 190 | U13: =(B13)-1 -> 899 | V13: =D13*2 -> 2 | X13: 0
A14: ='1. 소켓인수검사'!A12 -> 04 | B14: ='1. 소켓인수검사'!C12 -> 900 | C14: ='1. 소켓인수검사'!D12 -> 900 | D14: 1 | F14: 60 | G14: =(B14)-5 -> 895 | H14: 2 | J14: 204 | K14: =(B14)-5 -> 895 | L14: =(G14-60)/2-5 -> 412.5 | M14: =(H14-60)/2-5 -> -34 | N14: 2 | P14: 235 | Q14: =(B14)-1 -> 899 | R14: =D14*2 -> 2 | T14: 190 | U14: =(B14)-1 -> 899 | V14: =D14*2 -> 2 | X14: 0
A15: ='1. 소켓인수검사'!A13 -> 05 | B15: ='1. 소켓인수검사'!C13 -> 900 | C15: ='1. 소켓인수검사'!D13 -> 900 | D15: 1 | F15: 60 | G15: =(B15)-5 -> 895 | H15: 2 | J15: 204 | K15: =(B15)-5 -> 895 | L15: =(G15-60)/2-5 -> 412.5 | M15: =(H15-60)/2-5 -> -34 | N15: 2 | P15: 235 | Q15: =(B15)-1 -> 899 | R15: =D15*2 -> 2 | T15: 190 | U15: =(B15)-1 -> 899 | V15: =D15*2 -> 2 | X15: 0
A16: ='1. 소켓인수검사'!A14 -> 06 | B16: ='1. 소켓인수검사'!C14 -> 900 | C16: ='1. 소켓인수검사'!D14 -> 900 | D16: 1 | F16: 60 | G16: =(B16)-5 -> 895 | H16: 2 | J16: 204 | K16: =(B16)-5 -> 895 | L16: =(G16-60)/2-5 -> 412.5 | M16: =(H16-60)/2-5 -> -34 | N16: 2 | P16: 235 | Q16: =(B16)-1 -> 899 | R16: =D16*2 -> 2 | T16: 190 | U16: =(B16)-1 -> 899 | V16: =D16*2 -> 2 | X16: 0
A17: ='1. 소켓인수검사'!A15 -> 07 | B17: ='1. 소켓인수검사'!C15 -> 900 | C17: ='1. 소켓인수검사'!D15 -> 900 | D17: 1 | F17: 60 | G17: =(B17)-5 -> 895 | H17: 2 | J17: 204 | K17: =(B17)-5 -> 895 | L17: =(G17-60)/2-5 -> 412.5 | M17: =(H17-60)/2-5 -> -34 | N17: 2 | P17: 235 | Q17: =(B17)-1 -> 899 | R17: =D17*2 -> 2 | T17: 190 | U17: =(B17)-1 -> 899 | V17: =D17*2 -> 2 | X17: 0
A18: ='1. 소켓인수검사'!A16 -> 08 | B18: ='1. 소켓인수검사'!C16 -> 900 | C18: ='1. 소켓인수검사'!D16 -> 900 | D18: 1 | F18: 60 | G18: =(B18)-5 -> 895 | H18: 2 | J18: 204 | K18: =(B18)-5 -> 895 | L18: =(G18-60)/2-5 -> 412.5 | M18: =(H18-60)/2-5 -> -34 | N18: 2 | P18: 235 | Q18: =(B18)-1 -> 899 | R18: =D18*2 -> 2 | T18: 190 | U18: =(B18)-1 -> 899 | V18: =D18*2 -> 2 | X18: 0
A19: ='1. 소켓인수검사'!A17 -> 09 | B19: ='1. 소켓인수검사'!C17 -> 900 | C19: ='1. 소켓인수검사'!D17 -> 900 | D19: 1 | F19: 60 | G19: =(B19)-5 -> 895 | H19: 2 | J19: 204 | K19: =(B19)-5 -> 895 | L19: =(G19-60)/2-5 -> 412.5 | M19: =(H19-60)/2-5 -> -34 | N19: 2 | P19: 235 | Q19: =(B19)-1 -> 899 | R19: =D19*2 -> 2 | T19: 190 | U19: =(B19)-1 -> 899 | V19: =D19*2 -> 2 | X19: 0
A20: ='1. 소켓인수검사'!A18 -> 10 | B20: ='1. 소켓인수검사'!C18 -> 900 | C20: ='1. 소켓인수검사'!D18 -> 900 | D20: 1 | F20: 60 | G20: =(B20)-5 -> 895 | H20: 2 | J20: 204 | K20: =(B20)-5 -> 895 | L20: =(G20-60)/2-5 -> 412.5 | M20: =(H20-60)/2-5 -> -34 | N20: 2 | P20: 235 | Q20: =(B20)-1 -> 899 | R20: =D20*2 -> 2 | T20: 190 | U20: =(B20)-1 -> 899 | V20: =D20*2 -> 2 | X20: 0
A21: ='1. 소켓인수검사'!A19 -> 11 | B21: ='1. 소켓인수검사'!C19 -> 900 | C21: ='1. 소켓인수검사'!D19 -> 900 | D21: 1 | F21: 60 | G21: =(B21)-5 -> 895 | H21: 2 | J21: 204 | K21: =(B21)-5 -> 895 | L21: =(G21-60)/2-5 -> 412.5 | M21: =(H21-60)/2-5 -> -34 | N21: 2 | P21: 235 | Q21: =(B21)-1 -> 899 | R21: =D21*2 -> 2 | T21: 190 | U21: =(B21)-1 -> 899 | V21: =D21*2 -> 2 | X21: 0
A22: ='1. 소켓인수검사'!A20 -> 12 | B22: ='1. 소켓인수검사'!C20 -> 900 | C22: ='1. 소켓인수검사'!D20 -> 900 | D22: 1 | F22: 60 | G22: =(B22)-5 -> 895 | H22: 2 | J22: 204 | K22: =(B22)-5 -> 895 | L22: =(G22-60)/2-5 -> 412.5 | M22: =(H22-60)/2-5 -> -34 | N22: 2 | P22: 235 | Q22: =(B22)-1 -> 899 | R22: =D22*2 -> 2 | T22: 190 | U22: =(B22)-1 -> 899 | V22: =D22*2 -> 2 | X22: 0
A23: ='1. 소켓인수검사'!A21 -> 13 | B23: ='1. 소켓인수검사'!C21 -> 900 | C23: ='1. 소켓인수검사'!D21 -> 900 | D23: 1 | F23: 60 | G23: =(B23)-5 -> 895 | H23: 2 | J23: 204 | K23: =(B23)-5 -> 895 | L23: =(G23-60)/2-5 -> 412.5 | M23: =(H23-60)/2-5 -> -34 | N23: 2 | P23: 235 | Q23: =(B23)-1 -> 899 | R23: =D23*2 -> 2 | T23: 190 | U23: =(B23)-1 -> 899 | V23: =D23*2 -> 2 | X23: 0
... A70: ='1. 소켓인수검사'!A68 -> 60 | B70: ='1. 소켓인수검사'!C68 -> 900 | C70: ='1. 소켓인수검사'!D68 -> 900 | D70: 1 | F70: 60 | G70: =(B70)-5 -> 895 | H70: 2 | J70: 204 | K70: =(B70)-5 -> 895 | L70: =(G70-60)/2-5 -> 412.5 | M70: =(H70-60)/2-5 -> -34 | N70: 2 | P70: 235 | Q70: =(B70)-1 -> 899 | R70: =D70*2 -> 2 | T70: 190 | U70: =(B70)-1 -> 899 | V70: =D70*2 -> 2 | X70: 0
A72: 특이사항 및 조치사항

Sheet 5. 차열재 출하용(VM,VT,VAG)
D1: 차열재생산일지(출하용)
A4: 설비번호
A5: 생산일자 | D5: 생산 시작 | G5: 작업자 | L5: 업 체 | O5: 업 체 | P5: ='1. 소켓인수검사'!R2 -> 26.06.16 웰스홈_우리이앤씨_LT삼보_LX판토스 신항에코 물류센터
D6: 생산 종료
A8: No. | B8: 가로 | C8: 세로 | D8: 구조 | E8: 면적 | F8: 둘레 | G8: 글라스울 | J8: 차열재 | M8: 차열재 | P8: 차열재
G9: 25*1400 | H9: 수량 | I9: 소요량 | J9: 50*400 | K9: 수량 | L9: 소요량 | M9: 25*200 | N9: 수량 | O9: 소요량 | P9: 50*600 | Q9: 수량 | R9: 소요량
A10: ='1. 소켓인수검사'!A9 -> 01 | B10: ='1. 소켓인수검사'!C9 -> 900 | C10: ='1. 소켓인수검사'!D9 -> 900 | D10: VAG-1.69 | E10: =B10*C10/1000000 -> 0.81 | F10: =(B10+C10)*2/1000 -> 3.6 | J10: =(F10+0.5) -> 4.1 | K10: 2 | L10: =J10*K10 -> 8.2
A11: ='1. 소켓인수검사'!A10 -> 02 | B11: ='1. 소켓인수검사'!C10 -> 900 | C11: ='1. 소켓인수검사'!D10 -> 900 | D11: VAG-1.69 | E11: =B11*C11/1000000 -> 0.81 | F11: =(B11+C11)*2/1000 -> 3.6 | J11: =(F11+0.5) -> 4.1 | K11: 2 | L11: =J11*K11 -> 8.2
A12: ='1. 소켓인수검사'!A11 -> 03 | B12: ='1. 소켓인수검사'!C11 -> 900 | C12: ='1. 소켓인수검사'!D11 -> 900 | D12: VAG-1.69 | E12: =B12*C12/1000000 -> 0.81 | F12: =(B12+C12)*2/1000 -> 3.6 | J12: =(F12+0.5) -> 4.1 | K12: 2 | L12: =J12*K12 -> 8.2
A13: ='1. 소켓인수검사'!A12 -> 04 | B13: ='1. 소켓인수검사'!C12 -> 900 | C13: ='1. 소켓인수검사'!D12 -> 900 | D13: VAG-1.69 | E13: =B13*C13/1000000 -> 0.81 | F13: =(B13+C13)*2/1000 -> 3.6 | J13: =(F13+0.5) -> 4.1 | K13: 2 | L13: =J13*K13 -> 8.2
A14: ='1. 소켓인수검사'!A13 -> 05 | B14: ='1. 소켓인수검사'!C13 -> 900 | C14: ='1. 소켓인수검사'!D13 -> 900 | D14: VAG-1.69 | E14: =B14*C14/1000000 -> 0.81 | F14: =(B14+C14)*2/1000 -> 3.6 | J14: =(F14+0.5) -> 4.1 | K14: 2 | L14: =J14*K14 -> 8.2
A15: ='1. 소켓인수검사'!A14 -> 06 | B15: ='1. 소켓인수검사'!C14 -> 900 | C15: ='1. 소켓인수검사'!D14 -> 900 | D15: VAG-1.69 | E15: =B15*C15/1000000 -> 0.81 | F15: =(B15+C15)*2/1000 -> 3.6 | J15: =(F15+0.5) -> 4.1 | K15: 2 | L15: =J15*K15 -> 8.2
A16: ='1. 소켓인수검사'!A15 -> 07 | B16: ='1. 소켓인수검사'!C15 -> 900 | C16: ='1. 소켓인수검사'!D15 -> 900 | D16: VAG-1.69 | E16: =B16*C16/1000000 -> 0.81 | F16: =(B16+C16)*2/1000 -> 3.6 | J16: =(F16+0.5) -> 4.1 | K16: 2 | L16: =J16*K16 -> 8.2
A17: ='1. 소켓인수검사'!A16 -> 08 | B17: ='1. 소켓인수검사'!C16 -> 900 | C17: ='1. 소켓인수검사'!D16 -> 900 | D17: VAG-1.69 | E17: =B17*C17/1000000 -> 0.81 | F17: =(B17+C17)*2/1000 -> 3.6 | J17: =(F17+0.5) -> 4.1 | K17: 2 | L17: =J17*K17 -> 8.2
A18: ='1. 소켓인수검사'!A17 -> 09 | B18: ='1. 소켓인수검사'!C17 -> 900 | C18: ='1. 소켓인수검사'!D17 -> 900 | D18: VAG-1.69 | E18: =B18*C18/1000000 -> 0.81 | F18: =(B18+C18)*2/1000 -> 3.6 | J18: =(F18+0.5) -> 4.1 | K18: 2 | L18: =J18*K18 -> 8.2
A19: ='1. 소켓인수검사'!A18 -> 10 | B19: ='1. 소켓인수검사'!C18 -> 900 | C19: ='1. 소켓인수검사'!D18 -> 900 | D19: VAG-1.69 | E19: =B19*C19/1000000 -> 0.81 | F19: =(B19+C19)*2/1000 -> 3.6 | J19: =(F19+0.5) -> 4.1 | K19: 2 | L19: =J19*K19 -> 8.2
A20: ='1. 소켓인수검사'!A19 -> 11 | B20: ='1. 소켓인수검사'!C19 -> 900 | C20: ='1. 소켓인수검사'!D19 -> 900 | D20: VAG-1.69 | E20: =B20*C20/1000000 -> 0.81 | F20: =(B20+C20)*2/1000 -> 3.6 | J20: =(F20+0.5) -> 4.1 | K20: 2 | L20: =J20*K20 -> 8.2
A21: ='1. 소켓인수검사'!A20 -> 12 | B21: ='1. 소켓인수검사'!C20 -> 900 | C21: ='1. 소켓인수검사'!D20 -> 900 | D21: VAG-1.69 | E21: =B21*C21/1000000 -> 0.81 | F21: =(B21+C21)*2/1000 -> 3.6 | J21: =(F21+0.5) -> 4.1 | K21: 2 | L21: =J21*K21 -> 8.2
... A69: ='1. 소켓인수검사'!A68 -> 60 | B69: ='1. 소켓인수검사'!C68 -> 900 | C69: ='1. 소켓인수검사'!D68 -> 900 | D69: VAG-1.69 | E69: =B69*C69/1000000 -> 0.81 | F69: =(B69+C69)*2/1000 -> 3.6 | J69: =(F69+0.5) -> 4.1 | K69: 2 | L69: =J69*K69 -> 8.2
A70: 합계 | I70: =SUM(I10:I69) -> 0 | L70: =SUM(L10:L69) -> 492 | O70: =SUM(O10:O69) -> 0 | R70: =SUM(R10:S69) -> 0
A71: 글라스울 25T*1400*20M | G71: =I70/20 -> 0
A72: 차열재 50T*400*3.6M | G72: =L70/3.6 -> 136.66667
A73: 차열재 25T*200*7.4M | G73: =O70/7.4 -> 0
A74: 차열재 50T*600*3.6M | G74: =R70/3.6 -> 0
A76: 특이사항 및 조치사항

Sheet 6. 라벨소요량
E1: 라벨소요량(행복산업_KEC 구미공장_251128) | F1: 라벨소요량 | K1: ='1. 소켓인수검사'!R2 -> 26.06.16 웰스홈_우리이앤씨_LT삼보_LX판토스 신항에코 물류센터
A5: No. | B5: 제품 번호 | C5: 가로 | D5: 세로 | E5: 소켓 Lot | F5: 면적 | G5: 둘레 | H5: 방화 소켓 | I5: 글라스울 | K5: 차열재 | M5: 차열재 | O5: 차열재 | Q5: 플래싱 | S5: 인정번호 | T5: 품명 | U5: 설치위치
I6: 25* 1400 | J6: 수량 | K6: 25* 200 | L6: 수량 | M6: 50* 400 | N6: 수량 | O6: 50* 600 | P6: 수량 | Q6: 산출량 | R6: 총량
A7: ='1. 소켓인수검사'!A9 -> 01 | B7: E272 | C7: ='1. 소켓인수검사'!C9 -> 900 | D7: ='1. 소켓인수검사'!D9 -> 900 | F7: =C7*D7/1000000 -> 0.81 | G7: =(C7+D7)*2/1000 -> 3.6 | H7: 1 | M7: =G7+0.5 -> 4.1 | N7: 2 | Q7: =(((C7+60)+250+(D7+60))*2/1000)*2 -> 8.68 | R7: =Q7 -> 8.68 | S7: FS-MP25-0910-01 | T7: EZ F.B POSMAC Duct-VAG-1.69 | U7: ='1. 소켓인수검사'!G9 -> 0
A8: ='1. 소켓인수검사'!A10 -> 02 | B8: E272 | C8: ='1. 소켓인수검사'!C10 -> 900 | D8: ='1. 소켓인수검사'!D10 -> 900 | F8: =C8*D8/1000000 -> 0.81 | G8: =(C8+D8)*2/1000 -> 3.6 | H8: 1 | M8: =G8+0.5 -> 4.1 | N8: 2 | Q8: =(((C8+60)+250+(D8+60))*2/1000)*2 -> 8.68 | R8: =Q8 -> 8.68 | S8: FS-MP25-0910-01 | T8: EZ F.B POSMAC Duct-VAG-1.69 | U8: ='1. 소켓인수검사'!G10 -> 0
A9: ='1. 소켓인수검사'!A11 -> 03 | B9: E272 | C9: ='1. 소켓인수검사'!C11 -> 900 | D9: ='1. 소켓인수검사'!D11 -> 900 | F9: =C9*D9/1000000 -> 0.81 | G9: =(C9+D9)*2/1000 -> 3.6 | H9: 1 | M9: =G9+0.5 -> 4.1 | N9: 2 | Q9: =(((C9+60)+250+(D9+60))*2/1000)*2 -> 8.68 | R9: =Q9 -> 8.68 | S9: FS-MP25-0910-01 | T9: EZ F.B POSMAC Duct-VAG-1.69 | U9: ='1. 소켓인수검사'!G11 -> 0
A10: ='1. 소켓인수검사'!A12 -> 04 | B10: E272 | C10: ='1. 소켓인수검사'!C12 -> 900 | D10: ='1. 소켓인수검사'!D12 -> 900 | F10: =C10*D10/1000000 -> 0.81 | G10: =(C10+D10)*2/1000 -> 3.6 | H10: 1 | M10: =G10+0.5 -> 4.1 | N10: 2 | Q10: =(((C10+60)+250+(D10+60))*2/1000)*2 -> 8.68 | R10: =Q10 -> 8.68 | S10: FS-MP25-0910-01 | T10: EZ F.B POSMAC Duct-VAG-1.69 | U10: ='1. 소켓인수검사'!G12 -> 0
A11: ='1. 소켓인수검사'!A13 -> 05 | B11: E272 | C11: ='1. 소켓인수검사'!C13 -> 900 | D11: ='1. 소켓인수검사'!D13 -> 900 | F11: =C11*D11/1000000 -> 0.81 | G11: =(C11+D11)*2/1000 -> 3.6 | H11: 1 | M11: =G11+0.5 -> 4.1 | N11: 2 | Q11: =(((C11+60)+250+(D11+60))*2/1000)*2 -> 8.68 | R11: =Q11 -> 8.68 | S11: FS-MP25-0910-01 | T11: EZ F.B POSMAC Duct-VAG-1.69 | U11: ='1. 소켓인수검사'!G13 -> 0
A12: ='1. 소켓인수검사'!A14 -> 06 | B12: E272 | C12: ='1. 소켓인수검사'!C14 -> 900 | D12: ='1. 소켓인수검사'!D14 -> 900 | F12: =C12*D12/1000000 -> 0.81 | G12: =(C12+D12)*2/1000 -> 3.6 | H12: 1 | M12: =G12+0.5 -> 4.1 | N12: 2 | Q12: =(((C12+60)+250+(D12+60))*2/1000)*2 -> 8.68 | R12: =Q12 -> 8.68 | S12: FS-MP25-0910-01 | T12: EZ F.B POSMAC Duct-VAG-1.69 | U12: ='1. 소켓인수검사'!G14 -> 0
A13: ='1. 소켓인수검사'!A15 -> 07 | B13: E272 | C13: ='1. 소켓인수검사'!C15 -> 900 | D13: ='1. 소켓인수검사'!D15 -> 900 | F13: =C13*D13/1000000 -> 0.81 | G13: =(C13+D13)*2/1000 -> 3.6 | H13: 1 | M13: =G13+0.5 -> 4.1 | N13: 2 | Q13: =(((C13+60)+250+(D13+60))*2/1000)*2 -> 8.68 | R13: =Q13 -> 8.68 | S13: FS-MP25-0910-01 | T13: EZ F.B POSMAC Duct-VAG-1.69 | U13: ='1. 소켓인수검사'!G15 -> 0
A14: ='1. 소켓인수검사'!A16 -> 08 | B14: E272 | C14: ='1. 소켓인수검사'!C16 -> 900 | D14: ='1. 소켓인수검사'!D16 -> 900 | F14: =C14*D14/1000000 -> 0.81 | G14: =(C14+D14)*2/1000 -> 3.6 | H14: 1 | M14: =G14+0.5 -> 4.1 | N14: 2 | Q14: =(((C14+60)+250+(D14+60))*2/1000)*2 -> 8.68 | R14: =Q14 -> 8.68 | S14: FS-MP25-0910-01 | T14: EZ F.B POSMAC Duct-VAG-1.69 | U14: ='1. 소켓인수검사'!G16 -> 0
A15: ='1. 소켓인수검사'!A17 -> 09 | B15: E272 | C15: ='1. 소켓인수검사'!C17 -> 900 | D15: ='1. 소켓인수검사'!D17 -> 900 | F15: =C15*D15/1000000 -> 0.81 | G15: =(C15+D15)*2/1000 -> 3.6 | H15: 1 | M15: =G15+0.5 -> 4.1 | N15: 2 | Q15: =(((C15+60)+250+(D15+60))*2/1000)*2 -> 8.68 | R15: =Q15 -> 8.68 | S15: FS-MP25-0910-01 | T15: EZ F.B POSMAC Duct-VAG-1.69 | U15: ='1. 소켓인수검사'!G17 -> 0
A16: ='1. 소켓인수검사'!A18 -> 10 | B16: E272 | C16: ='1. 소켓인수검사'!C18 -> 900 | D16: ='1. 소켓인수검사'!D18 -> 900 | F16: =C16*D16/1000000 -> 0.81 | G16: =(C16+D16)*2/1000 -> 3.6 | H16: 1 | M16: =G16+0.5 -> 4.1 | N16: 2 | Q16: =(((C16+60)+250+(D16+60))*2/1000)*2 -> 8.68 | R16: =Q16 -> 8.68 | S16: FS-MP25-0910-01 | T16: EZ F.B POSMAC Duct-VAG-1.69 | U16: ='1. 소켓인수검사'!G18 -> 0
A17: ='1. 소켓인수검사'!A19 -> 11 | B17: E272 | C17: ='1. 소켓인수검사'!C19 -> 900 | D17: ='1. 소켓인수검사'!D19 -> 900 | F17: =C17*D17/1000000 -> 0.81 | G17: =(C17+D17)*2/1000 -> 3.6 | H17: 1 | M17: =G17+0.5 -> 4.1 | N17: 2 | Q17: =(((C17+60)+250+(D17+60))*2/1000)*2 -> 8.68 | R17: =Q17 -> 8.68 | S17: FS-MP25-0910-01 | T17: EZ F.B POSMAC Duct-VAG-1.69 | U17: ='1. 소켓인수검사'!G19 -> 0
A18: ='1. 소켓인수검사'!A20 -> 12 | B18: E272 | C18: ='1. 소켓인수검사'!C20 -> 900 | D18: ='1. 소켓인수검사'!D20 -> 900 | F18: =C18*D18/1000000 -> 0.81 | G18: =(C18+D18)*2/1000 -> 3.6 | H18: 1 | M18: =G18+0.5 -> 4.1 | N18: 2 | Q18: =(((C18+60)+250+(D18+60))*2/1000)*2 -> 8.68 | R18: =Q18 -> 8.68 | S18: FS-MP25-0910-01 | T18: EZ F.B POSMAC Duct-VAG-1.69 | U18: ='1. 소켓인수검사'!G20 -> 0
... A66: ='1. 소켓인수검사'!A68 -> 60 | B66: E272 | C66: ='1. 소켓인수검사'!C68 -> 900 | D66: ='1. 소켓인수검사'!D68 -> 900 | F66: =C66*D66/1000000 -> 0.81 | G66: =(C66+D66)*2/1000 -> 3.6 | H66: 1 | M66: =G66+0.5 -> 4.1 | N66: 2 | Q66: =(((C66+60)+250+(D66+60))*2/1000)*2 -> 8.68 | R66: =Q66 -> 8.68 | S66: FS-MP25-0910-01 | T66: EZ F.B POSMAC Duct-VAG-1.69 | U66: ='1. 소켓인수검사'!G68 -> 0
A67: TTL | H67: =SUM(H7:H66) -> 60 | J67: =SUM(J7:J66) -> 0 | L67: =SUM(L7:L66) -> 0 | N67: =SUM(N7:N66) -> 120 | P67: =SUM(P7:P66) -> 0 | Q67: =SUM(Q7:Q66) -> 520.8 | R67: =SUM(R7:R66) -> 520.8
A69: 특이사항 및 조치사항
