Workbook

Sheet 1. 소켓인수검사
A1: 구조체작업지시서 | D1: =R2 -> 26.06.01 엘티_신동양기업_코오롱글로벌_대한항공 운북 신 엔진정비공장 건립공사 | R1: 현장명
R2: 26.06.01 엘티_신동양기업_코오롱글로벌_대한항공 운북 신 엔진정비공장 건립공사
A6: No | B6: 구조 | C6: 규격 | E6: 분할구조 | F6: 재고여부 | G6: 설치위치 | I6: *VM 200(1000*1000)기준
C7: 가로 | D7: 세로
A9: 01 | B9: VT-049 | C9: 300 | D9: 300 | G9: 지하1층 Compressor | Q9: AJ043
A10: 02 | B10: VT-049 | C10: 300 | D10: 300 | G10: 지하1층 Compressor | Q10: AJ044
A11: 03 | B11: VT-049 | C11: 300 | D11: 300 | G11: 폐수관리층 | Q11: AJ045
A12: 04 | B12: VT-049 | C12: 300 | D12: 300 | G12: 폐수관리층 | Q12: AJ046
A13: 05 | B13: VT-049 | C13: 300 | D13: 300 | G13: 3층화장실(PS-3) | Q13: AJ047
A14: 06 | B14: VT-049 | C14: 350 | D14: 300 | G14: 1층화장실(PS-8) | Q14: AJ048
A15: 07 | B15: VT-049 | C15: 350 | D15: 300 | G15: 2층화장실(PS-4) | Q15: AJ049
A16: 08 | B16: VT-049 | C16: 350 | D16: 350 | G16: 지하1층 Compressor | Q16: AJ050
A17: 09 | B17: VT-049 | C17: 350 | D17: 350 | G17: 지하1층 Compressor | Q17: AJ051
A18: 10 | B18: VT-049 | C18: 350 | D18: 350 | G18: 폐수관리층 | Q18: AJ052
A19: 11 | B19: VT-049 | C19: 350 | D19: 350 | G19: 폐수관리층 | Q19: AJ053
A20: 12 | B20: VT-049 | C20: 700 | D20: 450 | F20: 재고 | G20: 3층화장실(PS-3) | Q20: AJ054
A21: 13 | B21: VT-049 | C21: 700 | D21: 450 | F21: 재고 | G21: 3층화장실(PS-3) | Q21: AJ055
A22: 14 | B22: VT-049 | C22: 850 | D22: 500 | G22: 저수조실(SF-02) | Q22: AJ056
A23: 15 | B23: VT-049 | C23: 900 | D23: 500 | G23: 저수조실(EF-02) | Q23: AJ057
A24: 16 | B24: VT-064 | C24: 1000 | D24: 500 | G24: 지하1층공동구 | Q24: AJ058
A25: 17 | B25: VT-01 | C25: 1700 | D25: 1300 | G25: TA덕트 샘플 | Q25: AJ059
A26: 18 | B26: VT-01 | C26: 1900 | D26: 400 | G26: 지하1층 공조실,Customer Part-2 | Q26: AJ060
A27: 19 | B27: VT-01 | C27: 1900 | D27: 400 | G27: 지하1층 공조실,Customer Part-2 | Q27: AJ061
A28: 20 | B28: VT-01 | C28: 1950 | D28: 800 | G28: 3층소형자동창고 | Q28: AJ062
A29: 21 | B29: VT-01 | C29: 3150 | D29: 500 | G29: 3층소형자동창고 | Q29: AJ063

Sheet 2.재단(VM)작업
E1: 재단작업지시서(VM) | H1: ='1. 소켓인수검사'!R2 -> 26.06.01 엘티_신동양기업_코오롱글로벌_대한항공 운북 신 엔진정비공장 건립공사
A5: No. | B5: 구조 | C5: 규격 | E5: 소켓 Lot | F5: 수량 | G5: 소켓내부용 | K5: 소켓외부용 | O5: 비고
C6: 가로 | D6: 세로 | G6: 가로 | I6: 세로 | K6: 상하 | M6: 좌우
G7: 규격 | H7: 수량(EA) | I7: 규격 | J7: 수량(EA) | K7: 규격 | L7: 수량 | M7: 규격 | N7: 수량
A8: ='1. 소켓인수검사'!A9 -> 01 | B8: VT-049 | C8: ='1. 소켓인수검사'!C9 -> 300 | D8: ='1. 소켓인수검사'!D9 -> 300 | F8: 1 | G8: =C8-5 -> 295 | H8: =F8*4 -> 4 | I8: =D8-30 -> 270 | J8: =F8*4 -> 4 | K8: =C8+60 -> 360 | L8: 2 | M8: =D8 -> 300 | N8: 2
A9: ='1. 소켓인수검사'!A10 -> 02 | B9: VT-049 | C9: ='1. 소켓인수검사'!C10 -> 300 | D9: ='1. 소켓인수검사'!D10 -> 300 | F9: 1 | G9: =C9-5 -> 295 | H9: =F9*4 -> 4 | I9: =D9-30 -> 270 | J9: =F9*4 -> 4 | K9: =C9+60 -> 360 | L9: 2 | M9: =D9 -> 300 | N9: 2
A10: ='1. 소켓인수검사'!A11 -> 03 | B10: VT-049 | C10: ='1. 소켓인수검사'!C11 -> 300 | D10: ='1. 소켓인수검사'!D11 -> 300 | F10: 1 | G10: =C10-5 -> 295 | H10: =F10*4 -> 4 | I10: =D10-30 -> 270 | J10: =F10*4 -> 4 | K10: =C10+60 -> 360 | L10: 2 | M10: =D10 -> 300 | N10: 2
A11: ='1. 소켓인수검사'!A12 -> 04 | B11: VT-049 | C11: ='1. 소켓인수검사'!C12 -> 300 | D11: ='1. 소켓인수검사'!D12 -> 300 | F11: 1 | G11: =C11-5 -> 295 | H11: =F11*4 -> 4 | I11: =D11-30 -> 270 | J11: =F11*4 -> 4 | K11: =C11+60 -> 360 | L11: 2 | M11: =D11 -> 300 | N11: 2
A12: ='1. 소켓인수검사'!A13 -> 05 | B12: VT-049 | C12: ='1. 소켓인수검사'!C13 -> 300 | D12: ='1. 소켓인수검사'!D13 -> 300 | F12: 1 | G12: =C12-5 -> 295 | H12: =F12*4 -> 4 | I12: =D12-30 -> 270 | J12: =F12*4 -> 4 | K12: =C12+60 -> 360 | L12: 2 | M12: =D12 -> 300 | N12: 2
A13: ='1. 소켓인수검사'!A14 -> 06 | B13: VT-049 | C13: ='1. 소켓인수검사'!C14 -> 350 | D13: ='1. 소켓인수검사'!D14 -> 300 | F13: 1 | G13: =C13-5 -> 345 | H13: =F13*4 -> 4 | I13: =D13-30 -> 270 | J13: =F13*4 -> 4 | K13: =C13+60 -> 410 | L13: 2 | M13: =D13 -> 300 | N13: 2
A14: ='1. 소켓인수검사'!A15 -> 07 | B14: VT-049 | C14: ='1. 소켓인수검사'!C15 -> 350 | D14: ='1. 소켓인수검사'!D15 -> 300 | F14: 1 | G14: =C14-5 -> 345 | H14: =F14*4 -> 4 | I14: =D14-30 -> 270 | J14: =F14*4 -> 4 | K14: =C14+60 -> 410 | L14: 2 | M14: =D14 -> 300 | N14: 2
A15: ='1. 소켓인수검사'!A16 -> 08 | B15: VT-049 | C15: ='1. 소켓인수검사'!C16 -> 350 | D15: ='1. 소켓인수검사'!D16 -> 350 | F15: 1 | G15: =C15-5 -> 345 | H15: =F15*4 -> 4 | I15: =D15-30 -> 320 | J15: =F15*4 -> 4 | K15: =C15+60 -> 410 | L15: 2 | M15: =D15 -> 350 | N15: 2
A16: ='1. 소켓인수검사'!A17 -> 09 | B16: VT-049 | C16: ='1. 소켓인수검사'!C17 -> 350 | D16: ='1. 소켓인수검사'!D17 -> 350 | F16: 1 | G16: =C16-5 -> 345 | H16: =F16*4 -> 4 | I16: =D16-30 -> 320 | J16: =F16*4 -> 4 | K16: =C16+60 -> 410 | L16: 2 | M16: =D16 -> 350 | N16: 2
A17: ='1. 소켓인수검사'!A18 -> 10 | B17: VT-049 | C17: ='1. 소켓인수검사'!C18 -> 350 | D17: ='1. 소켓인수검사'!D18 -> 350 | F17: 1 | G17: =C17-5 -> 345 | H17: =F17*4 -> 4 | I17: =D17-30 -> 320 | J17: =F17*4 -> 4 | K17: =C17+60 -> 410 | L17: 2 | M17: =D17 -> 350 | N17: 2
A18: ='1. 소켓인수검사'!A19 -> 11 | B18: VT-049 | C18: ='1. 소켓인수검사'!C19 -> 350 | D18: ='1. 소켓인수검사'!D19 -> 350 | F18: 1 | G18: =C18-5 -> 345 | H18: =F18*4 -> 4 | I18: =D18-30 -> 320 | J18: =F18*4 -> 4 | K18: =C18+60 -> 410 | L18: 2 | M18: =D18 -> 350 | N18: 2
A19: ='1. 소켓인수검사'!A20 -> 12 | B19: VT-049 | C19: ='1. 소켓인수검사'!C20 -> 700 | D19: ='1. 소켓인수검사'!D20 -> 450 | F19: 1 | G19: =C19-5 -> 695 | H19: =F19*4 -> 4 | I19: =D19-30 -> 420 | J19: =F19*4 -> 4 | K19: =C19+60 -> 760 | L19: 2 | M19: =D19 -> 450 | N19: 2 | O19: 재고
A20: ='1. 소켓인수검사'!A21 -> 13 | B20: VT-049 | C20: ='1. 소켓인수검사'!C21 -> 700 | D20: ='1. 소켓인수검사'!D21 -> 450 | F20: 1 | G20: =C20-5 -> 695 | H20: =F20*4 -> 4 | I20: =D20-30 -> 420 | J20: =F20*4 -> 4 | K20: =C20+60 -> 760 | L20: 2 | M20: =D20 -> 450 | N20: 2 | O20: 재고
A21: ='1. 소켓인수검사'!A22 -> 14 | B21: VT-049 | C21: ='1. 소켓인수검사'!C22 -> 850 | D21: ='1. 소켓인수검사'!D22 -> 500 | F21: 1 | G21: =C21-5 -> 845 | H21: =F21*4 -> 4 | I21: =D21-30 -> 470 | J21: =F21*4 -> 4 | K21: =C21+60 -> 910 | L21: 2 | M21: =D21 -> 500 | N21: 2
A22: ='1. 소켓인수검사'!A23 -> 15 | B22: VT-049 | C22: ='1. 소켓인수검사'!C23 -> 900 | D22: ='1. 소켓인수검사'!D23 -> 500 | F22: 1 | G22: =C22-5 -> 895 | H22: =F22*4 -> 4 | I22: =D22-30 -> 470 | J22: =F22*4 -> 4 | K22: =C22+60 -> 960 | L22: 2 | M22: =D22 -> 500 | N22: 2
A23: ='1. 소켓인수검사'!A24 -> 16 | B23: VT-064 | C23: ='1. 소켓인수검사'!C24 -> 1000 | D23: ='1. 소켓인수검사'!D24 -> 500 | F23: 1 | G23: =C23-5 -> 995 | H23: =F23*4 -> 4 | I23: =D23-30 -> 470 | J23: =F23*4 -> 4 | K23: =C23+60 -> 1060 | L23: 2 | M23: =D23 -> 500 | N23: 2
A25: 특이사항 및 조치사항

Sheet 2.1 재단작업(VT)
E1: 재단작업지시서 (VT) | H1: ='1. 소켓인수검사'!R2 -> 26.06.01 엘티_신동양기업_코오롱글로벌_대한항공 운북 신 엔진정비공장 건립공사
A5: No. | B5: 구조 | C5: 규격 | E5: 소켓 Lot | F5: 수량 | G5: 소켓내부용 | K5: 소켓외부용 | O5: 비고
C6: 가로 | D6: 세로 | G6: 가로 | I6: 세로 | K6: 상하 | M6: 좌우
G7: 규격 | H7: 수량(EA) | I7: 규격 | J7: 수량(EA) | K7: 규격 | L7: 수량 | M7: 규격 | N7: 수량
A8: ='1. 소켓인수검사'!A25 -> 17 | B8: VT-01 | C8: ='1. 소켓인수검사'!C25 -> 1700 | D8: ='1. 소켓인수검사'!D25 -> 1300 | F8: 1 | G8: =(C8-30)/2-5 -> 830 | H8: =F8*8*2 -> 16 | I8: =(D8-20)/2-10 -> 630 | J8: =F8*16 -> 16 | K8: =C8+60 -> 1760 | L8: 4 | M8: =D8 -> 1300 | N8: 4
A9: ='1. 소켓인수검사'!A26 -> 18 | B9: VT-01 | C9: ='1. 소켓인수검사'!C26 -> 1900 | D9: ='1. 소켓인수검사'!D26 -> 400 | F9: 1 | G9: =(C9-30)/2-5 -> 930 | H9: =F9*8*2 -> 16 | I9: =(D9-20)/2-10 -> 180 | J9: =F9*16 -> 16 | K9: =C9+60 -> 1960 | L9: 4 | M9: =D9 -> 400 | N9: 4
A10: ='1. 소켓인수검사'!A27 -> 19 | B10: VT-01 | C10: ='1. 소켓인수검사'!C27 -> 1900 | D10: ='1. 소켓인수검사'!D27 -> 400 | F10: 1 | G10: =(C10-30)/2-5 -> 930 | H10: =F10*8*2 -> 16 | I10: =(D10-20)/2-10 -> 180 | J10: =F10*16 -> 16 | K10: =C10+60 -> 1960 | L10: 4 | M10: =D10 -> 400 | N10: 4
A11: ='1. 소켓인수검사'!A28 -> 20 | B11: VT-01 | C11: ='1. 소켓인수검사'!C28 -> 1950 | D11: ='1. 소켓인수검사'!D28 -> 800 | F11: 1 | G11: =(C11-30)/2-5 -> 955 | H11: =F11*8*2 -> 16 | I11: =(D11-20)/2-10 -> 380 | J11: =F11*16 -> 16 | K11: =C11+60 -> 2010 | L11: 4 | M11: =D11 -> 800 | N11: 4
A12: ='1. 소켓인수검사'!A29 -> 21 | B12: VT-01 | C12: ='1. 소켓인수검사'!C29 -> 3150 | D12: ='1. 소켓인수검사'!D29 -> 500 | F12: 1 | G12: =(C12-30)/2-5 -> 1555 | H12: =F12*8*2 -> 16 | I12: =(D12-20)/2-10 -> 230 | J12: =F12*16 -> 16 | K12: =C12+60 -> 3210 | L12: 4 | M12: =D12 -> 500 | N12: 4
H13: =SUM(H8:H12) -> 80 | J13: =SUM(J8:J12) -> 80 | L13: =SUM(L8:L12) -> 20 | N13: =SUM(N8:N12) -> 20
A15: 특이사항 및 조치사항

Sheet 차열재 재단(VM,VT)
E1: 재단작업지시서차열재 | G1: ='1. 소켓인수검사'!R2 -> 26.06.01 엘티_신동양기업_코오롱글로벌_대한항공 운북 신 엔진정비공장 건립공사
A5: No. | B5: 구조 | C5: 규격 | E5: 소켓 Lot | F5: 수량 | G5: 소켓외부용 | K5: 비고
C6: 가로 | D6: 세로 | G6: 상하 | I6: 좌우
G7: 규격 | H7: 수량 | I7: 규격 | J7: 수량
A8: ='1. 소켓인수검사'!A9 -> 01 | B8: VT-049 | C8: ='1. 소켓인수검사'!C9 -> 300 | D8: ='1. 소켓인수검사'!D9 -> 300 | F8: 1 | G8: =C8+60 -> 360 | H8: 2 | I8: =D8 -> 300 | J8: 2
A9: ='1. 소켓인수검사'!A10 -> 02 | B9: VT-049 | C9: ='1. 소켓인수검사'!C10 -> 300 | D9: ='1. 소켓인수검사'!D10 -> 300 | F9: 1 | G9: =C9+60 -> 360 | H9: 2 | I9: =D9 -> 300 | J9: 2
A10: ='1. 소켓인수검사'!A11 -> 03 | B10: VT-049 | C10: ='1. 소켓인수검사'!C11 -> 300 | D10: ='1. 소켓인수검사'!D11 -> 300 | F10: 1 | G10: =C10+60 -> 360 | H10: 2 | I10: =D10 -> 300 | J10: 2
A11: ='1. 소켓인수검사'!A12 -> 04 | B11: VT-049 | C11: ='1. 소켓인수검사'!C12 -> 300 | D11: ='1. 소켓인수검사'!D12 -> 300 | F11: 1 | G11: =C11+60 -> 360 | H11: 2 | I11: =D11 -> 300 | J11: 2
A12: ='1. 소켓인수검사'!A13 -> 05 | B12: VT-049 | C12: ='1. 소켓인수검사'!C13 -> 300 | D12: ='1. 소켓인수검사'!D13 -> 300 | F12: 1 | G12: =C12+60 -> 360 | H12: 2 | I12: =D12 -> 300 | J12: 2
A13: ='1. 소켓인수검사'!A14 -> 06 | B13: VT-049 | C13: ='1. 소켓인수검사'!C14 -> 350 | D13: ='1. 소켓인수검사'!D14 -> 300 | F13: 1 | G13: =C13+60 -> 410 | H13: 2 | I13: =D13 -> 300 | J13: 2
A14: ='1. 소켓인수검사'!A15 -> 07 | B14: VT-049 | C14: ='1. 소켓인수검사'!C15 -> 350 | D14: ='1. 소켓인수검사'!D15 -> 300 | F14: 1 | G14: =C14+60 -> 410 | H14: 2 | I14: =D14 -> 300 | J14: 2
A15: ='1. 소켓인수검사'!A16 -> 08 | B15: VT-049 | C15: ='1. 소켓인수검사'!C16 -> 350 | D15: ='1. 소켓인수검사'!D16 -> 350 | F15: 1 | G15: =C15+60 -> 410 | H15: 2 | I15: =D15 -> 350 | J15: 2
A16: ='1. 소켓인수검사'!A17 -> 09 | B16: VT-049 | C16: ='1. 소켓인수검사'!C17 -> 350 | D16: ='1. 소켓인수검사'!D17 -> 350 | F16: 1 | G16: =C16+60 -> 410 | H16: 2 | I16: =D16 -> 350 | J16: 2
A17: ='1. 소켓인수검사'!A18 -> 10 | B17: VT-049 | C17: ='1. 소켓인수검사'!C18 -> 350 | D17: ='1. 소켓인수검사'!D18 -> 350 | F17: 1 | G17: =C17+60 -> 410 | H17: 2 | I17: =D17 -> 350 | J17: 2
A18: ='1. 소켓인수검사'!A19 -> 11 | B18: VT-049 | C18: ='1. 소켓인수검사'!C19 -> 350 | D18: ='1. 소켓인수검사'!D19 -> 350 | F18: 1 | G18: =C18+60 -> 410 | H18: 2 | I18: =D18 -> 350 | J18: 2
A19: ='1. 소켓인수검사'!A20 -> 12 | B19: VT-049 | C19: ='1. 소켓인수검사'!C20 -> 700 | D19: ='1. 소켓인수검사'!D20 -> 450 | F19: 1 | G19: =C19+60 -> 760 | H19: 2 | I19: =D19 -> 450 | J19: 2 | K19: 재고
A20: ='1. 소켓인수검사'!A21 -> 13 | B20: VT-049 | C20: ='1. 소켓인수검사'!C21 -> 700 | D20: ='1. 소켓인수검사'!D21 -> 450 | F20: 1 | G20: =C20+60 -> 760 | H20: 2 | I20: =D20 -> 450 | J20: 2 | K20: 재고
A21: ='1. 소켓인수검사'!A22 -> 14 | B21: VT-049 | C21: ='1. 소켓인수검사'!C22 -> 850 | D21: ='1. 소켓인수검사'!D22 -> 500 | F21: 1 | G21: =C21+60 -> 910 | H21: 2 | I21: =D21 -> 500 | J21: 2
A22: ='1. 소켓인수검사'!A23 -> 15 | B22: VT-049 | C22: ='1. 소켓인수검사'!C23 -> 900 | D22: ='1. 소켓인수검사'!D23 -> 500 | F22: 1 | G22: =C22+60 -> 960 | H22: 2 | I22: =D22 -> 500 | J22: 2
A23: ='1. 소켓인수검사'!A24 -> 16 | B23: VT-064 | C23: ='1. 소켓인수검사'!C24 -> 1000 | D23: ='1. 소켓인수검사'!D24 -> 500 | F23: 1 | G23: =C23+60 -> 1060 | H23: 2 | I23: =D23 -> 500 | J23: 2
A24: ='1. 소켓인수검사'!A25 -> 17 | B24: VT-01 | C24: ='1. 소켓인수검사'!C25 -> 1700 | D24: ='1. 소켓인수검사'!D25 -> 1300 | F24: 1 | G24: =C24+60 -> 1760 | H24: 2 | I24: =D24 -> 1300 | J24: 2
A25: ='1. 소켓인수검사'!A26 -> 18 | B25: VT-01 | C25: ='1. 소켓인수검사'!C26 -> 1900 | D25: ='1. 소켓인수검사'!D26 -> 400 | F25: 1 | G25: =C25+60 -> 1960 | H25: 2 | I25: =D25 -> 400 | J25: 2
A26: ='1. 소켓인수검사'!A27 -> 19 | B26: VT-01 | C26: ='1. 소켓인수검사'!C27 -> 1900 | D26: ='1. 소켓인수검사'!D27 -> 400 | F26: 1 | G26: =C26+60 -> 1960 | H26: 2 | I26: =D26 -> 400 | J26: 2
A27: ='1. 소켓인수검사'!A28 -> 20 | B27: VT-01 | C27: ='1. 소켓인수검사'!C28 -> 1950 | D27: ='1. 소켓인수검사'!D28 -> 800 | F27: 1 | G27: =C27+60 -> 2010 | H27: 2 | I27: =D27 -> 800 | J27: 2
A28: ='1. 소켓인수검사'!A29 -> 21 | B28: VT-01 | C28: ='1. 소켓인수검사'!C29 -> 3150 | D28: ='1. 소켓인수검사'!D29 -> 500 | F28: 1 | G28: =C28+60 -> 3210 | H28: 2 | I28: =D28 -> 500 | J28: 2
A29: 특이사항 및 조치사항

Sheet 3. 1절곡(VM)
E1: 절 곡 생 산 일 지(VM)
A4: 설비번호
A5: 생산일자 | E5: 생산 시작 | H5: 작업자 | K5: 품명 | N5: ='1. 소켓인수검사'!R2 -> 26.06.01 엘티_신동양기업_코오롱글로벌_대한항공 운북 신 엔진정비공장 건립공사
E6: 생산 종료
A8: No. | B8: 규격 | D8: 수량 (EA) | E8: 소켓 Lot | F8: 두께 | G8: 평철(mm) | P8: 비고
B9: 가로 | C9: 세로 | G9: 폭 | H9: 가로 | J9: 수량 확인 | K9: 세로 | O9: 수량 확인
H10: 규격 | I10: 수량(EA) | K10: 규격 | N10: 수량(EA)
A11: ='1. 소켓인수검사'!A9 -> 01 | B11: ='1. 소켓인수검사'!C9 -> 300 | C11: ='1. 소켓인수검사'!D9 -> 300 | D11: 1 | F11: 1.6 | H11: =B11-1 -> 299 | I11: =D11*4 -> 4 | K11: =C11-30 -> 270 | N11: =D11*4 -> 4
A12: ='1. 소켓인수검사'!A10 -> 02 | B12: ='1. 소켓인수검사'!C10 -> 300 | C12: ='1. 소켓인수검사'!D10 -> 300 | D12: 1 | F12: 1.6 | H12: =B12-1 -> 299 | I12: =D12*4 -> 4 | K12: =C12-30 -> 270 | N12: =D12*4 -> 4
A13: ='1. 소켓인수검사'!A11 -> 03 | B13: ='1. 소켓인수검사'!C11 -> 300 | C13: ='1. 소켓인수검사'!D11 -> 300 | D13: 1 | F13: 1.6 | H13: =B13-1 -> 299 | I13: =D13*4 -> 4 | K13: =C13-30 -> 270 | N13: =D13*4 -> 4
A14: ='1. 소켓인수검사'!A12 -> 04 | B14: ='1. 소켓인수검사'!C12 -> 300 | C14: ='1. 소켓인수검사'!D12 -> 300 | D14: 1 | F14: 1.6 | H14: =B14-1 -> 299 | I14: =D14*4 -> 4 | K14: =C14-30 -> 270 | N14: =D14*4 -> 4
A15: ='1. 소켓인수검사'!A13 -> 05 | B15: ='1. 소켓인수검사'!C13 -> 300 | C15: ='1. 소켓인수검사'!D13 -> 300 | D15: 1 | F15: 1.6 | H15: =B15-1 -> 299 | I15: =D15*4 -> 4 | K15: =C15-30 -> 270 | N15: =D15*4 -> 4
A16: ='1. 소켓인수검사'!A14 -> 06 | B16: ='1. 소켓인수검사'!C14 -> 350 | C16: ='1. 소켓인수검사'!D14 -> 300 | D16: 1 | F16: 1.6 | H16: =B16-1 -> 349 | I16: =D16*4 -> 4 | K16: =C16-30 -> 270 | N16: =D16*4 -> 4
A17: ='1. 소켓인수검사'!A15 -> 07 | B17: ='1. 소켓인수검사'!C15 -> 350 | C17: ='1. 소켓인수검사'!D15 -> 300 | D17: 1 | F17: 1.6 | H17: =B17-1 -> 349 | I17: =D17*4 -> 4 | K17: =C17-30 -> 270 | N17: =D17*4 -> 4
A18: ='1. 소켓인수검사'!A16 -> 08 | B18: ='1. 소켓인수검사'!C16 -> 350 | C18: ='1. 소켓인수검사'!D16 -> 350 | D18: 1 | F18: 1.6 | H18: =B18-1 -> 349 | I18: =D18*4 -> 4 | K18: =C18-30 -> 320 | N18: =D18*4 -> 4
A19: ='1. 소켓인수검사'!A17 -> 09 | B19: ='1. 소켓인수검사'!C17 -> 350 | C19: ='1. 소켓인수검사'!D17 -> 350 | D19: 1 | F19: 1.6 | H19: =B19-1 -> 349 | I19: =D19*4 -> 4 | K19: =C19-30 -> 320 | N19: =D19*4 -> 4
A20: ='1. 소켓인수검사'!A18 -> 10 | B20: ='1. 소켓인수검사'!C18 -> 350 | C20: ='1. 소켓인수검사'!D18 -> 350 | D20: 1 | F20: 1.6 | H20: =B20-1 -> 349 | I20: =D20*4 -> 4 | K20: =C20-30 -> 320 | N20: =D20*4 -> 4
A21: ='1. 소켓인수검사'!A19 -> 11 | B21: ='1. 소켓인수검사'!C19 -> 350 | C21: ='1. 소켓인수검사'!D19 -> 350 | D21: 1 | F21: 1.6 | H21: =B21-1 -> 349 | I21: =D21*4 -> 4 | K21: =C21-30 -> 320 | N21: =D21*4 -> 4
A22: ='1. 소켓인수검사'!A20 -> 12 | B22: ='1. 소켓인수검사'!C20 -> 700 | C22: ='1. 소켓인수검사'!D20 -> 450 | D22: 1 | F22: 1.6 | H22: =B22-1 -> 699 | I22: =D22*4 -> 4 | K22: =C22-30 -> 420 | N22: =D22*4 -> 4 | P22: 재고
A23: ='1. 소켓인수검사'!A21 -> 13 | B23: ='1. 소켓인수검사'!C21 -> 700 | C23: ='1. 소켓인수검사'!D21 -> 450 | D23: 1 | F23: 1.6 | H23: =B23-1 -> 699 | I23: =D23*4 -> 4 | K23: =C23-30 -> 420 | N23: =D23*4 -> 4 | P23: 재고
A24: ='1. 소켓인수검사'!A22 -> 14 | B24: ='1. 소켓인수검사'!C22 -> 850 | C24: ='1. 소켓인수검사'!D22 -> 500 | D24: 1 | F24: 1.6 | H24: =B24-1 -> 849 | I24: =D24*4 -> 4 | K24: =C24-30 -> 470 | N24: =D24*4 -> 4
A25: ='1. 소켓인수검사'!A23 -> 15 | B25: ='1. 소켓인수검사'!C23 -> 900 | C25: ='1. 소켓인수검사'!D23 -> 500 | D25: 1 | F25: 1.6 | H25: =B25-1 -> 899 | I25: =D25*4 -> 4 | K25: =C25-30 -> 470 | N25: =D25*4 -> 4
A26: ='1. 소켓인수검사'!A24 -> 16 | B26: ='1. 소켓인수검사'!C24 -> 1000 | C26: ='1. 소켓인수검사'!D24 -> 500 | D26: 1 | F26: 1.6 | H26: =B26-1 -> 999 | I26: =D26*4 -> 4 | K26: =C26-30 -> 470 | N26: =D26*4 -> 4
A28: 특이사항 및 조치사항

Sheet 3.2 절곡(VT)
E1: 절 곡 생 산 일 지(VT_브라켓)
A4: 설비번호
A5: 생산일자 | E5: 생산 시작 | H5: 작업자 | K5: 품명 | N5: ='1. 소켓인수검사'!R2 -> 26.06.01 엘티_신동양기업_코오롱글로벌_대한항공 운북 신 엔진정비공장 건립공사
E6: 생산 종료
A8: No. | B8: 규격 | D8: 수량 (EA) | E8: 소켓 Lot | F8: 두께 | G8: 평철(mm) | P8: 비고
B9: 가로 | C9: 세로 | G9: 폭 | H9: 가로 | J9: 수량 확인 | K9: 세로 | O9: 수량 확인
H10: 규격 | I10: 수량(EA) | K10: 규격 | N10: 수량(EA)
A11: ='1. 소켓인수검사'!A25 -> 17 | B11: ='1. 소켓인수검사'!C25 -> 1700 | C11: ='1. 소켓인수검사'!D25 -> 1300 | D11: 1 | F11: 1.6 이상 | G11: 60mm | H11: =(B11-30)/2-1 -> 834 | I11: =D11*8*2 -> 16 | K11: =(C11-20)/2-10-1 -> 629 | N11: =D11*16*2 -> 32
A12: ='1. 소켓인수검사'!A26 -> 18 | B12: ='1. 소켓인수검사'!C26 -> 1900 | C12: ='1. 소켓인수검사'!D26 -> 400 | D12: 1 | H12: =(B12-30)/2-1 -> 934 | I12: =D12*8*2 -> 16 | K12: =(C12-20)/2-10-1 -> 179 | N12: =D12*16*2 -> 32
A13: ='1. 소켓인수검사'!A27 -> 19 | B13: ='1. 소켓인수검사'!C27 -> 1900 | C13: ='1. 소켓인수검사'!D27 -> 400 | D13: 1 | H13: =(B13-30)/2-1 -> 934 | I13: =D13*8*2 -> 16 | K13: =(C13-20)/2-10-1 -> 179 | N13: =D13*16*2 -> 32
A14: ='1. 소켓인수검사'!A28 -> 20 | B14: ='1. 소켓인수검사'!C28 -> 1950 | C14: ='1. 소켓인수검사'!D28 -> 800 | D14: 1 | H14: =(B14-30)/2-1 -> 959 | I14: =D14*8*2 -> 16 | K14: =(C14-20)/2-10-1 -> 379 | N14: =D14*16*2 -> 32
A15: ='1. 소켓인수검사'!A29 -> 21 | B15: ='1. 소켓인수검사'!C29 -> 3150 | C15: ='1. 소켓인수검사'!D29 -> 500 | D15: 1 | H15: =(B15-30)/2-1 -> 1559 | I15: =D15*8*2 -> 16 | K15: =(C15-20)/2-10-1 -> 229 | N15: =D15*16*2 -> 32
A17: 특이사항 및 조치사항

Sheet 3.3 절곡(VT-보강대)
E1: 절 곡 생 산 일 지(VT_보강대)
A4: 설비번호
A5: 생산일자 | E5: 생산 시작 | H5: 작업자 | K5: 품명 | O5: ='1. 소켓인수검사'!R2 -> 26.06.01 엘티_신동양기업_코오롱글로벌_대한항공 운북 신 엔진정비공장 건립공사
E6: 생산 종료
A8: No. | B8: 규격 | D8: 수량 (EA) | E8: 소켓 Lot | F8: 두께 | G8: 평철(mm) | Q8: 비고
B9: 가로 | C9: 세로 | G9: 폭 | H9: 가로(받침대) | J9: 수량 확인 | K9: 폭 | L9: 세로(보강대) | P9: 수량 확인
H10: 규격 | I10: 수량(EA) | L10: 규격 | O10: 수량(EA)
A11: ='1. 소켓인수검사'!A25 -> 17 | B11: ='1. 소켓인수검사'!C25 -> 1700 | C11: ='1. 소켓인수검사'!D25 -> 1300 | D11: 1 | F11: 1.6 이상 | G11: =228-3 -> 225 | H11: =((B11-30)/2)-1 -> 834 | I11: =D11*4*2 -> 8 | K11: =240-3 -> 237 | L11: =C11 -> 1300 | O11: =D11*2*2 -> 4
A12: ='1. 소켓인수검사'!A26 -> 18 | B12: ='1. 소켓인수검사'!C26 -> 1900 | C12: ='1. 소켓인수검사'!D26 -> 400 | D12: 1 | G12: =228-3 -> 225 | H12: =((B12-30)/2)-1 -> 934 | I12: =D12*4*2 -> 8 | K12: =240-3 -> 237 | L12: =C12 -> 400 | O12: =D12*2*2 -> 4
A13: ='1. 소켓인수검사'!A27 -> 19 | B13: ='1. 소켓인수검사'!C27 -> 1900 | C13: ='1. 소켓인수검사'!D27 -> 400 | D13: 1 | G13: =228-3 -> 225 | H13: =((B13-30)/2)-1 -> 934 | I13: =D13*4*2 -> 8 | K13: =240-3 -> 237 | L13: =C13 -> 400 | O13: =D13*2*2 -> 4
A14: ='1. 소켓인수검사'!A28 -> 20 | B14: ='1. 소켓인수검사'!C28 -> 1950 | C14: ='1. 소켓인수검사'!D28 -> 800 | D14: 1 | G14: =228-3 -> 225 | H14: =((B14-30)/2)-1 -> 959 | I14: =D14*4*2 -> 8 | K14: =240-3 -> 237 | L14: =C14 -> 800 | O14: =D14*2*2 -> 4
A15: ='1. 소켓인수검사'!A29 -> 21 | B15: ='1. 소켓인수검사'!C29 -> 3150 | C15: ='1. 소켓인수검사'!D29 -> 500 | D15: 1 | G15: =228-3 -> 225 | H15: =((B15-30)/2)-1 -> 1559 | I15: =D15*4*2 -> 8 | K15: =240-3 -> 237 | L15: =C15 -> 500 | O15: =D15*2*2 -> 4
A17: 특이사항 및 조치사항

Sheet 5. 차열재 출하용(VM,VT,VAG)
D1: 차열재생산일지(출하용)
A4: 설비번호
A5: 생산일자 | D5: 생산 시작 | G5: 작업자 | L5: 업 체 | O5: 업 체 | P5: ='1. 소켓인수검사'!R2 -> 26.06.01 엘티_신동양기업_코오롱글로벌_대한항공 운북 신 엔진정비공장 건립공사
D6: 생산 종료
A8: No. | B8: 가로 | C8: 세로 | D8: 구조 | E8: 면적 | F8: 둘레 | G8: 글라스울 | J8: 차열재 | M8: 차열재 | P8: 차열재
G9: 25*1400 | H9: 수량 | I9: 소요량 | J9: 50*400 | K9: 수량 | L9: 소요량 | M9: 25*200 | N9: 수량 | O9: 소요량 | P9: 50*600 | Q9: 수량 | R9: 소요량
A10: ='1. 소켓인수검사'!A9 -> 01 | B10: ='1. 소켓인수검사'!C9 -> 300 | C10: ='1. 소켓인수검사'!D9 -> 300 | D10: VT-049 | E10: =B10*C10/1000000 -> 0.09 | F10: =(B10+C10)*2/1000 -> 1.2 | G10: =(F10+0.4) -> 1.6 | H10: 4 | I10: =G10*H10 -> 6.4
A11: ='1. 소켓인수검사'!A10 -> 02 | B11: ='1. 소켓인수검사'!C10 -> 300 | C11: ='1. 소켓인수검사'!D10 -> 300 | D11: VT-049 | E11: =B11*C11/1000000 -> 0.09 | F11: =(B11+C11)*2/1000 -> 1.2 | G11: =(F11+0.4) -> 1.6 | H11: 4 | I11: =G11*H11 -> 6.4
A12: ='1. 소켓인수검사'!A11 -> 03 | B12: ='1. 소켓인수검사'!C11 -> 300 | C12: ='1. 소켓인수검사'!D11 -> 300 | D12: VT-049 | E12: =B12*C12/1000000 -> 0.09 | F12: =(B12+C12)*2/1000 -> 1.2 | G12: =(F12+0.4) -> 1.6 | H12: 4 | I12: =G12*H12 -> 6.4
A13: ='1. 소켓인수검사'!A12 -> 04 | B13: ='1. 소켓인수검사'!C12 -> 300 | C13: ='1. 소켓인수검사'!D12 -> 300 | D13: VT-049 | E13: =B13*C13/1000000 -> 0.09 | F13: =(B13+C13)*2/1000 -> 1.2 | G13: =(F13+0.4) -> 1.6 | H13: 4 | I13: =G13*H13 -> 6.4
A14: ='1. 소켓인수검사'!A13 -> 05 | B14: ='1. 소켓인수검사'!C13 -> 300 | C14: ='1. 소켓인수검사'!D13 -> 300 | D14: VT-049 | E14: =B14*C14/1000000 -> 0.09 | F14: =(B14+C14)*2/1000 -> 1.2 | G14: =(F14+0.4) -> 1.6 | H14: 4 | I14: =G14*H14 -> 6.4
A15: ='1. 소켓인수검사'!A14 -> 06 | B15: ='1. 소켓인수검사'!C14 -> 350 | C15: ='1. 소켓인수검사'!D14 -> 300 | D15: VT-049 | E15: =B15*C15/1000000 -> 0.105 | F15: =(B15+C15)*2/1000 -> 1.3 | G15: =(F15+0.4) -> 1.7 | H15: 4 | I15: =G15*H15 -> 6.8
A16: ='1. 소켓인수검사'!A15 -> 07 | B16: ='1. 소켓인수검사'!C15 -> 350 | C16: ='1. 소켓인수검사'!D15 -> 300 | D16: VT-049 | E16: =B16*C16/1000000 -> 0.105 | F16: =(B16+C16)*2/1000 -> 1.3 | G16: =(F16+0.4) -> 1.7 | H16: 4 | I16: =G16*H16 -> 6.8
A17: ='1. 소켓인수검사'!A16 -> 08 | B17: ='1. 소켓인수검사'!C16 -> 350 | C17: ='1. 소켓인수검사'!D16 -> 350 | D17: VT-049 | E17: =B17*C17/1000000 -> 0.1225 | F17: =(B17+C17)*2/1000 -> 1.4 | G17: =(F17+0.4) -> 1.8 | H17: 4 | I17: =G17*H17 -> 7.2
A18: ='1. 소켓인수검사'!A17 -> 09 | B18: ='1. 소켓인수검사'!C17 -> 350 | C18: ='1. 소켓인수검사'!D17 -> 350 | D18: VT-049 | E18: =B18*C18/1000000 -> 0.1225 | F18: =(B18+C18)*2/1000 -> 1.4 | G18: =(F18+0.4) -> 1.8 | H18: 4 | I18: =G18*H18 -> 7.2
A19: ='1. 소켓인수검사'!A18 -> 10 | B19: ='1. 소켓인수검사'!C18 -> 350 | C19: ='1. 소켓인수검사'!D18 -> 350 | D19: VT-049 | E19: =B19*C19/1000000 -> 0.1225 | F19: =(B19+C19)*2/1000 -> 1.4 | G19: =(F19+0.4) -> 1.8 | H19: 4 | I19: =G19*H19 -> 7.2
A20: ='1. 소켓인수검사'!A19 -> 11 | B20: ='1. 소켓인수검사'!C19 -> 350 | C20: ='1. 소켓인수검사'!D19 -> 350 | D20: VT-049 | E20: =B20*C20/1000000 -> 0.1225 | F20: =(B20+C20)*2/1000 -> 1.4 | G20: =(F20+0.4) -> 1.8 | H20: 4 | I20: =G20*H20 -> 7.2
A21: ='1. 소켓인수검사'!A20 -> 12 | B21: ='1. 소켓인수검사'!C20 -> 700 | C21: ='1. 소켓인수검사'!D20 -> 450 | D21: VT-049 | E21: =B21*C21/1000000 -> 0.315 | F21: =(B21+C21)*2/1000 -> 2.3 | G21: =(F21+0.4) -> 2.7 | H21: 4 | I21: =G21*H21 -> 10.8
A22: ='1. 소켓인수검사'!A21 -> 13 | B22: ='1. 소켓인수검사'!C21 -> 700 | C22: ='1. 소켓인수검사'!D21 -> 450 | D22: VT-049 | E22: =B22*C22/1000000 -> 0.315 | F22: =(B22+C22)*2/1000 -> 2.3 | G22: =(F22+0.4) -> 2.7 | H22: 4 | I22: =G22*H22 -> 10.8
A23: ='1. 소켓인수검사'!A22 -> 14 | B23: ='1. 소켓인수검사'!C22 -> 850 | C23: ='1. 소켓인수검사'!D22 -> 500 | D23: VT-049 | E23: =B23*C23/1000000 -> 0.425 | F23: =(B23+C23)*2/1000 -> 2.7 | G23: =(F23+0.4) -> 3.1 | H23: =2*2 -> 4 | I23: =G23*H23 -> 12.4
A24: ='1. 소켓인수검사'!A23 -> 15 | B24: ='1. 소켓인수검사'!C23 -> 900 | C24: ='1. 소켓인수검사'!D23 -> 500 | D24: VT-049 | E24: =B24*C24/1000000 -> 0.45 | F24: =(B24+C24)*2/1000 -> 2.8 | G24: =(F24+0.4) -> 3.2 | H24: =2*2 -> 4 | I24: =G24*H24 -> 12.8
A25: ='1. 소켓인수검사'!A24 -> 16 | B25: ='1. 소켓인수검사'!C24 -> 1000 | C25: ='1. 소켓인수검사'!D24 -> 500 | D25: VT-064 | E25: =B25*C25/1000000 -> 0.5 | F25: =(B25+C25)*2/1000 -> 3 | G25: =(F25+0.4) -> 3.4 | H25: 2 | I25: =G25*H25 -> 6.8 | J25: =(F25+0.5) -> 3.5 | K25: 2 | L25: =K25*J25 -> 7
A26: ='1. 소켓인수검사'!A25 -> 17 | B26: ='1. 소켓인수검사'!C25 -> 1700 | C26: ='1. 소켓인수검사'!D25 -> 1300 | D26: VT-01 | E26: =B26*C26/1000000 -> 2.21 | F26: =(B26+C26)*2/1000 -> 6 | G26: =(F26+0.4) -> 6.4 | H26: 2 | I26: =G26*H26 -> 12.8 | P26: =F26+0.5 -> 6.5 | Q26: 2 | R26: =P26*Q26 -> 13
A27: ='1. 소켓인수검사'!A26 -> 18 | B27: ='1. 소켓인수검사'!C26 -> 1900 | C27: ='1. 소켓인수검사'!D26 -> 400 | D27: VT-01 | E27: =B27*C27/1000000 -> 0.76 | F27: =(B27+C27)*2/1000 -> 4.6 | G27: =(F27+0.4) -> 5 | H27: 2 | I27: =G27*H27 -> 10 | P27: =F27+0.5 -> 5.1 | Q27: 2 | R27: =P27*Q27 -> 10.2
A28: ='1. 소켓인수검사'!A27 -> 19 | B28: ='1. 소켓인수검사'!C27 -> 1900 | C28: ='1. 소켓인수검사'!D27 -> 400 | D28: VT-01 | E28: =B28*C28/1000000 -> 0.76 | F28: =(B28+C28)*2/1000 -> 4.6 | G28: =(F28+0.4) -> 5 | H28: 2 | I28: =G28*H28 -> 10 | P28: =F28+0.5 -> 5.1 | Q28: 2 | R28: =P28*Q28 -> 10.2
A29: ='1. 소켓인수검사'!A28 -> 20 | B29: ='1. 소켓인수검사'!C28 -> 1950 | C29: ='1. 소켓인수검사'!D28 -> 800 | D29: VT-01 | E29: =B29*C29/1000000 -> 1.56 | F29: =(B29+C29)*2/1000 -> 5.5 | G29: =(F29+0.4) -> 5.9 | H29: 2 | I29: =G29*H29 -> 11.8 | P29: =F29+0.5 -> 6 | Q29: 2 | R29: =P29*Q29 -> 12
A30: ='1. 소켓인수검사'!A29 -> 21 | B30: ='1. 소켓인수검사'!C29 -> 3150 | C30: ='1. 소켓인수검사'!D29 -> 500 | D30: VT-01 | E30: =B30*C30/1000000 -> 1.575 | F30: =(B30+C30)*2/1000 -> 7.3 | G30: =(F30+0.4) -> 7.7 | H30: 2 | I30: =G30*H30 -> 15.4 | P30: =F30+0.5 -> 7.8 | Q30: 2 | R30: =P30*Q30 -> 15.6
A31: 합계 | I31: =SUM(I10:I30) -> 188 | L31: =SUM(L10:L30) -> 7 | O31: =SUM(O10:O30) -> 0 | R31: =SUM(R10:S30) -> 61
A32: 글라스울 25T*1400*20M | G32: =I31/20 -> 9.4
A33: 차열재 50T*400*3.6M | G33: =L31/3.6 -> 1.9444444
A34: 차열재 25T*200*7.4M | G34: =O31/7.4 -> 0
A35: 차열재 50T*600*3.6M | G35: =R31/3.6 -> 16.944444
A37: 특이사항 및 조치사항

Sheet 6. 라벨소요량
E1: 라벨소요량(행복산업_KEC 구미공장_251128) | F1: 라벨소요량 | K1: ='1. 소켓인수검사'!R2 -> 26.06.01 엘티_신동양기업_코오롱글로벌_대한항공 운북 신 엔진정비공장 건립공사
A5: No. | B5: 제품 번호 | C5: 가로 | D5: 세로 | E5: 소켓 Lot | F5: 면적 | G5: 둘레 | H5: 방화 소켓 | I5: 글라스울 | K5: 차열재 | M5: 차열재 | O5: 차열재 | Q5: 플래싱 | S5: 인정번호 | T5: 품명 | U5: 설치위치
I6: 25* 1400 | J6: 수량 | K6: 25* 200 | L6: 수량 | M6: 50* 400 | N6: 수량 | O6: 50* 600 | P6: 수량 | Q6: 산출량 | R6: 총량
A7: ='1. 소켓인수검사'!A9 -> 01 | B7: E255 | C7: ='1. 소켓인수검사'!C9 -> 300 | D7: ='1. 소켓인수검사'!D9 -> 300 | F7: =C7*D7/1000000 -> 0.09 | G7: =(C7+D7)*2/1000 -> 1.2 | H7: 1 | I7: =(G7+0.4) -> 1.6 | J7: 4 | Q7: =(((C7+60)+250+(D7+60))*2/1000)*2 -> 3.88 | R7: =Q7 -> 3.88 | S7: FS-MP25-0310-3 | T7: EZ F.B POSMAC Duct-VT-049 | U7: ='1. 소켓인수검사'!G9 -> 지하1층 Compressor
A8: ='1. 소켓인수검사'!A10 -> 02 | B8: E256 | C8: ='1. 소켓인수검사'!C10 -> 300 | D8: ='1. 소켓인수검사'!D10 -> 300 | F8: =C8*D8/1000000 -> 0.09 | G8: =(C8+D8)*2/1000 -> 1.2 | H8: 1 | I8: =(G8+0.4) -> 1.6 | J8: 4 | Q8: =(((C8+60)+250+(D8+60))*2/1000)*2 -> 3.88 | R8: =Q8 -> 3.88 | S8: FS-MP25-0310-3 | T8: EZ F.B POSMAC Duct-VT-049 | U8: ='1. 소켓인수검사'!G10 -> 지하1층 Compressor
A9: ='1. 소켓인수검사'!A11 -> 03 | B9: E257 | C9: ='1. 소켓인수검사'!C11 -> 300 | D9: ='1. 소켓인수검사'!D11 -> 300 | F9: =C9*D9/1000000 -> 0.09 | G9: =(C9+D9)*2/1000 -> 1.2 | H9: 1 | I9: =(G9+0.4) -> 1.6 | J9: 4 | Q9: =(((C9+60)+250+(D9+60))*2/1000)*2 -> 3.88 | R9: =Q9 -> 3.88 | S9: FS-MP25-0310-3 | T9: EZ F.B POSMAC Duct-VT-049 | U9: ='1. 소켓인수검사'!G11 -> 폐수관리층
A10: ='1. 소켓인수검사'!A12 -> 04 | B10: E257 | C10: ='1. 소켓인수검사'!C12 -> 300 | D10: ='1. 소켓인수검사'!D12 -> 300 | F10: =C10*D10/1000000 -> 0.09 | G10: =(C10+D10)*2/1000 -> 1.2 | H10: 1 | I10: =(G10+0.4) -> 1.6 | J10: 4 | Q10: =(((C10+60)+250+(D10+60))*2/1000)*2 -> 3.88 | R10: =Q10 -> 3.88 | S10: FS-MP25-0310-3 | T10: EZ F.B POSMAC Duct-VT-049 | U10: ='1. 소켓인수검사'!G12 -> 폐수관리층
A11: ='1. 소켓인수검사'!A13 -> 05 | B11: E257 | C11: ='1. 소켓인수검사'!C13 -> 300 | D11: ='1. 소켓인수검사'!D13 -> 300 | F11: =C11*D11/1000000 -> 0.09 | G11: =(C11+D11)*2/1000 -> 1.2 | H11: 1 | I11: =(G11+0.4) -> 1.6 | J11: 4 | Q11: =(((C11+60)+250+(D11+60))*2/1000)*2 -> 3.88 | R11: =Q11 -> 3.88 | S11: FS-MP25-0310-3 | T11: EZ F.B POSMAC Duct-VT-049 | U11: ='1. 소켓인수검사'!G13 -> 3층화장실(PS-3)
A12: ='1. 소켓인수검사'!A14 -> 06 | B12: E257 | C12: ='1. 소켓인수검사'!C14 -> 350 | D12: ='1. 소켓인수검사'!D14 -> 300 | F12: =C12*D12/1000000 -> 0.105 | G12: =(C12+D12)*2/1000 -> 1.3 | H12: 1 | I12: =(G12+0.4) -> 1.7 | J12: 4 | Q12: =(((C12+60)+250+(D12+60))*2/1000)*2 -> 4.08 | R12: =Q12 -> 4.08 | S12: FS-MP25-0310-3 | T12: EZ F.B POSMAC Duct-VT-049 | U12: ='1. 소켓인수검사'!G14 -> 1층화장실(PS-8)
A13: ='1. 소켓인수검사'!A15 -> 07 | B13: E257 | C13: ='1. 소켓인수검사'!C15 -> 350 | D13: ='1. 소켓인수검사'!D15 -> 300 | F13: =C13*D13/1000000 -> 0.105 | G13: =(C13+D13)*2/1000 -> 1.3 | H13: 1 | I13: =(G13+0.4) -> 1.7 | J13: 4 | Q13: =(((C13+60)+250+(D13+60))*2/1000)*2 -> 4.08 | R13: =Q13 -> 4.08 | S13: FS-MP25-0310-3 | T13: EZ F.B POSMAC Duct-VT-049 | U13: ='1. 소켓인수검사'!G15 -> 2층화장실(PS-4)
A14: ='1. 소켓인수검사'!A16 -> 08 | B14: E257 | C14: ='1. 소켓인수검사'!C16 -> 350 | D14: ='1. 소켓인수검사'!D16 -> 350 | F14: =C14*D14/1000000 -> 0.1225 | G14: =(C14+D14)*2/1000 -> 1.4 | H14: 1 | I14: =(G14+0.4) -> 1.8 | J14: 4 | Q14: =(((C14+60)+250+(D14+60))*2/1000)*2 -> 4.28 | R14: =Q14 -> 4.28 | S14: FS-MP25-0310-3 | T14: EZ F.B POSMAC Duct-VT-049 | U14: ='1. 소켓인수검사'!G16 -> 지하1층 Compressor
A15: ='1. 소켓인수검사'!A17 -> 09 | B15: E257 | C15: ='1. 소켓인수검사'!C17 -> 350 | D15: ='1. 소켓인수검사'!D17 -> 350 | F15: =C15*D15/1000000 -> 0.1225 | G15: =(C15+D15)*2/1000 -> 1.4 | H15: 1 | I15: =(G15+0.4) -> 1.8 | J15: 4 | Q15: =(((C15+60)+250+(D15+60))*2/1000)*2 -> 4.28 | R15: =Q15 -> 4.28 | S15: FS-MP25-0310-3 | T15: EZ F.B POSMAC Duct-VT-049 | U15: ='1. 소켓인수검사'!G17 -> 지하1층 Compressor
A16: ='1. 소켓인수검사'!A18 -> 10 | B16: E257 | C16: ='1. 소켓인수검사'!C18 -> 350 | D16: ='1. 소켓인수검사'!D18 -> 350 | F16: =C16*D16/1000000 -> 0.1225 | G16: =(C16+D16)*2/1000 -> 1.4 | H16: 1 | I16: =(G16+0.4) -> 1.8 | J16: 4 | Q16: =(((C16+60)+250+(D16+60))*2/1000)*2 -> 4.28 | R16: =Q16 -> 4.28 | S16: FS-MP25-0310-3 | T16: EZ F.B POSMAC Duct-VT-049 | U16: ='1. 소켓인수검사'!G18 -> 폐수관리층
A17: ='1. 소켓인수검사'!A19 -> 11 | B17: E257 | C17: ='1. 소켓인수검사'!C19 -> 350 | D17: ='1. 소켓인수검사'!D19 -> 350 | F17: =C17*D17/1000000 -> 0.1225 | G17: =(C17+D17)*2/1000 -> 1.4 | H17: 1 | I17: =(G17+0.4) -> 1.8 | J17: 4 | Q17: =(((C17+60)+250+(D17+60))*2/1000)*2 -> 4.28 | R17: =Q17 -> 4.28 | S17: FS-MP25-0310-3 | T17: EZ F.B POSMAC Duct-VT-049 | U17: ='1. 소켓인수검사'!G19 -> 폐수관리층
A18: ='1. 소켓인수검사'!A20 -> 12 | B18: E257 | C18: ='1. 소켓인수검사'!C20 -> 700 | D18: ='1. 소켓인수검사'!D20 -> 450 | F18: =C18*D18/1000000 -> 0.315 | G18: =(C18+D18)*2/1000 -> 2.3 | H18: 1 | I18: =(G18+0.4) -> 2.7 | J18: 4 | Q18: =(((C18+60)+250+(D18+60))*2/1000)*2 -> 6.08 | R18: =Q18 -> 6.08 | S18: FS-MP25-0310-3 | T18: EZ F.B POSMAC Duct-VT-049 | U18: ='1. 소켓인수검사'!G20 -> 3층화장실(PS-3)
... A21: ='1. 소켓인수검사'!A23 -> 15 | B21: E257 | C21: ='1. 소켓인수검사'!C23 -> 900 | D21: ='1. 소켓인수검사'!D23 -> 500 | F21: =C21*D21/1000000 -> 0.45 | G21: =(C21+D21)*2/1000 -> 2.8 | H21: 1 | I21: =(G21+0.4) -> 3.2 | J21: 4 | Q21: =(((C21+60)+250+(D21+60))*2/1000)*2 -> 7.08 | R21: =Q21 -> 7.08 | S21: FS-MP25-0310-3 | T21: EZ F.B POSMAC Duct-VT-049 | U21: ='1. 소켓인수검사'!G23 -> 저수조실(EF-02)
A22: ='1. 소켓인수검사'!A24 -> 16 | B22: E257 | C22: ='1. 소켓인수검사'!C24 -> 1000 | D22: ='1. 소켓인수검사'!D24 -> 500 | F22: =C22*D22/1000000 -> 0.5 | G22: =(C22+D22)*2/1000 -> 3 | H22: 1 | I22: =(G22+0.4) -> 3.4 | J22: 2 | M22: =G22+0.5 -> 3.5 | N22: 2 | Q22: =(((C22+60)+250+(D22+60))*2/1000)*2 -> 7.48 | R22: =Q22 -> 7.48 | S22: FS-MP25-0310-5 | T22: EZ F.B POSMAC Duct-VT-064 | U22: ='1. 소켓인수검사'!G24 -> 지하1층공동구
A23: ='1. 소켓인수검사'!A25 -> 17 | B23: E257 | C23: ='1. 소켓인수검사'!C25 -> 1700 | D23: ='1. 소켓인수검사'!D25 -> 1300 | F23: =C23*D23/1000000 -> 2.21 | G23: =(C23+D23)*2/1000 -> 6 | H23: 2 | I23: =(G23+0.4) -> 6.4 | J23: 2 | O23: =(G23+0.5) -> 6.5 | P23: 2 | Q23: =(((C23+60)+250+(D23+60))*2/1000)*2 -> 13.48 | R23: =Q23 -> 13.48 | S23: FS-MP25-0310-1 | T23: EZ F.B POSMAC Duct-VT-01 | U23: ='1. 소켓인수검사'!G25 -> TA덕트 샘플
A24: ='1. 소켓인수검사'!A26 -> 18 | B24: E257 | C24: ='1. 소켓인수검사'!C26 -> 1900 | D24: ='1. 소켓인수검사'!D26 -> 400 | F24: =C24*D24/1000000 -> 0.76 | G24: =(C24+D24)*2/1000 -> 4.6 | H24: 2 | I24: =(G24+0.4) -> 5 | J24: 2 | O24: =(G24+0.5) -> 5.1 | P24: 2 | Q24: =(((C24+60)+250+(D24+60))*2/1000)*2 -> 10.68 | R24: =Q24 -> 10.68 | S24: FS-MP25-0310-1 | T24: EZ F.B POSMAC Duct-VT-01 | U24: ='1. 소켓인수검사'!G26 -> 지하1층 공조실,Customer Part-2
A25: ='1. 소켓인수검사'!A27 -> 19 | B25: E257 | C25: ='1. 소켓인수검사'!C27 -> 1900 | D25: ='1. 소켓인수검사'!D27 -> 400 | F25: =C25*D25/1000000 -> 0.76 | G25: =(C25+D25)*2/1000 -> 4.6 | H25: 2 | I25: =(G25+0.4) -> 5 | J25: 2 | O25: =(G25+0.5) -> 5.1 | P25: 2 | Q25: =(((C25+60)+250+(D25+60))*2/1000)*2 -> 10.68 | R25: =Q25 -> 10.68 | S25: FS-MP25-0310-1 | T25: EZ F.B POSMAC Duct-VT-01 | U25: ='1. 소켓인수검사'!G27 -> 지하1층 공조실,Customer Part-2
A26: ='1. 소켓인수검사'!A28 -> 20 | B26: E257 | C26: ='1. 소켓인수검사'!C28 -> 1950 | D26: ='1. 소켓인수검사'!D28 -> 800 | F26: =C26*D26/1000000 -> 1.56 | G26: =(C26+D26)*2/1000 -> 5.5 | H26: 2 | I26: =(G26+0.4) -> 5.9 | J26: 2 | O26: =(G26+0.5) -> 6 | P26: 2 | Q26: =(((C26+60)+250+(D26+60))*2/1000)*2 -> 12.48 | R26: =Q26 -> 12.48 | S26: FS-MP25-0310-1 | T26: EZ F.B POSMAC Duct-VT-01 | U26: ='1. 소켓인수검사'!G28 -> 3층소형자동창고
A27: ='1. 소켓인수검사'!A29 -> 21 | B27: E257 | C27: ='1. 소켓인수검사'!C29 -> 3150 | D27: ='1. 소켓인수검사'!D29 -> 500 | F27: =C27*D27/1000000 -> 1.575 | G27: =(C27+D27)*2/1000 -> 7.3 | H27: 2 | I27: =(G27+0.4) -> 7.7 | J27: 2 | O27: =(G27+0.5) -> 7.8 | P27: 2 | Q27: =(((C27+60)+250+(D27+60))*2/1000)*2 -> 16.08 | R27: =Q27 -> 16.08 | S27: FS-MP25-0310-1 | T27: EZ F.B POSMAC Duct-VT-01 | U27: ='1. 소켓인수검사'!G29 -> 3층소형자동창고
A28: TTL | H28: =SUM(H7:H27) -> 26 | J28: =SUM(J7:J27) -> 72 | L28: =SUM(L7:L27) -> 0 | N28: =SUM(N7:N27) -> 2 | P28: =SUM(P7:P27) -> 10 | Q28: =SUM(Q7:Q27) -> 141.68 | R28: =SUM(R7:R27) -> 141.68
A30: 특이사항 및 조치사항
