Workbook

Sheet 1. 소켓인수검사
A1: 구조체작업지시서 | D1: =R2 -> 26.06.12 엘티엔지니어링_대현기건_신세계건설_트레이더스의정부 추가 | R1: 현장명
R2: 26.06.12 엘티엔지니어링_대현기건_신세계건설_트레이더스의정부 추가
A6: No | B6: 구조 | C6: 규격 | E6: 분할구조 | F6: 재고여부 | G6: 설치위치 | I6: *VM 200(1000*1000)기준
C7: 가로 | D7: 세로
A9: 01 | B9: VT-01 | C9: 2300 | D9: 1500 | E9: 2분할 | G9: 전기실 | Q9: CL036
A10: 02 | B10: VT-01 | C10: 2300 | D10: 1500 | E10: 2분할 | G10: 전기실 | Q10: CL037

Sheet 2.1 재단작업(VT)
E1: 재단작업지시서 (VT) | H1: ='1. 소켓인수검사'!R2 -> 26.06.12 엘티엔지니어링_대현기건_신세계건설_트레이더스의정부 추가
A5: No. | B5: 구조 | C5: 규격 | E5: 소켓 Lot | F5: 수량 | G5: 소켓내부용 | K5: 소켓외부용 | O5: 비고
C6: 가로 | D6: 세로 | G6: 가로 | I6: 세로 | K6: 상하 | M6: 좌우
G7: 규격 | H7: 수량(EA) | I7: 규격 | J7: 수량(EA) | K7: 규격 | L7: 수량 | M7: 규격 | N7: 수량
A8: ='1. 소켓인수검사'!A9 -> 01 | B8: VT-01 | C8: ='1. 소켓인수검사'!C9 -> 2300 | D8: ='1. 소켓인수검사'!D9 -> 1500 | F8: 1 | G8: =(C8-30)/2-5 -> 1130 | H8: =F8*8*2 -> 16 | I8: =(D8-20)/2-10 -> 730 | J8: =F8*16 -> 16 | K8: =C8+60 -> 2360 | L8: 4 | M8: =D8 -> 1500 | N8: 4 | O8: 2분할
A9: ='1. 소켓인수검사'!A10 -> 02 | B9: VT-01 | C9: ='1. 소켓인수검사'!C10 -> 2300 | D9: ='1. 소켓인수검사'!D10 -> 1500 | F9: 1 | G9: =(C9-30)/2-5 -> 1130 | H9: =F9*8*2 -> 16 | I9: =(D9-20)/2-10 -> 730 | J9: =F9*16 -> 16 | K9: =C9+60 -> 2360 | L9: 4 | M9: =D9 -> 1500 | N9: 4 | O9: 2분할
H10: =SUM(H8:H9) -> 32 | J10: =SUM(J8:J9) -> 32 | L10: =SUM(L8:L9) -> 8 | N10: =SUM(N8:N9) -> 8
A12: 특이사항 및 조치사항

Sheet 차열재 재단(VM,VT)
E1: 재단작업지시서차열재 | G1: ='1. 소켓인수검사'!R2 -> 26.06.12 엘티엔지니어링_대현기건_신세계건설_트레이더스의정부 추가
A5: No. | B5: 구조 | C5: 규격 | E5: 소켓 Lot | F5: 수량 | G5: 소켓외부용 | K5: 비고
C6: 가로 | D6: 세로 | G6: 상하 | I6: 좌우
G7: 규격 | H7: 수량 | I7: 규격 | J7: 수량
A8: ='1. 소켓인수검사'!A9 -> 01 | B8: VT-01 | C8: ='1. 소켓인수검사'!C9 -> 2300 | D8: ='1. 소켓인수검사'!D9 -> 1500 | F8: 1 | G8: =C8+60 -> 2360 | H8: 2 | I8: =D8 -> 1500 | J8: 2
A9: ='1. 소켓인수검사'!A10 -> 02 | B9: VT-01 | C9: ='1. 소켓인수검사'!C10 -> 2300 | D9: ='1. 소켓인수검사'!D10 -> 1500 | F9: 1 | G9: =C9+60 -> 2360 | H9: 2 | I9: =D9 -> 1500 | J9: 2
A10: 특이사항 및 조치사항

Sheet 3.2 절곡(VT)
E1: 절 곡 생 산 일 지(VT_브라켓)
A4: 설비번호
A5: 생산일자 | E5: 생산 시작 | H5: 작업자 | K5: 품명 | N5: ='1. 소켓인수검사'!R2 -> 26.06.12 엘티엔지니어링_대현기건_신세계건설_트레이더스의정부 추가
E6: 생산 종료
A8: No. | B8: 규격 | D8: 수량 (EA) | E8: 소켓 Lot | F8: 두께 | G8: 평철(mm) | P8: 비고
B9: 가로 | C9: 세로 | G9: 폭 | H9: 가로 | J9: 수량 확인 | K9: 세로 | O9: 수량 확인
H10: 규격 | I10: 수량(EA) | K10: 규격 | N10: 수량(EA)
A11: ='1. 소켓인수검사'!A9 -> 01 | B11: ='1. 소켓인수검사'!C9 -> 2300 | C11: ='1. 소켓인수검사'!D9 -> 1500 | D11: 1 | F11: 1.6 이상 | G11: 60mm | H11: =(B11-30)/2-1 -> 1134 | I11: =D11*8*2 -> 16 | K11: =(C11-20)/2-10-1 -> 729 | N11: =D11*16*2 -> 32 | P11: 2분할
A12: ='1. 소켓인수검사'!A10 -> 02 | B12: ='1. 소켓인수검사'!C10 -> 2300 | C12: ='1. 소켓인수검사'!D10 -> 1500 | D12: 1 | H12: =(B12-30)/2-1 -> 1134 | I12: =D12*8*2 -> 16 | K12: =(C12-20)/2-10-1 -> 729 | N12: =D12*16*2 -> 32 | P12: 2분할
A14: 특이사항 및 조치사항

Sheet 5. 차열재 출하용(VM,VT,VAG)
D1: 차열재생산일지(출하용)
A4: 설비번호
A5: 생산일자 | D5: 생산 시작 | G5: 작업자 | L5: 업 체 | O5: 업 체 | P5: ='1. 소켓인수검사'!R2 -> 26.06.12 엘티엔지니어링_대현기건_신세계건설_트레이더스의정부 추가
D6: 생산 종료
A8: No. | B8: 가로 | C8: 세로 | D8: 구조 | E8: 면적 | F8: 둘레 | G8: 글라스울 | J8: 차열재 | M8: 차열재 | P8: 차열재
G9: 25*1400 | H9: 수량 | I9: 소요량 | J9: 50*400 | K9: 수량 | L9: 소요량 | M9: 25*200 | N9: 수량 | O9: 소요량 | P9: 50*600 | Q9: 수량 | R9: 소요량
A10: ='1. 소켓인수검사'!A9 -> 01 | B10: ='1. 소켓인수검사'!C9 -> 2300 | C10: ='1. 소켓인수검사'!D9 -> 1500 | D10: VT-01 | E10: =B10*C10/1000000 -> 3.45 | F10: =(B10+C10)*2/1000 -> 7.6 | G10: =(F10+0.4) -> 8 | H10: 2 | I10: =G10*H10 -> 16 | P10: =F10+0.5 -> 8.1 | Q10: 2 | R10: =P10*Q10 -> 16.2
A11: ='1. 소켓인수검사'!A10 -> 02 | B11: ='1. 소켓인수검사'!C10 -> 2300 | C11: ='1. 소켓인수검사'!D10 -> 1500 | D11: VT-01 | E11: =B11*C11/1000000 -> 3.45 | F11: =(B11+C11)*2/1000 -> 7.6 | G11: =(F11+0.4) -> 8 | H11: 2 | I11: =G11*H11 -> 16 | P11: =F11+0.5 -> 8.1 | Q11: 2 | R11: =P11*Q11 -> 16.2
A12: 합계 | I12: =SUM(I10:I11) -> 32 | L12: =SUM(L10:L11) -> 0 | O12: =SUM(O10:O11) -> 0 | R12: =SUM(R10:S11) -> 32.4
A13: 글라스울 25T*1400*20M | G13: =I12/20 -> 1.6
A14: 차열재 50T*400*3.6M | G14: =L12/3.6 -> 0
A15: 차열재 25T*200*7.4M | G15: =O12/7.4 -> 0
A16: 차열재 50T*600*3.6M | G16: =R12/3.6 -> 9
A18: 특이사항 및 조치사항

Sheet 6. 라벨소요량
E1: 라벨소요량(행복산업_KEC 구미공장_251128) | F1: 라벨소요량 | K1: ='1. 소켓인수검사'!R2 -> 26.06.12 엘티엔지니어링_대현기건_신세계건설_트레이더스의정부 추가
A5: No. | B5: 제품 번호 | C5: 가로 | D5: 세로 | E5: 소켓 Lot | F5: 면적 | G5: 둘레 | H5: 방화 소켓 | I5: 글라스울 | K5: 차열재 | M5: 차열재 | O5: 차열재 | Q5: 플래싱 | S5: 인정번호 | T5: 품명 | U5: 설치위치
I6: 25* 1400 | J6: 수량 | K6: 25* 200 | L6: 수량 | M6: 50* 400 | N6: 수량 | O6: 50* 600 | P6: 수량 | Q6: 산출량 | R6: 총량
A7: ='1. 소켓인수검사'!A9 -> 01 | B7: E257 | C7: ='1. 소켓인수검사'!C9 -> 2300 | D7: ='1. 소켓인수검사'!D9 -> 1500 | F7: =C7*D7/1000000 -> 3.45 | G7: =(C7+D7)*2/1000 -> 7.6 | H7: 2 | I7: =(G7+0.4) -> 8 | J7: 2 | O7: =(G7+0.5) -> 8.1 | P7: 2 | Q7: =(((C7+60)+250+(D7+60))*2/1000)*2 -> 16.68 | R7: =Q7 -> 16.68 | S7: FS-MP25-0310-1 | T7: EZ F.B POSMAC Duct-VT-01 | U7: ='1. 소켓인수검사'!G9 -> 전기실
A8: ='1. 소켓인수검사'!A10 -> 02 | B8: E257 | C8: ='1. 소켓인수검사'!C10 -> 2300 | D8: ='1. 소켓인수검사'!D10 -> 1500 | F8: =C8*D8/1000000 -> 3.45 | G8: =(C8+D8)*2/1000 -> 7.6 | H8: 2 | I8: =(G8+0.4) -> 8 | J8: 2 | O8: =(G8+0.5) -> 8.1 | P8: 2 | Q8: =(((C8+60)+250+(D8+60))*2/1000)*2 -> 16.68 | R8: =Q8 -> 16.68 | S8: FS-MP25-0310-1 | T8: EZ F.B POSMAC Duct-VT-01 | U8: ='1. 소켓인수검사'!G10 -> 전기실
A9: TTL | H9: =SUM(H7:H8) -> 4 | J9: =SUM(J7:J8) -> 4 | L9: =SUM(L7:L8) -> 0 | N9: =SUM(N7:N8) -> 0 | P9: =SUM(P7:P8) -> 4 | Q9: =SUM(Q7:Q8) -> 33.36 | R9: =SUM(R7:R8) -> 33.36
A11: 특이사항 및 조치사항
