Workbook

Sheet 1. 소켓인수검사
A1: 구조체작업지시서 | D1: =R1 -> 26.06.02 씨에스_캐피탈랜드(입상) | R1: 26.06.02 씨에스_캐피탈랜드(입상)
A6: No | B6: 구조 | C6: 규격 | E6: 분할 | F6: 재고여부 | G6: 비고 | I6: *VM 200(1000*1000)기준
C7: 가로 | D7: 세로
A9: 01 | B9: HTG-064 | C9: 550 | D9: 400 | Q9: CI001
A10: 02 | B10: HTG-064 | C10: 550 | D10: 400 | Q10: CI002
A11: 03 | B11: HTG-064 | C11: 550 | D11: 400 | Q11: CI003
A12: 04 | B12: HTG-064 | C12: 550 | D12: 400 | Q12: CI004
A13: 05 | B13: HTG-064 | C13: 550 | D13: 400 | Q13: CI005
A14: 06 | B14: HTG-064 | C14: 550 | D14: 400 | Q14: CI006
A15: 07 | B15: HTG-064 | C15: 550 | D15: 400 | Q15: CI007
A16: 08 | B16: HTG-064 | C16: 550 | D16: 400 | Q16: CI008
A17: 09 | B17: HTG-064 | C17: 550 | D17: 400 | Q17: CI009
A18: 10 | B18: HTG-064 | C18: 550 | D18: 400 | Q18: CI010
A19: 11 | B19: HTG-064 | C19: 550 | D19: 400 | Q19: CI011
A20: 12 | B20: HTG-064 | C20: 550 | D20: 400 | Q20: CI012

Sheet 2.1 재단(1.69,064)
F2: 재단작업지시서 | J2: ='1. 소켓인수검사'!R1 -> 26.06.02 씨에스_캐피탈랜드(입상)
A5: No. | B5: 구조 | C5: 규격 | E5: 소켓 Lot | F5: 소켓내부용 | Q5: 차열시트 | AA5: 비고 | AB5: 15 | AC5: 50
C6: 가로 | D6: 세로 | F6: 상하(4T) | I6: 받침대(4T) | M6: 좌우(4T) | Q6: 틈새복합시트용 | U6: Z형 플래싱용 | AG6: z형 | AK6: 틈새
F7: 폭 | G7: 규격 | H7: 수량(EA) | I7: 폭 | J7: 규격 | L7: 수량(EA) | M7: 폭 | N7: 규격 | P7: 수량(EA) | Q7: 두께 | R7: 폭 | S7: 규격 | T7: 수량(EA) | U7: 두께 | V7: 폭 | W7: 규격 | Z7: 수량(EA) | AB7: 개구부W | AC7: 개구부H | AD7: Z둘레 | AE7: Z이론 | AF7: Z×로스 | AG7: Z올림 | AH7: H둘레 | AI7: H이론 | AJ7: H×로스 | AK7: H올림
A8: ='1. 소켓인수검사'!A9 -> 01 | B8: HTG-064 | C8: ='1. 소켓인수검사'!C9 -> 550 | D8: ='1. 소켓인수검사'!D9 -> 400 | F8: =255 -> 255 | G8: =C8-5 -> 545 | H8: =3*2 -> 6 | I8: 255 | M8: 255 | N8: =D8-35 -> 365 | P8: 2 | Q8: 4T | R8: 185 | S8: 1000 | T8: =+AK8*2 -> 6 | U8: 4T | V8: 125 | W8: 1000 | Z8: =+AG8 -> 3 | AB8: =C8+$AC$5*2 -> 650 | AC8: =D8+$AC$5*2 -> 500 | AD8: =(AB8+AC8)*2 -> 2300 | AE8: =AD8/1000 -> 2.3 | AF8: =AE8*(1+$AB$5/100) -> 2.645 | AG8: =CEILING(AF8,1) -> 3 | AH8: =D8*2+AB8*2 -> 2100 | AI8: =AH8/1000 -> 2.1 | AJ8: =AI8*(1+$AB$5/100) -> 2.415 | AK8: =CEILING(AJ8,1) -> 3
A9: ='1. 소켓인수검사'!A10 -> 02 | B9: HTG-064 | C9: ='1. 소켓인수검사'!C10 -> 550 | D9: ='1. 소켓인수검사'!D10 -> 400 | G9: =C9-5 -> 545 | H9: =3*2 -> 6 | N9: =D9-35 -> 365 | P9: 2 | T9: =+AK9*2 -> 6 | Z9: =+AG9 -> 3 | AB9: =C9+$AC$5*2 -> 650 | AC9: =D9+$AC$5*2 -> 500 | AD9: =(AB9+AC9)*2 -> 2300 | AE9: =AD9/1000 -> 2.3 | AF9: =AE9*(1+$AB$5/100) -> 2.645 | AG9: =CEILING(AF9,1) -> 3 | AH9: =D9*2+AB9*2 -> 2100 | AI9: =AH9/1000 -> 2.1 | AJ9: =AI9*(1+$AB$5/100) -> 2.415 | AK9: =CEILING(AJ9,1) -> 3
A10: ='1. 소켓인수검사'!A11 -> 03 | B10: HTG-064 | C10: ='1. 소켓인수검사'!C11 -> 550 | D10: ='1. 소켓인수검사'!D11 -> 400 | G10: =C10-5 -> 545 | H10: =3*2 -> 6 | N10: =D10-35 -> 365 | P10: 2 | T10: =+AK10*2 -> 6 | Z10: =+AG10 -> 3 | AB10: =C10+$AC$5*2 -> 650 | AC10: =D10+$AC$5*2 -> 500 | AD10: =(AB10+AC10)*2 -> 2300 | AE10: =AD10/1000 -> 2.3 | AF10: =AE10*(1+$AB$5/100) -> 2.645 | AG10: =CEILING(AF10,1) -> 3 | AH10: =D10*2+AB10*2 -> 2100 | AI10: =AH10/1000 -> 2.1 | AJ10: =AI10*(1+$AB$5/100) -> 2.415 | AK10: =CEILING(AJ10,1) -> 3
A11: ='1. 소켓인수검사'!A12 -> 04 | B11: HTG-064 | C11: ='1. 소켓인수검사'!C12 -> 550 | D11: ='1. 소켓인수검사'!D12 -> 400 | G11: =C11-5 -> 545 | H11: =3*2 -> 6 | N11: =D11-35 -> 365 | P11: 2 | T11: =+AK11*2 -> 6 | Z11: =+AG11 -> 3 | AB11: =C11+$AC$5*2 -> 650 | AC11: =D11+$AC$5*2 -> 500 | AD11: =(AB11+AC11)*2 -> 2300 | AE11: =AD11/1000 -> 2.3 | AF11: =AE11*(1+$AB$5/100) -> 2.645 | AG11: =CEILING(AF11,1) -> 3 | AH11: =D11*2+AB11*2 -> 2100 | AI11: =AH11/1000 -> 2.1 | AJ11: =AI11*(1+$AB$5/100) -> 2.415 | AK11: =CEILING(AJ11,1) -> 3
A12: ='1. 소켓인수검사'!A13 -> 05 | B12: HTG-064 | C12: ='1. 소켓인수검사'!C13 -> 550 | D12: ='1. 소켓인수검사'!D13 -> 400 | G12: =C12-5 -> 545 | H12: =3*2 -> 6 | N12: =D12-35 -> 365 | P12: 2 | T12: =+AK12*2 -> 6 | Z12: =+AG12 -> 3 | AB12: =C12+$AC$5*2 -> 650 | AC12: =D12+$AC$5*2 -> 500 | AD12: =(AB12+AC12)*2 -> 2300 | AE12: =AD12/1000 -> 2.3 | AF12: =AE12*(1+$AB$5/100) -> 2.645 | AG12: =CEILING(AF12,1) -> 3 | AH12: =D12*2+AB12*2 -> 2100 | AI12: =AH12/1000 -> 2.1 | AJ12: =AI12*(1+$AB$5/100) -> 2.415 | AK12: =CEILING(AJ12,1) -> 3
A13: ='1. 소켓인수검사'!A14 -> 06 | B13: HTG-064 | C13: ='1. 소켓인수검사'!C14 -> 550 | D13: ='1. 소켓인수검사'!D14 -> 400 | G13: =C13-5 -> 545 | H13: =3*2 -> 6 | N13: =D13-35 -> 365 | P13: 2 | T13: =+AK13*2 -> 6 | Z13: =+AG13 -> 3 | AB13: =C13+$AC$5*2 -> 650 | AC13: =D13+$AC$5*2 -> 500 | AD13: =(AB13+AC13)*2 -> 2300 | AE13: =AD13/1000 -> 2.3 | AF13: =AE13*(1+$AB$5/100) -> 2.645 | AG13: =CEILING(AF13,1) -> 3 | AH13: =D13*2+AB13*2 -> 2100 | AI13: =AH13/1000 -> 2.1 | AJ13: =AI13*(1+$AB$5/100) -> 2.415 | AK13: =CEILING(AJ13,1) -> 3
A14: ='1. 소켓인수검사'!A15 -> 07 | B14: HTG-064 | C14: ='1. 소켓인수검사'!C15 -> 550 | D14: ='1. 소켓인수검사'!D15 -> 400 | G14: =C14-5 -> 545 | H14: =3*2 -> 6 | N14: =D14-35 -> 365 | P14: 2 | T14: =+AK14*2 -> 6 | Z14: =+AG14 -> 3 | AB14: =C14+$AC$5*2 -> 650 | AC14: =D14+$AC$5*2 -> 500 | AD14: =(AB14+AC14)*2 -> 2300 | AE14: =AD14/1000 -> 2.3 | AF14: =AE14*(1+$AB$5/100) -> 2.645 | AG14: =CEILING(AF14,1) -> 3 | AH14: =D14*2+AB14*2 -> 2100 | AI14: =AH14/1000 -> 2.1 | AJ14: =AI14*(1+$AB$5/100) -> 2.415 | AK14: =CEILING(AJ14,1) -> 3
A15: ='1. 소켓인수검사'!A16 -> 08 | B15: HTG-064 | C15: ='1. 소켓인수검사'!C16 -> 550 | D15: ='1. 소켓인수검사'!D16 -> 400 | G15: =C15-5 -> 545 | H15: =3*2 -> 6 | N15: =D15-35 -> 365 | P15: 2 | T15: =+AK15*2 -> 6 | Z15: =+AG15 -> 3 | AB15: =C15+$AC$5*2 -> 650 | AC15: =D15+$AC$5*2 -> 500 | AD15: =(AB15+AC15)*2 -> 2300 | AE15: =AD15/1000 -> 2.3 | AF15: =AE15*(1+$AB$5/100) -> 2.645 | AG15: =CEILING(AF15,1) -> 3 | AH15: =D15*2+AB15*2 -> 2100 | AI15: =AH15/1000 -> 2.1 | AJ15: =AI15*(1+$AB$5/100) -> 2.415 | AK15: =CEILING(AJ15,1) -> 3
A16: ='1. 소켓인수검사'!A17 -> 09 | B16: HTG-064 | C16: ='1. 소켓인수검사'!C17 -> 550 | D16: ='1. 소켓인수검사'!D17 -> 400 | G16: =C16-5 -> 545 | H16: =3*2 -> 6 | N16: =D16-35 -> 365 | P16: 2 | T16: =+AK16*2 -> 6 | Z16: =+AG16 -> 3 | AB16: =C16+$AC$5*2 -> 650 | AC16: =D16+$AC$5*2 -> 500 | AD16: =(AB16+AC16)*2 -> 2300 | AE16: =AD16/1000 -> 2.3 | AF16: =AE16*(1+$AB$5/100) -> 2.645 | AG16: =CEILING(AF16,1) -> 3 | AH16: =D16*2+AB16*2 -> 2100 | AI16: =AH16/1000 -> 2.1 | AJ16: =AI16*(1+$AB$5/100) -> 2.415 | AK16: =CEILING(AJ16,1) -> 3
A17: ='1. 소켓인수검사'!A18 -> 10 | B17: HTG-064 | C17: ='1. 소켓인수검사'!C18 -> 550 | D17: ='1. 소켓인수검사'!D18 -> 400 | G17: =C17-5 -> 545 | H17: =3*2 -> 6 | N17: =D17-35 -> 365 | P17: 2 | T17: =+AK17*2 -> 6 | Z17: =+AG17 -> 3 | AB17: =C17+$AC$5*2 -> 650 | AC17: =D17+$AC$5*2 -> 500 | AD17: =(AB17+AC17)*2 -> 2300 | AE17: =AD17/1000 -> 2.3 | AF17: =AE17*(1+$AB$5/100) -> 2.645 | AG17: =CEILING(AF17,1) -> 3 | AH17: =D17*2+AB17*2 -> 2100 | AI17: =AH17/1000 -> 2.1 | AJ17: =AI17*(1+$AB$5/100) -> 2.415 | AK17: =CEILING(AJ17,1) -> 3
A18: ='1. 소켓인수검사'!A19 -> 11 | B18: HTG-064 | C18: ='1. 소켓인수검사'!C19 -> 550 | D18: ='1. 소켓인수검사'!D19 -> 400 | G18: =C18-5 -> 545 | H18: =3*2 -> 6 | N18: =D18-35 -> 365 | P18: 2 | T18: =+AK18*2 -> 6 | Z18: =+AG18 -> 3 | AB18: =C18+$AC$5*2 -> 650 | AC18: =D18+$AC$5*2 -> 500 | AD18: =(AB18+AC18)*2 -> 2300 | AE18: =AD18/1000 -> 2.3 | AF18: =AE18*(1+$AB$5/100) -> 2.645 | AG18: =CEILING(AF18,1) -> 3 | AH18: =D18*2+AB18*2 -> 2100 | AI18: =AH18/1000 -> 2.1 | AJ18: =AI18*(1+$AB$5/100) -> 2.415 | AK18: =CEILING(AJ18,1) -> 3
A19: ='1. 소켓인수검사'!A20 -> 12 | B19: HTG-064 | C19: ='1. 소켓인수검사'!C20 -> 550 | D19: ='1. 소켓인수검사'!D20 -> 400 | G19: =C19-5 -> 545 | H19: =3*2 -> 6 | N19: =D19-35 -> 365 | P19: 2 | T19: =+AK19*2 -> 6 | Z19: =+AG19 -> 3 | AB19: =C19+$AC$5*2 -> 650 | AC19: =D19+$AC$5*2 -> 500 | AD19: =(AB19+AC19)*2 -> 2300 | AE19: =AD19/1000 -> 2.3 | AF19: =AE19*(1+$AB$5/100) -> 2.645 | AG19: =CEILING(AF19,1) -> 3 | AH19: =D19*2+AB19*2 -> 2100 | AI19: =AH19/1000 -> 2.1 | AJ19: =AI19*(1+$AB$5/100) -> 2.415 | AK19: =CEILING(AJ19,1) -> 3
A20: 합계 | T20: =SUM(T8:T19) -> 72 | Z20: =SUM(Z8:Z19) -> 36
A22: 특이사항 및 조치사항 | D22: ※ 상하 : [상(3장)+하(3장)] * 소켓(2개) = 12개 ※ 받침대 : [2장/대] * 4곳 * 소켓(2개) = 16개 * 4T*255* 55M

Sheet 3.1 절곡(HTG1.69)(브라켓,보강대,받침대)
G1: 절곡작업지시서 | M1: ='1. 소켓인수검사'!R1 -> 26.06.02 씨에스_캐피탈랜드(입상)
A5: No. | C5: 규격 | E5: 수량 (EA) | F5: 소켓 Lot | G5: 평철(mm) | AO5: d | AP5: 평철(mm)
B6: 구조 | C6: 가로 | D6: 세로 | G6: 상하1 | K6: 상하2 | Q6: 좌우 | W6: 보강대 | AC6: 받침대1 | AI6: 받침대2 | AP6: 틈새강판(Z형) | AT6: 플래싱(Z형 강판)
G7: 두께 | H7: 폭 | I7: 규격 | J7: 수량 (EA) | K7: 두께 | L7: 폭 | M7: 규격 | P7: 수량(EA) | Q7: 두께 | R7: 폭 | S7: 규격 | V7: 수량(EA) | W7: 두께 | X7: 폭 | Y7: 규격 | AB7: 수량(EA) | AC7: 두께 | AD7: 폭 | AE7: 규격 | AH7: 수량(EA) | AI7: 두께 | AJ7: 폭 | AK7: 규격 | AN7: 수량(EA) | AP7: 두께 | AQ7: 폭 | AR7: 규격 | AS7: 수량 (EA) | AT7: 두께 | AU7: 폭 | AV7: 규격 | AY7: 수량(EA)
A8: ='1. 소켓인수검사'!A9 -> 01 | B8: HTG-064 | C8: ='1. 소켓인수검사'!C9 -> 550 | D8: ='1. 소켓인수검사'!D9 -> 400 | E8: 1 | G8: 0.6T | H8: 60 | I8: =(C8)-5 -> 545 | J8: 2 | K8: 0.6T | L8: 274 | M8: =C8-5 -> 545 | N8: =(#REF!-20)/2-10 -> #REF! | O8: =(#REF!-20)/2-10 -> #REF! | P8: 2 | Q8: 1.6T | R8: 60 | S8: =D8-35 -> 365 | T8: #REF! | U8: -19.5 | V8: 4 | W8: 1.6T | X8: 50 | Y8: =D8 -> 400 | Z8: =(F8-20)/2-10 -> -20 | AA8: =(G8-20)/2-10 -> #VALUE! | AB8: 3 | AC8: 0.6T | AI8: 0.6T | AP8: 0.5T | AQ8: 260 | AR8: 1000 | AS8: ='2.1 재단(1.69,064)'!T8/2 -> 3 | AT8: 0.5T | AU8: 310 | AV8: 1000 | AY8: ='2.1 재단(1.69,064)'!Z8 -> 3
A9: ='1. 소켓인수검사'!A10 -> 02 | B9: HTG-064 | C9: ='1. 소켓인수검사'!C10 -> 550 | D9: ='1. 소켓인수검사'!D10 -> 400 | E9: 1 | I9: =(C9)-5 -> 545 | J9: 2 | M9: =C9-5 -> 545 | N9: =(#REF!-20)/2-10 -> #REF! | O9: =(#REF!-20)/2-10 -> #REF! | P9: 2 | S9: =D9-35 -> 365 | T9: #REF! | U9: -19.5 | V9: 4 | Y9: =D9 -> 400 | Z9: =(F9-20)/2-10 -> -20 | AA9: =(G9-20)/2-10 -> -20 | AB9: 3 | AQ9: 260 | AR9: 1000 | AS9: ='2.1 재단(1.69,064)'!T9/2 -> 3 | AU9: 310 | AV9: 1000 | AY9: ='2.1 재단(1.69,064)'!Z9 -> 3
A10: ='1. 소켓인수검사'!A11 -> 03 | B10: HTG-064 | C10: ='1. 소켓인수검사'!C11 -> 550 | D10: ='1. 소켓인수검사'!D11 -> 400 | E10: 1 | I10: =(C10)-5 -> 545 | J10: 2 | M10: =C10-5 -> 545 | N10: =(#REF!-20)/2-10 -> #REF! | O10: =(#REF!-20)/2-10 -> #REF! | P10: 2 | S10: =D10-35 -> 365 | T10: #REF! | U10: -19.5 | V10: 4 | Y10: =D10 -> 400 | Z10: =(F10-20)/2-10 -> -20 | AA10: =(G10-20)/2-10 -> -20 | AB10: 3 | AQ10: 260 | AR10: 1000 | AS10: ='2.1 재단(1.69,064)'!T10/2 -> 3 | AU10: 310 | AV10: 1000 | AY10: ='2.1 재단(1.69,064)'!Z10 -> 3
A11: ='1. 소켓인수검사'!A12 -> 04 | B11: HTG-064 | C11: ='1. 소켓인수검사'!C12 -> 550 | D11: ='1. 소켓인수검사'!D12 -> 400 | E11: 1 | I11: =(C11)-5 -> 545 | J11: 2 | M11: =C11-5 -> 545 | N11: =(#REF!-20)/2-10 -> #REF! | O11: =(#REF!-20)/2-10 -> #REF! | P11: 2 | S11: =D11-35 -> 365 | T11: #REF! | U11: -19.5 | V11: 4 | Y11: =D11 -> 400 | Z11: =(F11-20)/2-10 -> -20 | AA11: =(G11-20)/2-10 -> -20 | AB11: 3 | AQ11: 260 | AR11: 1000 | AS11: ='2.1 재단(1.69,064)'!T11/2 -> 3 | AU11: 310 | AV11: 1000 | AY11: ='2.1 재단(1.69,064)'!Z11 -> 3
A12: ='1. 소켓인수검사'!A13 -> 05 | B12: HTG-064 | C12: ='1. 소켓인수검사'!C13 -> 550 | D12: ='1. 소켓인수검사'!D13 -> 400 | E12: 1 | I12: =(C12)-5 -> 545 | J12: 2 | M12: =C12-5 -> 545 | N12: =(#REF!-20)/2-10 -> #REF! | O12: =(#REF!-20)/2-10 -> #REF! | P12: 2 | S12: =D12-35 -> 365 | T12: #REF! | U12: -19.5 | V12: 4 | Y12: =D12 -> 400 | Z12: =(F12-20)/2-10 -> -20 | AA12: =(G12-20)/2-10 -> -20 | AB12: 3 | AQ12: 260 | AR12: 1000 | AS12: ='2.1 재단(1.69,064)'!T12/2 -> 3 | AU12: 310 | AV12: 1000 | AY12: ='2.1 재단(1.69,064)'!Z12 -> 3
A13: ='1. 소켓인수검사'!A14 -> 06 | B13: HTG-064 | C13: ='1. 소켓인수검사'!C14 -> 550 | D13: ='1. 소켓인수검사'!D14 -> 400 | E13: 1 | I13: =(C13)-5 -> 545 | J13: 2 | M13: =C13-5 -> 545 | N13: =(#REF!-20)/2-10 -> #REF! | O13: =(#REF!-20)/2-10 -> #REF! | P13: 2 | S13: =D13-35 -> 365 | T13: #REF! | U13: -19.5 | V13: 4 | Y13: =D13 -> 400 | Z13: =(F13-20)/2-10 -> -20 | AA13: =(G13-20)/2-10 -> -20 | AB13: 3 | AQ13: 260 | AR13: 1000 | AS13: ='2.1 재단(1.69,064)'!T13/2 -> 3 | AU13: 310 | AV13: 1000 | AY13: ='2.1 재단(1.69,064)'!Z13 -> 3
A14: ='1. 소켓인수검사'!A15 -> 07 | B14: HTG-064 | C14: ='1. 소켓인수검사'!C15 -> 550 | D14: ='1. 소켓인수검사'!D15 -> 400 | E14: 1 | I14: =(C14)-5 -> 545 | J14: 2 | M14: =C14-5 -> 545 | N14: =(#REF!-20)/2-10 -> #REF! | O14: =(#REF!-20)/2-10 -> #REF! | P14: 2 | S14: =D14-35 -> 365 | T14: #REF! | U14: -19.5 | V14: 4 | Y14: =D14 -> 400 | Z14: =(F14-20)/2-10 -> -20 | AA14: =(G14-20)/2-10 -> -20 | AB14: 3 | AQ14: 260 | AR14: 1000 | AS14: ='2.1 재단(1.69,064)'!T14/2 -> 3 | AU14: 310 | AV14: 1000 | AY14: ='2.1 재단(1.69,064)'!Z14 -> 3
A15: ='1. 소켓인수검사'!A16 -> 08 | B15: HTG-064 | C15: ='1. 소켓인수검사'!C16 -> 550 | D15: ='1. 소켓인수검사'!D16 -> 400 | E15: 1 | I15: =(C15)-5 -> 545 | J15: 2 | M15: =C15-5 -> 545 | N15: =(#REF!-20)/2-10 -> #REF! | O15: =(#REF!-20)/2-10 -> #REF! | P15: 2 | S15: =D15-35 -> 365 | T15: #REF! | U15: -19.5 | V15: 4 | Y15: =D15 -> 400 | Z15: =(F15-20)/2-10 -> -20 | AA15: =(G15-20)/2-10 -> -20 | AB15: 3 | AQ15: 260 | AR15: 1000 | AS15: ='2.1 재단(1.69,064)'!T15/2 -> 3 | AU15: 310 | AV15: 1000 | AY15: ='2.1 재단(1.69,064)'!Z15 -> 3
A16: ='1. 소켓인수검사'!A17 -> 09 | B16: HTG-064 | C16: ='1. 소켓인수검사'!C17 -> 550 | D16: ='1. 소켓인수검사'!D17 -> 400 | E16: 1 | I16: =(C16)-5 -> 545 | J16: 2 | M16: =C16-5 -> 545 | N16: =(#REF!-20)/2-10 -> #REF! | O16: =(#REF!-20)/2-10 -> #REF! | P16: 2 | S16: =D16-35 -> 365 | T16: #REF! | U16: -19.5 | V16: 4 | Y16: =D16 -> 400 | Z16: =(F16-20)/2-10 -> -20 | AA16: =(G16-20)/2-10 -> -20 | AB16: 3 | AQ16: 260 | AR16: 1000 | AS16: ='2.1 재단(1.69,064)'!T16/2 -> 3 | AU16: 310 | AV16: 1000 | AY16: ='2.1 재단(1.69,064)'!Z16 -> 3
A17: ='1. 소켓인수검사'!A18 -> 10 | B17: HTG-064 | C17: ='1. 소켓인수검사'!C18 -> 550 | D17: ='1. 소켓인수검사'!D18 -> 400 | E17: 1 | I17: =(C17)-5 -> 545 | J17: 2 | M17: =C17-5 -> 545 | N17: =(#REF!-20)/2-10 -> #REF! | O17: =(#REF!-20)/2-10 -> #REF! | P17: 2 | S17: =D17-35 -> 365 | T17: #REF! | U17: -19.5 | V17: 4 | Y17: =D17 -> 400 | Z17: =(F17-20)/2-10 -> -20 | AA17: =(G17-20)/2-10 -> -20 | AB17: 3 | AQ17: 260 | AR17: 1000 | AS17: ='2.1 재단(1.69,064)'!T17/2 -> 3 | AU17: 310 | AV17: 1000 | AY17: ='2.1 재단(1.69,064)'!Z17 -> 3
A18: ='1. 소켓인수검사'!A19 -> 11 | B18: HTG-064 | C18: ='1. 소켓인수검사'!C19 -> 550 | D18: ='1. 소켓인수검사'!D19 -> 400 | E18: 1 | I18: =(C18)-5 -> 545 | J18: 2 | M18: =C18-5 -> 545 | N18: =(#REF!-20)/2-10 -> #REF! | O18: =(#REF!-20)/2-10 -> #REF! | P18: 2 | S18: =D18-35 -> 365 | T18: #REF! | U18: -19.5 | V18: 4 | Y18: =D18 -> 400 | Z18: =(F18-20)/2-10 -> -20 | AA18: =(G18-20)/2-10 -> -20 | AB18: 3 | AQ18: 260 | AR18: 1000 | AS18: ='2.1 재단(1.69,064)'!T18/2 -> 3 | AU18: 310 | AV18: 1000 | AY18: ='2.1 재단(1.69,064)'!Z18 -> 3
A19: ='1. 소켓인수검사'!A20 -> 12 | B19: HTG-064 | C19: ='1. 소켓인수검사'!C20 -> 550 | D19: ='1. 소켓인수검사'!D20 -> 400 | E19: 1 | I19: =(C19)-5 -> 545 | J19: 2 | M19: =C19-5 -> 545 | N19: =(#REF!-20)/2-10 -> #REF! | O19: =(#REF!-20)/2-10 -> #REF! | P19: 2 | S19: =D19-35 -> 365 | T19: #REF! | U19: -19.5 | V19: 4 | Y19: =D19 -> 400 | Z19: =(F19-20)/2-10 -> -20 | AA19: =(G19-20)/2-10 -> -20 | AB19: 3 | AQ19: 260 | AR19: 1000 | AS19: ='2.1 재단(1.69,064)'!T19/2 -> 3 | AU19: 310 | AV19: 1000 | AY19: ='2.1 재단(1.69,064)'!Z19 -> 3
A20: TTL | J20: =SUM(J8:J19) -> 24 | P20: =SUM(P8:P19) -> 24 | V20: =SUM(V8:V19) -> 48 | AB20: =SUM(AB8:AB19) -> 36 | AH20: =SUM(AH8:AH19) -> 0 | AN20: =SUM(AN8:AN19) -> 0 | AS20: =SUM(AS8:AS19) -> 36 | AY20: =SUM(AY8:AY19) -> 36

Sheet 4. 차열재 소켓용 (수정)
E1: 차열재 생산일지(소켓외부용)
A4: 설비번호
A5: 생산일자 | E5: 생산 시작 | H5: 작업자 | K5: 업체 | M5: ='1. 소켓인수검사'!R1 -> 26.06.02 씨에스_캐피탈랜드(입상)
E6: 생산 종료
A8: No. | B8: 구조 | C8: 규격 | E8: 소켓 Lot | F8: 두께 | G8: 폭 | H8: 차열재(소켓용)(25T*300)(96K) | O8: 비고
C9: 가로 | D9: 세로 | H9: 상하 | J9: 좌우 | L9: Lot No
F10: 25 | G10: 300 | H10: 규격 | I10: 수량 | J10: 규격 | K10: 수량
A11: ='1. 소켓인수검사'!A9 -> 01 | B11: ='1. 소켓인수검사'!B9 -> HTG-064 | C11: ='1. 소켓인수검사'!C9 -> 550 | D11: ='1. 소켓인수검사'!D9 -> 400 | H11: =(C11+60) -> 610 | I11: 2 | J11: =D11 -> 400 | K11: 2
A12: ='1. 소켓인수검사'!A10 -> 02 | B12: ='1. 소켓인수검사'!B10 -> HTG-064 | C12: ='1. 소켓인수검사'!C10 -> 550 | D12: ='1. 소켓인수검사'!D10 -> 400 | H12: =(C12+60) -> 610 | I12: 2 | J12: =D12 -> 400 | K12: 2
A13: ='1. 소켓인수검사'!A11 -> 03 | B13: ='1. 소켓인수검사'!B11 -> HTG-064 | C13: ='1. 소켓인수검사'!C11 -> 550 | D13: ='1. 소켓인수검사'!D11 -> 400 | H13: =(C13+60) -> 610 | I13: 2 | J13: =D13 -> 400 | K13: 2
A14: ='1. 소켓인수검사'!A12 -> 04 | B14: ='1. 소켓인수검사'!B12 -> HTG-064 | C14: ='1. 소켓인수검사'!C12 -> 550 | D14: ='1. 소켓인수검사'!D12 -> 400 | H14: =(C14+60) -> 610 | I14: 2 | J14: =D14 -> 400 | K14: 2
A15: ='1. 소켓인수검사'!A13 -> 05 | B15: ='1. 소켓인수검사'!B13 -> HTG-064 | C15: ='1. 소켓인수검사'!C13 -> 550 | D15: ='1. 소켓인수검사'!D13 -> 400 | H15: =(C15+60) -> 610 | I15: 2 | J15: =D15 -> 400 | K15: 2
A16: ='1. 소켓인수검사'!A14 -> 06 | B16: ='1. 소켓인수검사'!B14 -> HTG-064 | C16: ='1. 소켓인수검사'!C14 -> 550 | D16: ='1. 소켓인수검사'!D14 -> 400 | H16: =(C16+60) -> 610 | I16: 2 | J16: =D16 -> 400 | K16: 2
A17: ='1. 소켓인수검사'!A15 -> 07 | B17: ='1. 소켓인수검사'!B15 -> HTG-064 | C17: ='1. 소켓인수검사'!C15 -> 550 | D17: ='1. 소켓인수검사'!D15 -> 400 | H17: =(C17+60) -> 610 | I17: 2 | J17: =D17 -> 400 | K17: 2
A18: ='1. 소켓인수검사'!A16 -> 08 | B18: ='1. 소켓인수검사'!B16 -> HTG-064 | C18: ='1. 소켓인수검사'!C16 -> 550 | D18: ='1. 소켓인수검사'!D16 -> 400 | H18: =(C18+60) -> 610 | I18: 2 | J18: =D18 -> 400 | K18: 2
A19: ='1. 소켓인수검사'!A17 -> 09 | B19: ='1. 소켓인수검사'!B17 -> HTG-064 | C19: ='1. 소켓인수검사'!C17 -> 550 | D19: ='1. 소켓인수검사'!D17 -> 400 | H19: =(C19+60) -> 610 | I19: 2 | J19: =D19 -> 400 | K19: 2
A20: ='1. 소켓인수검사'!A18 -> 10 | B20: ='1. 소켓인수검사'!B18 -> HTG-064 | C20: ='1. 소켓인수검사'!C18 -> 550 | D20: ='1. 소켓인수검사'!D18 -> 400 | H20: =(C20+60) -> 610 | I20: 2 | J20: =D20 -> 400 | K20: 2
A21: ='1. 소켓인수검사'!A19 -> 11 | B21: ='1. 소켓인수검사'!B19 -> HTG-064 | C21: ='1. 소켓인수검사'!C19 -> 550 | D21: ='1. 소켓인수검사'!D19 -> 400 | H21: =(C21+60) -> 610 | I21: 2 | J21: =D21 -> 400 | K21: 2
A22: ='1. 소켓인수검사'!A20 -> 12 | B22: ='1. 소켓인수검사'!B20 -> HTG-064 | C22: ='1. 소켓인수검사'!C20 -> 550 | D22: ='1. 소켓인수검사'!D20 -> 400 | H22: =(C22+60) -> 610 | I22: 2 | J22: =D22 -> 400 | K22: 2
A23: TTL | I23: =SUM(I11:I22) -> 24 | K23: =SUM(K11:K22) -> 24
A25: 특이사항 및 조치사항

Sheet 5. 차열재 출하용
D1: 차열재생산일지(출하용)
A4: 설비번호
A5: 생산일자 | D5: 생산 시작 | G5: 작업자 | J5: 작업자 | O5: 업 체 | P5: ='1. 소켓인수검사'!R1 -> 26.06.02 씨에스_캐피탈랜드(입상)
D6: 생산 종료
A8: No. | B8: 가로 | C8: 세로 | D8: 구조 | E8: 면적 | F8: 둘레 | G8: 그라스울 | M8: 차열재(96K) (틈새복합시트용) | P8: 차열재(96K) : 단열용
G9: 25*1400 | H9: 수량 | I9: 소요량 | J9: 25*1000 | K9: 수량 | L9: 소요량 | M9: 25*200 | N9: 수량 | O9: LOT NO | P9: 38*600 | Q9: 수량 | R9: 소요량 | S9: 50*600 | T9: 수량 | U9: 소요량
A10: =+'1. 소켓인수검사'!A9 -> 01 | B10: =+'1. 소켓인수검사'!C9 -> 550 | C10: =+'1. 소켓인수검사'!D9 -> 400 | D10: =+'1. 소켓인수검사'!B9 -> HTG-064 | E10: =B10*C10/1000000 -> 0.22 | F10: =(B10+C10)*2/1000 -> 1.9 | G10: =F10+0.4 -> 2.3 | H10: 1 | I10: =H10*G10 -> 2.3 | M10: 1 | N10: ='2.1 재단(1.69,064)'!T8/2 -> 3 | S10: =F10+0.5 -> 2.4 | T10: 1 | U10: =T10*S10 -> 2.4
A11: =+'1. 소켓인수검사'!A10 -> 02 | B11: =+'1. 소켓인수검사'!C10 -> 550 | C11: =+'1. 소켓인수검사'!D10 -> 400 | D11: =+'1. 소켓인수검사'!B10 -> HTG-064 | E11: =B11*C11/1000000 -> 0.22 | F11: =(B11+C11)*2/1000 -> 1.9 | G11: =F11+0.4 -> 2.3 | H11: 1 | I11: =H11*G11 -> 2.3 | M11: 1 | N11: ='2.1 재단(1.69,064)'!T9/2 -> 3 | S11: =F11+0.5 -> 2.4 | T11: 1 | U11: =T11*S11 -> 2.4
A12: =+'1. 소켓인수검사'!A11 -> 03 | B12: =+'1. 소켓인수검사'!C11 -> 550 | C12: =+'1. 소켓인수검사'!D11 -> 400 | D12: =+'1. 소켓인수검사'!B11 -> HTG-064 | E12: =B12*C12/1000000 -> 0.22 | F12: =(B12+C12)*2/1000 -> 1.9 | G12: =F12+0.4 -> 2.3 | H12: 1 | I12: =H12*G12 -> 2.3 | M12: 1 | N12: ='2.1 재단(1.69,064)'!T10/2 -> 3 | S12: =F12+0.5 -> 2.4 | T12: 1 | U12: =T12*S12 -> 2.4
A13: =+'1. 소켓인수검사'!A12 -> 04 | B13: =+'1. 소켓인수검사'!C12 -> 550 | C13: =+'1. 소켓인수검사'!D12 -> 400 | D13: =+'1. 소켓인수검사'!B12 -> HTG-064 | E13: =B13*C13/1000000 -> 0.22 | F13: =(B13+C13)*2/1000 -> 1.9 | G13: =F13+0.4 -> 2.3 | H13: 1 | I13: =H13*G13 -> 2.3 | M13: 1 | N13: ='2.1 재단(1.69,064)'!T11/2 -> 3 | S13: =F13+0.5 -> 2.4 | T13: 1 | U13: =T13*S13 -> 2.4
A14: =+'1. 소켓인수검사'!A13 -> 05 | B14: =+'1. 소켓인수검사'!C13 -> 550 | C14: =+'1. 소켓인수검사'!D13 -> 400 | D14: =+'1. 소켓인수검사'!B13 -> HTG-064 | E14: =B14*C14/1000000 -> 0.22 | F14: =(B14+C14)*2/1000 -> 1.9 | G14: =F14+0.4 -> 2.3 | H14: 1 | I14: =H14*G14 -> 2.3 | M14: 1 | N14: ='2.1 재단(1.69,064)'!T12/2 -> 3 | S14: =F14+0.5 -> 2.4 | T14: 1 | U14: =T14*S14 -> 2.4
A15: =+'1. 소켓인수검사'!A14 -> 06 | B15: =+'1. 소켓인수검사'!C14 -> 550 | C15: =+'1. 소켓인수검사'!D14 -> 400 | D15: =+'1. 소켓인수검사'!B14 -> HTG-064 | E15: =B15*C15/1000000 -> 0.22 | F15: =(B15+C15)*2/1000 -> 1.9 | G15: =F15+0.4 -> 2.3 | H15: 1 | I15: =H15*G15 -> 2.3 | M15: 1 | N15: ='2.1 재단(1.69,064)'!T13/2 -> 3 | S15: =F15+0.5 -> 2.4 | T15: 1 | U15: =T15*S15 -> 2.4
A16: =+'1. 소켓인수검사'!A15 -> 07 | B16: =+'1. 소켓인수검사'!C15 -> 550 | C16: =+'1. 소켓인수검사'!D15 -> 400 | D16: =+'1. 소켓인수검사'!B15 -> HTG-064 | E16: =B16*C16/1000000 -> 0.22 | F16: =(B16+C16)*2/1000 -> 1.9 | G16: =F16+0.4 -> 2.3 | H16: 1 | I16: =H16*G16 -> 2.3 | M16: 1 | N16: ='2.1 재단(1.69,064)'!T14/2 -> 3 | S16: =F16+0.5 -> 2.4 | T16: 1 | U16: =T16*S16 -> 2.4
A17: =+'1. 소켓인수검사'!A16 -> 08 | B17: =+'1. 소켓인수검사'!C16 -> 550 | C17: =+'1. 소켓인수검사'!D16 -> 400 | D17: =+'1. 소켓인수검사'!B16 -> HTG-064 | E17: =B17*C17/1000000 -> 0.22 | F17: =(B17+C17)*2/1000 -> 1.9 | G17: =F17+0.4 -> 2.3 | H17: 1 | I17: =H17*G17 -> 2.3 | M17: 1 | N17: ='2.1 재단(1.69,064)'!T15/2 -> 3 | S17: =F17+0.5 -> 2.4 | T17: 1 | U17: =T17*S17 -> 2.4
A18: =+'1. 소켓인수검사'!A17 -> 09 | B18: =+'1. 소켓인수검사'!C17 -> 550 | C18: =+'1. 소켓인수검사'!D17 -> 400 | D18: =+'1. 소켓인수검사'!B17 -> HTG-064 | E18: =B18*C18/1000000 -> 0.22 | F18: =(B18+C18)*2/1000 -> 1.9 | G18: =F18+0.4 -> 2.3 | H18: 1 | I18: =H18*G18 -> 2.3 | M18: 1 | N18: ='2.1 재단(1.69,064)'!T16/2 -> 3 | S18: =F18+0.5 -> 2.4 | T18: 1 | U18: =T18*S18 -> 2.4
A19: =+'1. 소켓인수검사'!A18 -> 10 | B19: =+'1. 소켓인수검사'!C18 -> 550 | C19: =+'1. 소켓인수검사'!D18 -> 400 | D19: =+'1. 소켓인수검사'!B18 -> HTG-064 | E19: =B19*C19/1000000 -> 0.22 | F19: =(B19+C19)*2/1000 -> 1.9 | G19: =F19+0.4 -> 2.3 | H19: 1 | I19: =H19*G19 -> 2.3 | M19: 1 | N19: ='2.1 재단(1.69,064)'!T17/2 -> 3 | S19: =F19+0.5 -> 2.4 | T19: 1 | U19: =T19*S19 -> 2.4
A20: =+'1. 소켓인수검사'!A19 -> 11 | B20: =+'1. 소켓인수검사'!C19 -> 550 | C20: =+'1. 소켓인수검사'!D19 -> 400 | D20: =+'1. 소켓인수검사'!B19 -> HTG-064 | E20: =B20*C20/1000000 -> 0.22 | F20: =(B20+C20)*2/1000 -> 1.9 | G20: =F20+0.4 -> 2.3 | H20: 1 | I20: =H20*G20 -> 2.3 | M20: 1 | N20: ='2.1 재단(1.69,064)'!T18/2 -> 3 | S20: =F20+0.5 -> 2.4 | T20: 1 | U20: =T20*S20 -> 2.4
A21: =+'1. 소켓인수검사'!A20 -> 12 | B21: =+'1. 소켓인수검사'!C20 -> 550 | C21: =+'1. 소켓인수검사'!D20 -> 400 | D21: =+'1. 소켓인수검사'!B20 -> HTG-064 | E21: =B21*C21/1000000 -> 0.22 | F21: =(B21+C21)*2/1000 -> 1.9 | G21: =F21+0.4 -> 2.3 | H21: 1 | I21: =H21*G21 -> 2.3 | M21: 1 | N21: ='2.1 재단(1.69,064)'!T19/2 -> 3 | S21: =F21+0.5 -> 2.4 | T21: 1 | U21: =T21*S21 -> 2.4
A22: 합계 | I22: =SUM(I10:I21) -> 27.6 | L22: =SUM(L10:L21) -> 0 | N22: =SUM(N10:N21) -> 36 | R22: =SUM(R10:R21) -> 0 | U22: =SUM(U10:U21) -> 28.8
A23: 그라스울(25*1400*20M) | G23: =I22/20 -> 1.38
A24: 그라스울(25*1000*20M) | G24: =L22/20 -> 0
A25: 차열재(38*600*4.8M) | G25: =R22/4.8 -> 0
A26: 차열재(50*600*3.6M) | G26: =U22/3.6 -> 8
A27: 특이사항 및 조치사항

Sheet 라벨소요량
E1: 라벨소요량(웰스홈_국립한국문학관(입상)_251203 ) | F1: 라벨소요량 | J1: ='1. 소켓인수검사'!R1 -> 26.06.02 씨에스_캐피탈랜드(입상)
A5: No. | B5: 구조 | C5: 가로 | D5: 세로 | E5: 소켓 Lot | F5: 면적 | G5: 둘레 | H5: 방화 소켓 | I5: 그라스울 | K5: 그라스울 | M5: 차열재 | O5: 차열재 | Q5: 플래싱(Z형) | S5: 플래싱시트(Z형) | U5: 틈새강판(Z형) | W5: 틈새복합시트 | Y5: 인정번호 | Z5: 품명 | AA5: 설치위치
I6: 25* 1400 | J6: 수량 | K6: 25* 1000 | L6: 수량 | M6: 38* 600 | N6: 수량 | O6: 50* 600 | P6: 수량 | Q6: 산출량 | R6: 총량 | S6: 산출량 | T6: 총량 | U6: 산출량 | V6: 총량 | W6: 산출량 | X6: 총량
A7: ='1. 소켓인수검사'!A9 -> 01 | B7: ='1. 소켓인수검사'!B9 -> HTG-064 | C7: ='1. 소켓인수검사'!C9 -> 550 | D7: ='1. 소켓인수검사'!D9 -> 400 | F7: =C7*D7/1000000 -> 0.22 | G7: =(C7+D7)*2/1000 -> 1.9 | H7: 1 | I7: =(G7+0.4) -> 2.3 | J7: 1 | O7: =G7+0.5 -> 2.4 | P7: =1 -> 1 | Q7: ='2.1 재단(1.69,064)'!Z8 -> 3 | R7: =Q7 -> 3 | S7: ='2.1 재단(1.69,064)'!Z8 -> 3 | T7: =S7 -> 3 | U7: ='2.1 재단(1.69,064)'!T8/2 -> 3 | V7: =U7 -> 3 | W7: ='2.1 재단(1.69,064)'!T8/2 -> 3 | X7: =W7 -> 3 | Y7: FS-MP25-0910-05 | Z7: EZ F.B POSMAC Duct-HTG-064 | AA7: ='1. 소켓인수검사'!G9 -> 0
A8: ='1. 소켓인수검사'!A10 -> 02 | B8: ='1. 소켓인수검사'!B10 -> HTG-064 | C8: ='1. 소켓인수검사'!C10 -> 550 | D8: ='1. 소켓인수검사'!D10 -> 400 | F8: =C8*D8/1000000 -> 0.22 | G8: =(C8+D8)*2/1000 -> 1.9 | H8: 1 | I8: =(G8+0.4) -> 2.3 | J8: 1 | O8: =I8+0.5 -> 2.8 | P8: =1 -> 1 | Q8: ='2.1 재단(1.69,064)'!Z9 -> 3 | R8: =Q8 -> 3 | S8: ='2.1 재단(1.69,064)'!Z9 -> 3 | T8: =S8 -> 3 | U8: ='2.1 재단(1.69,064)'!T9/2 -> 3 | V8: =U8 -> 3 | W8: ='2.1 재단(1.69,064)'!T9/2 -> 3 | X8: =W8 -> 3 | Y8: FS-MP25-0910-05 | Z8: EZ F.B POSMAC Duct-HTG-064 | AA8: ='1. 소켓인수검사'!G10 -> 0
A9: ='1. 소켓인수검사'!A11 -> 03 | B9: ='1. 소켓인수검사'!B11 -> HTG-064 | C9: ='1. 소켓인수검사'!C11 -> 550 | D9: ='1. 소켓인수검사'!D11 -> 400 | F9: =C9*D9/1000000 -> 0.22 | G9: =(C9+D9)*2/1000 -> 1.9 | H9: 1 | I9: =(G9+0.4) -> 2.3 | J9: 1 | O9: =I9+0.5 -> 2.8 | P9: 1 | Q9: ='2.1 재단(1.69,064)'!Z10 -> 3 | R9: =Q9 -> 3 | S9: ='2.1 재단(1.69,064)'!Z10 -> 3 | T9: =S9 -> 3 | U9: ='2.1 재단(1.69,064)'!T10/2 -> 3 | V9: =U9 -> 3 | W9: ='2.1 재단(1.69,064)'!T10/2 -> 3 | X9: =W9 -> 3 | Y9: FS-MP25-0910-05 | Z9: EZ F.B POSMAC Duct-HTG-064 | AA9: ='1. 소켓인수검사'!G11 -> 0
A10: ='1. 소켓인수검사'!A12 -> 04 | B10: ='1. 소켓인수검사'!B12 -> HTG-064 | C10: ='1. 소켓인수검사'!C12 -> 550 | D10: ='1. 소켓인수검사'!D12 -> 400 | F10: =C10*D10/1000000 -> 0.22 | G10: =(C10+D10)*2/1000 -> 1.9 | H10: 1 | I10: =(G10+0.4) -> 2.3 | J10: 1 | O10: =I10+0.5 -> 2.8 | P10: =1 -> 1 | Q10: ='2.1 재단(1.69,064)'!Z11 -> 3 | R10: =Q10 -> 3 | S10: ='2.1 재단(1.69,064)'!Z11 -> 3 | T10: =S10 -> 3 | U10: ='2.1 재단(1.69,064)'!T11/2 -> 3 | V10: =U10 -> 3 | W10: ='2.1 재단(1.69,064)'!T11/2 -> 3 | X10: =W10 -> 3 | Y10: FS-MP25-0910-05 | Z10: EZ F.B POSMAC Duct-HTG-064 | AA10: ='1. 소켓인수검사'!G12 -> 0
A11: ='1. 소켓인수검사'!A13 -> 05 | B11: ='1. 소켓인수검사'!B13 -> HTG-064 | C11: ='1. 소켓인수검사'!C13 -> 550 | D11: ='1. 소켓인수검사'!D13 -> 400 | F11: =C11*D11/1000000 -> 0.22 | G11: =(C11+D11)*2/1000 -> 1.9 | H11: 1 | I11: =(G11+0.4) -> 2.3 | J11: 1 | O11: =I11+0.5 -> 2.8 | P11: 1 | Q11: ='2.1 재단(1.69,064)'!Z12 -> 3 | R11: =Q11 -> 3 | S11: ='2.1 재단(1.69,064)'!Z12 -> 3 | T11: =S11 -> 3 | U11: ='2.1 재단(1.69,064)'!T12/2 -> 3 | V11: =U11 -> 3 | W11: ='2.1 재단(1.69,064)'!T12/2 -> 3 | X11: =W11 -> 3 | Y11: FS-MP25-0910-05 | Z11: EZ F.B POSMAC Duct-HTG-064 | AA11: ='1. 소켓인수검사'!G13 -> 0
A12: ='1. 소켓인수검사'!A14 -> 06 | B12: ='1. 소켓인수검사'!B14 -> HTG-064 | C12: ='1. 소켓인수검사'!C14 -> 550 | D12: ='1. 소켓인수검사'!D14 -> 400 | F12: =C12*D12/1000000 -> 0.22 | G12: =(C12+D12)*2/1000 -> 1.9 | H12: 1 | I12: =(G12+0.4) -> 2.3 | J12: 1 | O12: =I12+0.5 -> 2.8 | P12: =1 -> 1 | Q12: ='2.1 재단(1.69,064)'!Z13 -> 3 | R12: =Q12 -> 3 | S12: ='2.1 재단(1.69,064)'!Z13 -> 3 | T12: =S12 -> 3 | U12: ='2.1 재단(1.69,064)'!T13/2 -> 3 | V12: =U12 -> 3 | W12: ='2.1 재단(1.69,064)'!T13/2 -> 3 | X12: =W12 -> 3 | Y12: FS-MP25-0910-05 | Z12: EZ F.B POSMAC Duct-HTG-064 | AA12: ='1. 소켓인수검사'!G14 -> 0
A13: ='1. 소켓인수검사'!A15 -> 07 | B13: ='1. 소켓인수검사'!B15 -> HTG-064 | C13: ='1. 소켓인수검사'!C15 -> 550 | D13: ='1. 소켓인수검사'!D15 -> 400 | F13: =C13*D13/1000000 -> 0.22 | G13: =(C13+D13)*2/1000 -> 1.9 | H13: 1 | I13: =(G13+0.4) -> 2.3 | J13: 1 | O13: =I13+0.5 -> 2.8 | P13: 1 | Q13: ='2.1 재단(1.69,064)'!Z14 -> 3 | R13: =Q13 -> 3 | S13: ='2.1 재단(1.69,064)'!Z14 -> 3 | T13: =S13 -> 3 | U13: ='2.1 재단(1.69,064)'!T14/2 -> 3 | V13: =U13 -> 3 | W13: ='2.1 재단(1.69,064)'!T14/2 -> 3 | X13: =W13 -> 3 | Y13: FS-MP25-0910-05 | Z13: EZ F.B POSMAC Duct-HTG-064 | AA13: ='1. 소켓인수검사'!G15 -> 0
A14: ='1. 소켓인수검사'!A16 -> 08 | B14: ='1. 소켓인수검사'!B16 -> HTG-064 | C14: ='1. 소켓인수검사'!C16 -> 550 | D14: ='1. 소켓인수검사'!D16 -> 400 | F14: =C14*D14/1000000 -> 0.22 | G14: =(C14+D14)*2/1000 -> 1.9 | H14: 1 | I14: =(G14+0.4) -> 2.3 | J14: 1 | O14: =I14+0.5 -> 2.8 | P14: =1 -> 1 | Q14: ='2.1 재단(1.69,064)'!Z15 -> 3 | R14: =Q14 -> 3 | S14: ='2.1 재단(1.69,064)'!Z15 -> 3 | T14: =S14 -> 3 | U14: ='2.1 재단(1.69,064)'!T15/2 -> 3 | V14: =U14 -> 3 | W14: ='2.1 재단(1.69,064)'!T15/2 -> 3 | X14: =W14 -> 3 | Y14: FS-MP25-0910-05 | Z14: EZ F.B POSMAC Duct-HTG-064 | AA14: ='1. 소켓인수검사'!G16 -> 0
A15: ='1. 소켓인수검사'!A17 -> 09 | B15: ='1. 소켓인수검사'!B17 -> HTG-064 | C15: ='1. 소켓인수검사'!C17 -> 550 | D15: ='1. 소켓인수검사'!D17 -> 400 | F15: =C15*D15/1000000 -> 0.22 | G15: =(C15+D15)*2/1000 -> 1.9 | H15: 1 | I15: =(G15+0.4) -> 2.3 | J15: 1 | O15: =I15+0.5 -> 2.8 | P15: 1 | Q15: ='2.1 재단(1.69,064)'!Z16 -> 3 | R15: =Q15 -> 3 | S15: ='2.1 재단(1.69,064)'!Z16 -> 3 | T15: =S15 -> 3 | U15: ='2.1 재단(1.69,064)'!T16/2 -> 3 | V15: =U15 -> 3 | W15: ='2.1 재단(1.69,064)'!T16/2 -> 3 | X15: =W15 -> 3 | Y15: FS-MP25-0910-05 | Z15: EZ F.B POSMAC Duct-HTG-064 | AA15: ='1. 소켓인수검사'!G17 -> 0
A16: ='1. 소켓인수검사'!A18 -> 10 | B16: ='1. 소켓인수검사'!B18 -> HTG-064 | C16: ='1. 소켓인수검사'!C18 -> 550 | D16: ='1. 소켓인수검사'!D18 -> 400 | F16: =C16*D16/1000000 -> 0.22 | G16: =(C16+D16)*2/1000 -> 1.9 | H16: 1 | I16: =(G16+0.4) -> 2.3 | J16: 1 | O16: =I16+0.5 -> 2.8 | P16: =1 -> 1 | Q16: ='2.1 재단(1.69,064)'!Z17 -> 3 | R16: =Q16 -> 3 | S16: ='2.1 재단(1.69,064)'!Z17 -> 3 | T16: =S16 -> 3 | U16: ='2.1 재단(1.69,064)'!T17/2 -> 3 | V16: =U16 -> 3 | W16: ='2.1 재단(1.69,064)'!T17/2 -> 3 | X16: =W16 -> 3 | Y16: FS-MP25-0910-05 | Z16: EZ F.B POSMAC Duct-HTG-064 | AA16: ='1. 소켓인수검사'!G18 -> 0
A17: ='1. 소켓인수검사'!A19 -> 11 | B17: ='1. 소켓인수검사'!B19 -> HTG-064 | C17: ='1. 소켓인수검사'!C19 -> 550 | D17: ='1. 소켓인수검사'!D19 -> 400 | F17: =C17*D17/1000000 -> 0.22 | G17: =(C17+D17)*2/1000 -> 1.9 | H17: 1 | I17: =(G17+0.4) -> 2.3 | J17: 1 | O17: =I17+0.5 -> 2.8 | P17: 1 | Q17: ='2.1 재단(1.69,064)'!Z18 -> 3 | R17: =Q17 -> 3 | S17: ='2.1 재단(1.69,064)'!Z18 -> 3 | T17: =S17 -> 3 | U17: ='2.1 재단(1.69,064)'!T18/2 -> 3 | V17: =U17 -> 3 | W17: ='2.1 재단(1.69,064)'!T18/2 -> 3 | X17: =W17 -> 3 | Y17: FS-MP25-0910-05 | Z17: EZ F.B POSMAC Duct-HTG-064 | AA17: ='1. 소켓인수검사'!G19 -> 0
A18: ='1. 소켓인수검사'!A20 -> 12 | B18: ='1. 소켓인수검사'!B20 -> HTG-064 | C18: ='1. 소켓인수검사'!C20 -> 550 | D18: ='1. 소켓인수검사'!D20 -> 400 | F18: =C18*D18/1000000 -> 0.22 | G18: =(C18+D18)*2/1000 -> 1.9 | H18: 1 | I18: =(G18+0.4) -> 2.3 | J18: 1 | O18: =I18+0.5 -> 2.8 | P18: =1 -> 1 | Q18: ='2.1 재단(1.69,064)'!Z19 -> 3 | R18: =Q18 -> 3 | S18: ='2.1 재단(1.69,064)'!Z19 -> 3 | T18: =S18 -> 3 | U18: ='2.1 재단(1.69,064)'!T19/2 -> 3 | V18: =U18 -> 3 | W18: ='2.1 재단(1.69,064)'!T19/2 -> 3 | X18: =W18 -> 3 | Y18: FS-MP25-0910-05 | Z18: EZ F.B POSMAC Duct-HTG-064 | AA18: ='1. 소켓인수검사'!G20 -> 0
A19: TTL | H19: =SUM(H7:H18) -> 12 | J19: =SUM(J7:J18) -> 12 | L19: =SUM(L7:L18) -> 0 | N19: =SUM(N7:N18) -> 0 | P19: =SUM(P7:P18) -> 12 | R19: =SUM(R7:R18) -> 36 | T19: =SUM(T7:T18) -> 36 | V19: =SUM(V7:V18) -> 36 | X19: =SUM(X7:X18) -> 36
A21: 특이사항 및 조치사항
